<?xml version="1.0" encoding="utf-8"?>
<law xmlns:xs="http://www.w3.org/2001/XMLSchema" xmlns:orig="http://StatRev.xsd"
     xmlns:fn="http://localhost/">
   <structure>
      <unit label="title" identifier="62.1" level="1">Waters Of The State, Ports And Harbors</unit>
      <unit label="chapter" identifier="3.1" level="2">State Water Control Law</unit>
      <unit label="article" identifier="2.4" level="3">Erosion And Sediment Control Law</unit>
   </structure>
   <section_number>62.1-44.15:60</section_number>
   <catch_line>(For effective date -- see notes) Right of entry</catch_line>
   <history>2012, cc. 785, 819, § 10.1-566.2; 2013, cc. 756, 793; 2016, cc. 68, 758.</history>
   <text>In addition to the Board's authority set forth in § 62.1-44.20, a locality serving as a VESCP authority or any duly authorized agent thereof may, at reasonable times and under reasonable circumstances, enter any establishment or upon any property, public or private, for the purpose of obtaining information or conducting surveys or investigations necessary in the enforcement of the provisions of this article.In accordance with a performance bond with surety, cash escrow, letter of credit, any combination thereof, or such other legal arrangement, a VESCP authority may also enter any establishment or upon any property, public or private, for the purpose of initiating or maintaining appropriate actions that are required by the conditions imposed by the VESCP authority on a land-disturbing activity when an owner, after proper notice, has failed to take acceptable action within the time specified.</text>
</law>