<?xml version="1.0" encoding="utf-8"?>
<law xmlns:xs="http://www.w3.org/2001/XMLSchema" xmlns:orig="http://StatRev.xsd"
     xmlns:fn="http://localhost/">
   <structure>
      <unit label="title" identifier="28.2" level="1">Fisheries And Habitat Of The Tidal Waters</unit>
      <unit label="subtitle" identifier="II" level="2">Tidal Fisheries</unit>
      <unit label="chapter" identifier="8" level="3">Health And Sanitation Provisions</unit>
      <unit label="article" identifier="2" level="4">Control Of Crustacea, Finfish And Shellfish; Violations And Penalties</unit>
   </structure>
   <section_number>28.2-807</section_number>
   <catch_line>Condemnation of polluted growing area; procedure</catch_line>
   <history>Code 1950, § 28-161; 1962, c. 406, § 28.1-177; 1979, c. 714; 1992, c. 836.</history>
   <text>If, after examination of the crustacea, finfish or shellfish in a growing area, or the bottom in or adjacent to such area, or the water over such area, or the sanitary or pollution conditions adjacent to or in near proximity to a growing area, the State Health Commissioner determines that the crustacea, finfish or shellfish are unfit for market, he shall, after notifying the Commissioner of Marine Resources, establish boundaries of the area in which the crustacea, finfish or shellfish are located or planted. This area shall be condemned and remain so until the Health Commissioner finds such crustacea, finfish or shellfish, or area, sanitary and not polluted.  The Commissioner of Marine Resources, with instructions from the State Health Commissioner, shall erect markers or signs designating condemned areas.  The necessary markers or signs shall be supplied to the Commissioner of Marine Resources by the State Health Commissioner.</text>
</law>