<?xml version="1.0" encoding="utf-8"?>
<law xmlns:xs="http://www.w3.org/2001/XMLSchema" xmlns:orig="http://StatRev.xsd"
     xmlns:fn="http://localhost/">
   <structure>
      <unit label="title" identifier="54.1" level="1">Professions And Occupations</unit>
      <unit label="subtitle" identifier="III" level="2">Professions And Occupations Regulated By Boards Within The Department Of Health Professions</unit>
      <unit label="chapter" identifier="34" level="3">Drug Control Act</unit>
      <unit label="article" identifier="5" level="4">Standards And Schedules</unit>
   </structure>
   <section_number>54.1-3444</section_number>
   <catch_line>Controlled substances included by whatever name designated</catch_line>
   <history>1972, c. 798, § 54-524.84:2; 1988, c. 765.</history>
   <text>The controlled substances listed or to be listed in the schedules in this chapter are included by whatever official, common, usual, chemical, or trade name designated.</text>
</law>