<?xml version="1.0" encoding="utf-8"?>
<law xmlns:xs="http://www.w3.org/2001/XMLSchema" xmlns:orig="http://StatRev.xsd"
     xmlns:fn="http://localhost/">
   <structure>
      <unit label="title" identifier="2.2" level="1">Administration Of Government</unit>
      <unit label="subtitle" identifier="I" level="2">Organization Of State Government</unit>
      <unit label="part" identifier="A" level="3">Office Of The Governor</unit>
      <unit label="chapter" identifier="2" level="4">Governor's Secretaries</unit>
      <unit label="article" identifier="8" level="5">Secretary Of Public Safety And Homeland Security</unit>
   </structure>
   <section_number>2.2-222.1</section_number>
   <catch_line>Secretary to oversee and monitor the development, maintenance, and implementation of a comprehensive and measureable homeland security strategy for the Commonwealth</catch_line>
   <history>2014, cc. 115, 490.</history>
   <text>
      <section prefix="A"> The Secretary shall ensure that, consistent with the National Incident Management System (NIMS), the Commonwealth implements a continuous cycle of planning, organizing, training, equipping, exercising, evaluating, and taking corrective action pursuant to securing the Commonwealth at both the state and local level against man-made and natural disasters. To that end, the Secretary shall take action to assign responsibility among agencies, jurisdictions, and subdivisions of the Commonwealth to effect the highest state of readiness posed by both man-made and natural disasters. In doing so, the Secretary shall ensure that preparedness initiatives will be effectively and efficiently coordinated, implemented, and monitored.</section>
      <section prefix="B"> The Secretary shall also oversee and monitor the development, maintenance, and implementation of a comprehensive and measurable homeland security strategy for the Commonwealth. To ensure a comprehensive strategy, the Secretary shall coordinate the homeland security strategy with all state and local, public and private, councils that have a homeland security focus within the Commonwealth. The strategy shall ensure that the Commonwealth's homeland security programs are resourced, executed, and assessed according to well-defined and relevant Commonwealth homeland security requirements. In support of the strategy, the Secretary shall provide oversight of the designated State Administrative Agency (SAA) for homeland security to ensure that applications for grant funds by state agencies or local governments describe well-defined requirements for planning, organizing, training, equipping, exercising, evaluating, and taking corrective action measures essential to Commonwealth security.</section>
      <section prefix="C"> The Secretary shall ensure that the homeland security strategy is fully incorporated into the Secure Commonwealth Plan. In the development of the Secure Commonwealth Plan, the Secretary shall (i) designate a state proponent for each goal in the Secure Commonwealth Plan required within the Commonwealth homeland security strategy; (ii) identify which state agencies shall have responsibility for prevention, protection, mitigation, response, and recovery requirements associated with each goal in the Secure Commonwealth Plan; (iii) prescribe metrics to those state agencies to quantify readiness for man-made and natural disasters; (iv) ensure that state agencies follow rigorous planning practices; and (v) conduct annual reviews and updates to ensure planning, organizing, training, equipping, exercising, evaluating, and taking corrective action is fully implemented at state and local levels of government.</section>
      <section prefix="D"> The Secretary shall develop annually the Commonwealth Threat Hazard Identification and Risk Assessment (C-THIRA) Report to identify threats and hazards and determine capability targets and resource requirements necessary to address anticipated and unanticipated risks to state and local preparedness. The C-THIRA Report shall (i) identify a list of the threats and hazards of primary concern to the Commonwealth; (ii) describe the threats and hazards of concern, showing how they may affect the Commonwealth; (iii) assess each threat and hazard in context to develop a specific capability target for each core capability consistent with federal National Preparedness Goals; and (iv) estimate the resources required to achieve the capability targets through the use of community assets and mutual aid, while also considering preparedness activities, including mitigation opportunities. Additionally, the C-THIRA Report shall assess the Commonwealth's state of planning, organizing, training, equipping, exercising, evaluating, and ability to take corrective action as well as any shortfalls in these areas. The C-THIRA Report shall also serve as the Commonwealth's strategic approach to improving future preparedness and shall be delivered to the Chairmen of the Senate Committees on Finance and for Courts of Justice and the Chairmen of the House Committees on Appropriations and Militia, Police and Public Safety no later than November 1 of each year.</section>
      <section prefix="E"> The Secretary shall ensure that state agencies develop and maintain rigorously developed response plans in support of the Commonwealth of Virginia Emergency Operations Plan (COVEOP). The Secretary shall designate the Virginia Department of Emergency Management (VDEM) as the primary agent to ensure that state agencies are compliant with the COVEOP. The Secretary shall further require that VDEM ensure the development of state agency and local disaster response plans and procedures, and monitor the status and quality of those plans on a cyclical basis to establish that they are feasible and suitable and can be implemented with available resources.</section>
      <section prefix="F"> The Secretary shall be responsible for the coordination and development of state and local shelter, evacuation, traffic, and refuge of last resort planning. The Secretary shall ensure that jurisdictions and subdivisions of the Commonwealth have adequate shelter, evacuation, traffic, and refuge of last resort plans to support emergency evacuation in the event of a man-made or natural disaster. To that end, the Secretary shall direct VDEM to monitor, review, and evaluate on a cyclical basis all shelter, evacuation, traffic, and refuge of last resort plans to ensure they are feasible and suitable and can be implemented with available resources.</section>
      <section prefix="G"> The Secretary shall also ensure that plans for protecting public critical infrastructure are both developed and fully implemented by those state agencies, jurisdictions, and subdivisions of the Commonwealth with responsibility for critical infrastructure protection. The Secretary shall report deficiencies in securing critical infrastructure annually as part of the Commonwealth's C-THIRA Report.</section>
      <section prefix="H"> The Secretary is authorized, consistent with federal and state law and procurement regulations thereof, to contract for private and public sector services in homeland security and emergency management to enable, enhance, augment, or supplement state and local planning, organizing, training, equipping, exercising, evaluating, and corrective action capability as he deems necessary to meet Commonwealth security goals with such funds as may be made available to the Secretary or the Department of Emergency Management annually for such services.</section>
   </text>
</law>