<?xml version="1.0" encoding="utf-8"?>
<law xmlns:xs="http://www.w3.org/2001/XMLSchema" xmlns:orig="http://StatRev.xsd"
     xmlns:fn="http://localhost/">
   <structure>
      <unit label="title" identifier="40.1" level="1">Labor And Employment</unit>
      <unit label="chapter" identifier="3.3" level="2">Virginia Asbestos Neshap Act</unit>
   </structure>
   <section_number>40.1-51.31</section_number>
   <catch_line>Penalties for noncompliance; judicial review</catch_line>
   <history>1992, c. 541.</history>
   <text>
      <section prefix="A"> The Board is authorized to promulgate regulations providing for the determination of a formula for the basis of the amount of any noncompliance penalty to be assessed by a court pursuant to subsection B hereof, in conformance with the requirements of § 120 of the federal Clean Air Act, as amended, and any regulations promulgated thereunder. Any regulations promulgated pursuant to this section shall be in accordance with the provisions of the Administrative Process Act (§ 2.2-4000 et seq.).</section>
      <section prefix="B"> Upon a determination of the amount by the Commissioner, the Commissioner shall petition the circuit court of the county or city wherein the owner subject to such noncompliance assessment resides, regularly or systematically conducts affairs or business activities, or where such owner's property affected by the administrative action is located for an order requiring payment of a noncompliance penalty in a sum the court deems appropriate.</section>
      <section prefix="C"> Any order issued by a court pursuant to this section may be enforced as a judgment of the court.  All sums collected, less the assessment and collection costs, shall be paid into the general fund of the state treasury.</section>
      <section prefix="D"> Any penalty assessed under this section shall be in addition to permits, fees, orders, payments, sanctions, or other requirements under this chapter and shall in no way affect any civil or criminal enforcement proceedings brought under other provisions of this chapter.</section>
   </text>
</law>