<?xml version="1.0" encoding="utf-8"?>
<law xmlns:xs="http://www.w3.org/2001/XMLSchema" xmlns:orig="http://StatRev.xsd"
     xmlns:fn="http://localhost/">
   <structure>
      <unit label="title" identifier="23.1" level="1">Institutions Of Higher Education; Other Educational And Cultural Institutions</unit>
      <unit label="subtitle" identifier="IV" level="2">Public Institutions Of Higher Education</unit>
      <unit label="chapter" identifier="20" level="3">Old Dominion University</unit>
   </structure>
   <section_number>23.1-2001</section_number>
   <catch_line>(Effective October 1, 2016) Membership</catch_line>
   <history>1962, c. 69, §§ 23-49.14, 23-49.15; 1966, c. 18; 1970, c. 624; 1974, c. 317; 1980, c. 100; 2016, c. 588.</history>
   <text>
      <section prefix="A"> The board shall consist of 17 members appointed by the Governor, of whom at least 14 shall be residents of the Commonwealth and at least three shall be alumni of the University.</section>
      <section prefix="B"> The alumni association of the University may submit to the Governor a list of at least three nominees for each vacancy on the board, whether the vacancy occurs by expiration of a term or otherwise. The Governor may appoint a member from the list of nominees.</section>
   </text>
</law>