<?xml version="1.0" encoding="utf-8"?>
<law xmlns:xs="http://www.w3.org/2001/XMLSchema" xmlns:orig="http://StatRev.xsd"
     xmlns:fn="http://localhost/">
   <structure>
      <unit label="title" identifier="15.2" level="1">Counties, Cities And Towns</unit>
      <unit label="subtitle" identifier="II" level="2">Powers Of Local Government</unit>
      <unit label="chapter" identifier="15" level="3">Local Government Personnel, Qualification For Office, Bonds, Dual Office Holding And Certain Local Government Officers</unit>
      <unit label="article" identifier="1" level="4">General Provisions For Certain Officers And Employees</unit>
   </structure>
   <section_number>15.2-1512</section_number>
   <catch_line>Oath and bond</catch_line>
   <history>1997, c. 587.</history>
   <text>Before entering upon the duties of his office, the person appointed or employed by the governing body, or its delegated representative, (i) shall take the oath of office if required by general law, special act or the governing body, (ii) shall give a bond before the clerk of the circuit court serving such governing body, if required by general law, special act or the governing body, and (iii) shall furnish surety to be approved by such clerk in an amount to be fixed by the governing body, if required by general law, special act or the governing body. The premium for such bond shall be paid by the governing body out of its general fund. The form of oath of office is that prescribed by § 49-1.</text>
</law>