<?xml version="1.0" encoding="utf-8"?>
<law xmlns:xs="http://www.w3.org/2001/XMLSchema" xmlns:orig="http://StatRev.xsd"
     xmlns:fn="http://localhost/">
   <structure>
      <unit label="title" identifier="38.2" level="1">Insurance</unit>
      <unit label="chapter" identifier="3" level="2">Provisions Relating To Insurance Policies And Contracts</unit>
   </structure>
   <section_number>38.2-320</section_number>
   <catch_line>Insurer to furnish forms for proof of loss</catch_line>
   <history>Code 1950, § 38-11; 1952, c. 317, § 38.1-345; 1986, c. 562.</history>
   <text>Whenever notice of any loss or damage has been given to the insurer or its agent, the insurer shall, upon written request, deliver to the insured or to the person to whom the benefits are payable the forms for such preliminary proof of loss or damage as may be required under the policy. Such forms shall be delivered within fifteen days after written request has been made or mailed to the insurer by the insured or person to whom benefits are payable. The failure or refusal of an insurer or its agent to deliver such forms within fifteen days of written request shall be deemed a waiver of any condition, stipulation or provision in the policy requiring preliminary proof.</text>
</law>