<?xml version="1.0" encoding="utf-8"?>
<law xmlns:xs="http://www.w3.org/2001/XMLSchema" xmlns:orig="http://StatRev.xsd"
     xmlns:fn="http://localhost/">
   <structure>
      <unit label="title" identifier="54.1" level="1">Professions And Occupations</unit>
      <unit label="subtitle" identifier="III" level="2">Professions And Occupations Regulated By Boards Within The Department Of Health Professions</unit>
      <unit label="chapter" identifier="29" level="3">Medicine And Other Healing Arts</unit>
      <unit label="article" identifier="7" level="4">Sexual Sterilization</unit>
   </structure>
   <section_number>54.1-2974</section_number>
   <catch_line>Sterilization operations for persons 18 years or older capable of informed consent</catch_line>
   <history>1981, c. 454, § 54-325.9; 1988, c. 765; 2013, c. 671.</history>
   <text>It shall be lawful for any physician licensed by the Board of Medicine to perform a vasectomy, salpingectomy, or other surgical sexual sterilization procedure on any person 18 years of age or older who has the capacity to give informed consent, when so requested in writing by such person. Prior to or at the time of such request, a full, reasonable, and comprehensible medical explanation as to the meaning and consequences of such an operation and as to alternative methods of contraception shall be given by the physician to the person requesting the operation.</text>
</law>