<?xml version="1.0" encoding="utf-8"?>
<law xmlns:xs="http://www.w3.org/2001/XMLSchema" xmlns:orig="http://StatRev.xsd"
     xmlns:fn="http://localhost/">
   <structure>
      <unit label="title" identifier="54.1" level="1">Professions And Occupations</unit>
      <unit label="subtitle" identifier="III" level="2">Professions And Occupations Regulated By Boards Within The Department Of Health Professions</unit>
      <unit label="chapter" identifier="33" level="3">Pharmacy</unit>
      <unit label="article" identifier="3" level="4">Licensure Of Pharmacists</unit>
   </structure>
   <section_number>54.1-3310</section_number>
   <catch_line>Unlawful to practice without license</catch_line>
   <history>Code 1950, § 54-475; 1970, c. 650; 1976, c. 614, § 54-524.48; 1988, c. 765.</history>
   <text>Except as prescribed in this chapter or by Board regulations it shall be unlawful for any person to practice pharmacy, or to engage in, carry on, or be employed in the dispensing, or compounding of drugs within this Commonwealth unless licensed by the Board as a pharmacist. The possession by any person in any place of a miscellaneous stock of drugs shall be prima facie evidence that such person is practicing pharmacy.</text>
</law>