<?xml version="1.0" encoding="utf-8"?>
<law xmlns:xs="http://www.w3.org/2001/XMLSchema" xmlns:orig="http://StatRev.xsd"
     xmlns:fn="http://localhost/">
   <structure>
      <unit label="title" identifier="55" level="1">Property And Conveyances</unit>
      <unit label="chapter" identifier="13" level="2">Landlord And Tenant</unit>
   </structure>
   <section_number>55-221</section_number>
   <catch_line>When attornment void</catch_line>
   <history>Code 1919, § 5515.</history>
   <text>The attornment of a tenant to any stranger shall be void, unless it be with the consent of the landlord of such tenant or pursuant to or in consequence of the judgment, order or decree of a court.</text>
</law>