<?xml version="1.0" encoding="utf-8"?>
<law xmlns:xs="http://www.w3.org/2001/XMLSchema" xmlns:orig="http://StatRev.xsd"
     xmlns:fn="http://localhost/">
   <structure>
      <unit label="title" identifier="46.2" level="1">Motor Vehicles</unit>
      <unit label="subtitle" identifier="III" level="2">Operation</unit>
      <unit label="chapter" identifier="10" level="3">Motor Vehicle And Equipment Safety</unit>
      <unit label="article" identifier="14" level="4">Maximum Vehicle Size, Generally</unit>
   </structure>
   <section_number>46.2-1103</section_number>
   <catch_line>Greater size, weight, and load limits permitted by interstate commerce regulations</catch_line>
   <history>1958, c. 541, § 46.1-344; 1989, c. 727.</history>
   <text>If a federal regulation of interstate commerce permits the use in interstate commerce over the highways of Virginia or any of them, of a greater size, weight, or load limit than prescribed in this title, the Board shall prescribe a similar size, weight, and load limit for vehicles in intrastate commerce operated over the same highways.</text>
</law>