<?xml version="1.0" encoding="utf-8"?>
<law xmlns:xs="http://www.w3.org/2001/XMLSchema" xmlns:orig="http://StatRev.xsd"
     xmlns:fn="http://localhost/">
   <structure>
      <unit label="title" identifier="23" level="1">Educational Institutions</unit>
      <unit label="chapter" identifier="3.3" level="2">Educational Facilities Authority Act</unit>
   </structure>
   <section_number>23-30.48</section_number>
   <catch_line>(Repealed effective October 1, 2016) Security for revenue bonds</catch_line>
   <history>1972, c. 686.</history>
   <text>In the discretion of the Authority any revenue bonds issued under the provisions of this chapter may be secured by a trust agreement by and between the Authority and a corporate trustee or trustees, which may be any trust company or bank having the powers of a trust company within the Commonwealth. Such trust agreement or the resolution providing for the issuance of such revenue bonds may pledge or assign the revenues to be received or proceeds of any contract or contracts pledged and may convey or mortgage the project or any portion thereof. Such trust agreement or resolution providing for the issuance of such revenue bonds may contain such provisions for protecting and enforcing the rights and remedies of the bondholders as may be reasonable and proper and not in violation of law, including particularly such provisions as have hereinabove been specifically authorized to be included in any resolution or resolutions of the Authority authorizing revenue bonds thereof. Any bank or trust company incorporated under the laws of the Commonwealth which may act as depository of the proceeds of bonds or of revenues or other moneys may furnish such indemnifying bonds or pledge such securities as may be required by the Authority. Any such trust agreement may set forth the rights and remedies of the bondholders and of the trustee or trustees, and may restrict the individual right of action by bondholders. In addition to the foregoing, any such trust agreement or resolution may contain such other provisions as the Authority may deem reasonable and proper for the security of the bondholders. All expenses incurred in carrying out the provisions of such trust agreement or resolution may be treated as a part of the cost of the operation of a project.</text>
</law>