<?xml version="1.0" encoding="utf-8"?>
<law xmlns:xs="http://www.w3.org/2001/XMLSchema" xmlns:orig="http://StatRev.xsd"
     xmlns:fn="http://localhost/">
   <structure>
      <unit label="title" identifier="32.1" level="1">Health</unit>
      <unit label="chapter" identifier="6" level="2">Environmental Health Services</unit>
      <unit label="article" identifier="7" level="3">Bedding And Upholstered Furniture</unit>
   </structure>
   <section_number>32.1-225</section_number>
   <catch_line>Exemptions</catch_line>
   <history>Code 1950, § 32-127; 1979, c. 711; 1989, c. 130; 2001, c. 454; 2005, c. 391.</history>
   <text>
      <section prefix="A"> The provisions of this article shall not apply to:<section prefix="1"> Any items of bedding or upholstered furniture sold under the order of any court or pursuant to § 55-419, any sale of a decedent's estate or any sale by any individual of his household effects.</section>
         <section prefix="2"> Any interstate public carrier.</section>
         <section prefix="3"> Any state institution, agency or department unless such institution, agency or department offers for sale to the public items of bedding or upholstered furniture manufactured, reupholstered or renovated by it.</section>
         <section prefix="4"> Any retailer who sells, gives away, or rents used upholstered furniture that has been purchased by the retailer as new furniture and has been used in the course of business when such used furniture has been (i) conspicuously identified as used furniture and (ii) reduced in price, sold at auction, donated to charity, or made available for a rental fee, and so tagged.</section>
      </section>
      <section prefix="B"> Any person who sells at retail, exclusively on a consignment basis, articles of bedding that are handmade by individuals and whose gross annual receipts from the sale of such articles are not in excess of $ 2,000 shall be deemed to be the manufacturer of such articles and shall not be required to obtain a license to make such articles. Each such article shall have a label affixed stating the kind of filling materials used in such article but shall be exempt from any other requirement as to tags set forth in this article.</section>
   </text>
</law>