<?xml version="1.0" encoding="utf-8"?>
<law xmlns:xs="http://www.w3.org/2001/XMLSchema" xmlns:orig="http://StatRev.xsd"
     xmlns:fn="http://localhost/">
   <structure>
      <unit label="title" identifier="36" level="1">Housing</unit>
      <unit label="chapter" identifier="5.1" level="2">Virginia Fair Housing Law</unit>
   </structure>
   <section_number>36-96.16</section_number>
   <catch_line>Civil action by Attorney General upon referral of charge by the Real Estate Board</catch_line>
   <history>1991, c. 557; 1994, c. 814.</history>
   <text>
      <section prefix="A"> Not later than thirty days after a charge is referred by the Board to the Attorney General under § 36-96.14, the Attorney General shall commence and maintain a civil action seeking relief on behalf of the complainant in the circuit court for the city, county, or town in which the unlawful discriminatory housing practice has occurred or is about to occur.</section>
      <section prefix="B"> Any aggrieved person with respect to the issues to be determined in a civil action pursuant to subsection A may intervene as of right.</section>
      <section prefix="C"> In a civil action under this section, if the court or jury finds that a discriminatory housing practice has occurred or is about to occur, the court or jury may grant, as relief, any relief which a court could grant with respect to such discriminatory housing practice in a civil action under § 36-96.18. Any relief so granted that would accrue to an aggrieved person under § 36-96.18 shall also accrue to the aggrieved person in a civil action under this section. If monetary relief is sought for the benefit of an aggrieved person who does not intervene in the civil action, the court shall not award such relief if that aggrieved person has not complied with discovery orders entered by the court in the course of the action brought under this section.</section>
      <section prefix="D"> In any court proceeding arising under this section, the court, in its discretion, may allow the prevailing party reasonable attorney's fees and costs.</section>
   </text>
</law>