<?xml version="1.0" encoding="utf-8"?>
<law xmlns:xs="http://www.w3.org/2001/XMLSchema" xmlns:orig="http://StatRev.xsd"
     xmlns:fn="http://localhost/">
   <structure>
      <unit label="title" identifier="15.2" level="1">Counties, Cities And Towns</unit>
      <unit label="subtitle" identifier="II" level="2">Powers Of Local Government</unit>
      <unit label="chapter" identifier="24" level="3">Service Districts; Taxes And Assessments For Local Improvements</unit>
      <unit label="article" identifier="1" level="4">Service Districts</unit>
   </structure>
   <section_number>15.2-2403.4</section_number>
   <catch_line>Community improvement districts</catch_line>
   <history>2014, c. 736.</history>
   <text>
      <section prefix="A"> Any locality may by ordinance, or any two or more localities may by concurrent ordinances, create community improvement districts within the locality or localities by the method prescribed in § 15.2-2400. Any ordinance to create such a district shall include the words "Community Improvement District" in the name of the district. After adoption of an ordinance or ordinances creating a community improvement district, the governing body or bodies shall have all powers with respect to the community improvement district that they possess with respect to service districts.</section>
      <section prefix="B"> To the extent the governing body of a locality contracts for the provision to a community improvement district of any of the governmental services authorized by subdivisions 1 and 2 of § 15.2-2403, such governing body shall contract with a nonprofit corporation, a majority of whose board members own property in the community improvement district, to provide such service.</section>
   </text>
</law>