<?xml version="1.0" encoding="utf-8"?>
<law xmlns:xs="http://www.w3.org/2001/XMLSchema" xmlns:orig="http://StatRev.xsd"
     xmlns:fn="http://localhost/">
   <structure>
      <unit label="title" identifier="37.2" level="1">Behavioral Health And Developmental Services</unit>
      <unit label="subtitle" identifier="3" level="2">Admissions And Dispositions</unit>
      <unit label="chapter" identifier="8" level="3">Emergency Custody And Voluntary And Involuntary Civil Admissions</unit>
      <unit label="article" identifier="5" level="4">Involuntary Admissions</unit>
   </structure>
   <section_number>37.2-819</section_number>
   <catch_line>Order of involuntary admission or mandatory outpatient treatment forwarded to CCRE; certain voluntary admissions forwarded to CCRE; firearm background check</catch_line>
   <history>1976, c. 671, § 37.1-67.3; 1979, c. 426; 1980, cc. 166, 582; 1982, c. 471; 1984, c. 277; 1985, c. 261; 1986, cc. 349, 609; 1988, c. 225; 1989, c. 716; 1990, cc. 59, 60, 728, 798; 1991, c. 636; 1992, c. 752; 1994, cc. 736, 907; 1995, cc. 489, 668, 844; 1996, cc. 343, 893; 1997, cc. 558, 921; 1998, c. 446; 2001, cc. 478, 479, 507, 658, 837; 2004, cc. 66, 1014; 2005, c. 716; 2008, cc. 751, 788; 2009, cc. 21, 838; 2014, cc. 336, 374; 2015, c. 540.</history>
   <text>
      <section prefix="A"> The order from a commitment hearing issued pursuant to this chapter for involuntary admission or mandatory outpatient treatment and the certification of any person who has been the subject of a temporary detention order pursuant to § 37.2-809 and who, after being advised by the judge or special justice that he will be prohibited from possessing a firearm pursuant to § 18.2-308.1:3, subsequently agreed to voluntary admission pursuant to § 37.2-805 shall be filed by the judge or special justice with the clerk of the district court for the county or city where the hearing took place as soon as practicable but no later than the close of business on the next business day following the completion of the hearing.</section>
      <section prefix="B"> Upon receipt of any order from a commitment hearing issued pursuant to this chapter for involuntary admission to a facility, the clerk of court shall, as soon as practicable but not later than the close of business on the next following business day, certify and forward to the Central Criminal Records Exchange, on a form provided by the Exchange, a copy of the order. Upon receipt of any order from a commitment hearing issued pursuant to this chapter for mandatory outpatient treatment, the clerk of court shall, prior to the close of that business day, certify and forward to the Central Criminal Records Exchange, on a form provided by the Exchange, a copy of the order.</section>
      <section prefix="C"> The clerk of court shall also, as soon as practicable but no later than the close of business on the next following business day, forward upon receipt to the Central Criminal Records Exchange, on a form provided by the Exchange, certification of any person who has been the subject of a temporary detention order pursuant to § 37.2-809, and who, after being advised by the judge or special justice that he will be prohibited from possessing a firearm pursuant to § 18.2-308.1:3, subsequently agreed to voluntary admission pursuant to § 37.2-805.</section>
      <section prefix="D"> Except as provided in subdivision A 1 of § 19.2-389, the copy of the forms and orders sent to the Central Criminal Records Exchange pursuant to subsection B, and the forms and certifications sent to the Central Criminal Records Exchange regarding voluntary admission pursuant to subsection C, shall be kept confidential in a separate file and used only to determine a person's eligibility to possess, purchase, or transfer a firearm. No medical records shall be forwarded to the Central Criminal Records Exchange with any form, order, or certification required by subsection B or C. The Department of State Police shall forward only a person's eligibility to possess, purchase, or transfer a firearm to the National Instant Criminal Background Check System.</section>
   </text>
</law>