<?xml version="1.0" encoding="utf-8"?>
<law xmlns:xs="http://www.w3.org/2001/XMLSchema" xmlns:orig="http://StatRev.xsd"
     xmlns:fn="http://localhost/">
   <structure>
      <unit label="title" identifier="45.1" level="1">Mines And Mining</unit>
      <unit label="chapter" identifier="19" level="2">Virginia Coal Surface Mining Control And Reclamation Act Of 1979</unit>
      <unit label="article" identifier="4" level="3">Abandoned Mine Reclamation</unit>
   </structure>
   <section_number>45.1-261.1</section_number>
   <catch_line>Operators may perform reclamation; bidding; conditions; adjustment of required bonds; regulations</catch_line>
   <history>1983, c. 77; 1984, c. 590; 1991, c. 495; 2013, cc. 47, 129.</history>
   <text>
      <section prefix="A"> Notwithstanding any licensing requirement under Title 54.1, an operator shall be eligible to bid on contracts to conduct reclamation projects under the State Reclamation Program and the Coal Surface Mining Reclamation Fund in accordance with this article and Article 5 (§ 45.1-270.1 et seq.), provided the Director finds that the following conditions have been met: (i) the operator has had at least three years of relevant mining experience in the Commonwealth pursuant to Chapter 19 (§ 45.1-226 et seq.) and (ii) the operator meets all other applicable requirements of federal, state, and local law.</section>
      <section prefix="B"> Notwithstanding the provisions of Title 11, the Director may adjust the amount of required bid or performance bonds for such contracts upon a finding that such amounts are sufficient to protect the public interest.</section>
      <section prefix="C"> The Director shall promulgate regulations to implement this section.</section>
   </text>
</law>