<?xml version="1.0" encoding="utf-8"?>
<law xmlns:xs="http://www.w3.org/2001/XMLSchema" xmlns:orig="http://StatRev.xsd"
     xmlns:fn="http://localhost/">
   <structure>
      <unit label="title" identifier="38.2" level="1">Insurance</unit>
      <unit label="chapter" identifier="34" level="2">Provisions Relating To Accident And Sickness Insurance</unit>
      <unit label="article" identifier="2" level="3">Mandated Benefits</unit>
   </structure>
   <section_number>38.2-3418.9</section_number>
   <catch_line>Minimum hospital stay for hysterectomy</catch_line>
   <history>1999, cc. 643, 649; 2000, c. 922; 2014, c. 814.</history>
   <text>
      <section prefix="A"> Notwithstanding the provisions of § 38.2-3419, each insurer proposing to issue an individual or group hospital policy or major medical policy in this Commonwealth, each corporation proposing to issue an individual or group hospital, medical or major medical subscription contract, and each health maintenance organization providing a health care plan for health care shall provide coverage for laparoscopy-assisted vaginal hysterectomy and vaginal hysterectomy as provided in this section.</section>
      <section prefix="B"> Such coverage shall include benefits for a minimum stay in the hospital of not less than 23 hours for a laparoscopy-assisted vaginal hysterectomy and 48 hours for a vaginal hysterectomy. Nothing in this subsection shall be construed as requiring the provision of the total hours referenced when the attending physician, in consultation with the patient, determines that a shorter period of hospital stay is appropriate.</section>
      <section prefix="C"> The requirements of this section shall apply to all insurance policies, contracts and plans delivered, issued for delivery, reissued, or extended on and after July 1, 1999, or at any time thereafter when any term of the policy, contract or plan is changed or any premium adjustment is made.</section>
      <section prefix="D"> This section shall not apply to short-term travel, accident-only, or limited or specified disease policies or contracts, nor to policies or contracts designed for issuance to persons eligible for coverage under Title XVIII of the Social Security Act, known as Medicare, or any other similar coverage under state or federal governmental plans.</section>
   </text>
</law>