<?xml version="1.0" encoding="utf-8"?>
<law xmlns:xs="http://www.w3.org/2001/XMLSchema" xmlns:orig="http://StatRev.xsd"
     xmlns:fn="http://localhost/">
   <structure>
      <unit label="title" identifier="57" level="1">Religious And Charitable Matters; Cemeteries</unit>
      <unit label="chapter" identifier="5" level="2">Solicitation Of Contributions</unit>
   </structure>
   <section_number>57-58</section_number>
   <catch_line>Ratio of fund-raising expenses to contributions to be included in registration statement</catch_line>
   <history>1974, c. 574; 2003, c. 810.</history>
   <text>Each charitable organization shall, as a part of its registration statement, compute the percentage that its fund-raising expenses for its preceding fiscal year bore to its support received directly from the public during such year.Each federated fund-raising organization shall clearly disclose on any registration the percentage that is withheld from a donation designated for a member agency.</text>
</law>