<?xml version="1.0" encoding="utf-8"?>
<law xmlns:xs="http://www.w3.org/2001/XMLSchema" xmlns:orig="http://StatRev.xsd"
     xmlns:fn="http://localhost/">
   <structure>
      <unit label="title" identifier="32.1" level="1">Health</unit>
      <unit label="chapter" identifier="5" level="2">Regulation Of Medical Care Facilities And Services</unit>
      <unit label="article" identifier="2" level="3">Rights And Responsibilities Of Patients In Nursing Homes</unit>
   </structure>
   <section_number>32.1-138.3</section_number>
   <catch_line>Third party guarantor prohibition</catch_line>
   <history>1989, c. 193.</history>
   <text>Any facility certified under Title XVIII or XIX of the United States Social Security Act shall not require a third party guarantee of payment to the facility as a condition of admission or of expedited admission to, or continued stay in, the facility.  This section shall not be construed to prevent a facility from requiring an individual who has legal access to a resident's income or resources which are available to pay for care in the facility to sign a contract without incurring personal financial liability except for breach of the duty to provide payment from the resident's income or resources for such care.For purposes of this section, the resident's income or resources shall include any amount deemed to be income or resources of the resident for purposes of Medicaid eligibility and any resources transferred by the resident to a third party if the transfer disqualifies the resident from Medicaid coverage for nursing facility services.</text>
</law>