<?xml version="1.0" encoding="utf-8"?>
<law xmlns:xs="http://www.w3.org/2001/XMLSchema" xmlns:orig="http://StatRev.xsd"
     xmlns:fn="http://localhost/">
   <structure>
      <unit label="title" identifier="46.2" level="1">Motor Vehicles</unit>
      <unit label="subtitle" identifier="II" level="2">Titling, Registration And Licensure</unit>
      <unit label="chapter" identifier="6" level="3">Titling And Registration Of Motor Vehicles</unit>
      <unit label="article" identifier="9" level="4">License Plates, Generally</unit>
   </structure>
   <section_number>46.2-715</section_number>
   <catch_line>Display of license plates</catch_line>
   <history>Code 1950, § 46-101; 1954, c. 210; 1958, c. 541, § 46.1-106; 1972, c. 609; 1974, c. 150; 1989, c. 727; 2013, c. 783; 2014, cc. 53, 256.</history>
   <text>License plates assigned to a motor vehicle, other than a moped, motorcycle, autocycle, tractor truck, trailer, or semitrailer, or to persons licensed as motor vehicle dealers or transporters of unladen vehicles, shall be attached to the front and the rear of the vehicle. The license plate assigned to a moped, motorcycle, autocycle, trailer, or semitrailer shall be attached to the rear of the vehicle. The license plate assigned to a tractor truck shall be attached to the front of the vehicle. The license plates issued to licensed motor vehicle dealers and to persons licensed as transporters of unladen vehicles shall consist of one plate for each set issued and shall be attached to the rear of the vehicle to which it is assigned.</text>
</law>