<?xml version="1.0" encoding="utf-8"?>
<law xmlns:xs="http://www.w3.org/2001/XMLSchema" xmlns:orig="http://StatRev.xsd"
     xmlns:fn="http://localhost/">
   <structure>
      <unit label="title" identifier="19.2" level="1">Criminal Procedure</unit>
      <unit label="chapter" identifier="10" level="2">Disability Of Judge Or Attorney For Commonwealth; Court- Appointed Counsel; Interpreters; Transcripts</unit>
      <unit label="article" identifier="4" level="3">Public Defenders</unit>
   </structure>
   <section_number>19.2-163.4</section_number>
   <catch_line>Inapplicability of §§ 17.1-606 and 19.2-163 where public defender offices established; exception</catch_line>
   <history>Code 1950, § 19.1-32.5; 1972, c. 800; 1975, cc. 476, 495; 1992, c. 80; 1994, c. 415.</history>
   <text>In counties and cities in which public defender offices are established pursuant to § 19.2-163.04, defense services for indigents charged with jailable offenses shall be provided by the public defenders unless (i) the public defender is unable to represent the defendant or petitioner by reason of conflict of interest or (ii) the court finds that appointment of other counsel is necessary to attain the ends of justice. Except for the provisions of § 19.2-163 relating to reasonable expenses, §§ 17.1-606 and 19.2-163 shall not apply when defense services are provided by the public defenders.</text>
</law>