<?xml version="1.0" encoding="utf-8"?>
<law xmlns:xs="http://www.w3.org/2001/XMLSchema" xmlns:orig="http://StatRev.xsd"
     xmlns:fn="http://localhost/">
   <structure>
      <unit label="title" identifier="9.1" level="1">Commonwealth Public Safety</unit>
      <unit label="chapter" identifier="1" level="2">Department Of Criminal Justice Services</unit>
      <unit label="article" identifier="11" level="3">Bail Bondsmen</unit>
   </structure>
   <section_number>9.1-185</section_number>
   <catch_line>Definitions</catch_line>
   <history>2004, c. 460; 2007, c. 708.</history>
   <text>As used in this article, unless the context requires a different meaning:"Agent" means a person who is a licensed bail bondsman who has been given power of attorney to act on the behalf of a licensed property bail bondsman."Bail bondsman" means any person who is licensed by the Department who engages in the business of bail bonding and is thereby authorized to conduct business in all courts of the Commonwealth."Board" means the Criminal Justice Services Board."Certificate" means a certificate issued by a judge on or before June 30, 2005, pursuant to former § 19.2-152.1."Department" means the Department of Criminal Justice Services."Property bail bondsman" means a person licensed pursuant to this article who, for compensation, enters into a bond or does so through his agent and who pledges real property, cash or certificates of deposit issued by a federally insured institution, or any combination thereof as security for a bond as defined in § 19.2-119 that has been posted to assure performance of terms and conditions specified by order of an appropriate judicial officer as a condition of bail."Surety bail bondsman" means a person licensed pursuant to this article who is also licensed by the State Corporation Commission as a property and casualty insurance agent, and who sells, solicits, or negotiates surety insurance as defined in § 38.2-121 on behalf of insurers licensed in the Commonwealth, pursuant to which the insurer becomes surety on or guarantees a bond, as defined in § 19.2-119, that has been posted to assure performance of terms and conditions specified by order of an appropriate judicial officer as a condition of bail.</text>
</law>