<?xml version="1.0" encoding="utf-8"?>
<law xmlns:xs="http://www.w3.org/2001/XMLSchema" xmlns:orig="http://StatRev.xsd"
     xmlns:fn="http://localhost/">
   <structure>
      <unit label="title" identifier="45.1" level="1">Mines And Mining</unit>
      <unit label="chapter" identifier="19" level="2">Virginia Coal Surface Mining Control And Reclamation Act Of 1979</unit>
      <unit label="article" identifier="5" level="3">Coal Surface Mining Reclamation Fund</unit>
   </structure>
   <section_number>45.1-270.1</section_number>
   <catch_line>Creation of Fund</catch_line>
   <history>1982, c. 334.</history>
   <text>There is hereby created in the office of the State Treasurer a special fund to be known as the Coal Surface Mining Reclamation Fund, hereinafter referred to as the Fund, which shall be administered as set forth in this article. The Fund shall consist of all payments made into the Fund in accordance with the provisions of this article, as well as all interest earned on money contained in the Fund.</text>
</law>