<?xml version="1.0" encoding="utf-8"?>
<law xmlns:xs="http://www.w3.org/2001/XMLSchema" xmlns:orig="http://StatRev.xsd"
     xmlns:fn="http://localhost/">
   <structure>
      <unit label="title" identifier="58.1" level="1">Taxation</unit>
      <unit label="subtitle" identifier="III" level="2">Local Taxes</unit>
      <unit label="chapter" identifier="39" level="3">Enforcement, Collection, Refunds, Remedies And Review Of Local Taxes</unit>
      <unit label="article" identifier="4" level="4">Bill In Equity For Sale Of Delinquent Tax Lands</unit>
   </structure>
   <section_number>58.1-3966</section_number>
   <catch_line>Employment of attorney to institute proceedings; bond of attorney</catch_line>
   <history>Code 1950, § 58-1117.2; 1973, c. 467; 1984, c. 675; 1997, c. 724.</history>
   <text>Proceedings under this article shall be instituted and conducted in the name of the county, city or town in which the real estate lies, by such attorney as the governing body or treasurer of the county, city or town employs for such purpose. The governing body or treasurer may require the attorney to give bond in an amount to be fixed by it, with surety to be approved by it, conditioned upon the lawful accounting for all funds which may come into his hands as such attorney under this article, and the premium on the bond may be ordered to be paid out of the local treasury. The bond shall be delivered to the clerk of the circuit court of the county or city and shall be recorded by the clerk in his special commissioner's bond book.</text>
</law>