<?xml version="1.0" encoding="utf-8"?>
<law xmlns:xs="http://www.w3.org/2001/XMLSchema" xmlns:orig="http://StatRev.xsd"
     xmlns:fn="http://localhost/">
   <structure>
      <unit label="title" identifier="21" level="1">Drainage, Soil Conservation, Sanitation And Public Facilities Districts</unit>
      <unit label="chapter" identifier="4" level="2">Sanitation Districts Law Of 1946 -- Nontidal Waters</unit>
      <unit label="article" identifier="5" level="3">Bonds</unit>
   </structure>
   <section_number>21-271</section_number>
   <catch_line>Other matters determined by resolution</catch_line>
   <history>1946, p. 356; Michie Suppl. 1946, § 1560iii8.</history>
   <text>All other matters relating to the issuing of such bonds, and all matters relating to the contracting of debt, borrowing of money and issuing of other bonds and obligations shall be determined by resolution of the commission.</text>
</law>