<?xml version="1.0" encoding="utf-8"?>
<law xmlns:xs="http://www.w3.org/2001/XMLSchema" xmlns:orig="http://StatRev.xsd"
     xmlns:fn="http://localhost/">
   <structure>
      <unit label="title" identifier="16.1" level="1">Courts Not Of Record</unit>
      <unit label="chapter" identifier="10" level="2">Virginia Juvenile Justice Information System</unit>
   </structure>
   <section_number>16.1-222</section_number>
   <catch_line>Established; powers of Director</catch_line>
   <history>1976, c. 589; 1989, c. 733.</history>
   <text>
      <section prefix="A"> There is hereby established within the Department of Juvenile Justice the Virginia Juvenile Justice Information System which shall operate separate and apart from the Central Criminal Records Exchange.</section>
      <section prefix="B"> The Director of the Department of Juvenile Justice is authorized to employ such personnel, establish such offices, acquire such equipment and use such available equipment as shall be necessary to carry out the purpose of this chapter. He is further authorized to enter into agreements with other state agencies for services to be performed for the Virginia Juvenile Justice Information System by employees of such other agencies.</section>
   </text>
</law>