<?xml version="1.0" encoding="utf-8"?>
<law xmlns:xs="http://www.w3.org/2001/XMLSchema" xmlns:orig="http://StatRev.xsd"
     xmlns:fn="http://localhost/">
   <structure>
      <unit label="title" identifier="46.2" level="1">Motor Vehicles</unit>
      <unit label="subtitle" identifier="III" level="2">Operation</unit>
      <unit label="chapter" identifier="10" level="3">Motor Vehicle And Equipment Safety</unit>
      <unit label="article" identifier="3" level="4">Lights And Turn Signals</unit>
   </structure>
   <section_number>46.2-1014.1</section_number>
   <catch_line>Supplemental high mount stop light</catch_line>
   <history>1990, c. 955.</history>
   <text>Whenever operated on the highways, every Virginia-registered passenger car manufactured for the 1986 or subsequent model year shall be equipped with a supplemental center high mount stop light of a type approved by the Superintendent or which meets the standards adopted by the United States Department of Transportation.  The light shall be mounted as near the vertical center line of the vehicle as possible.  The light shall be actuated only in conjunction with the vehicle's brake lights and hazard lights.  Any supplemental high mount stop light installed on any other vehicle shall comply with those requirements.</text>
</law>