<?xml version="1.0" encoding="utf-8"?>
<law xmlns:xs="http://www.w3.org/2001/XMLSchema" xmlns:orig="http://StatRev.xsd"
     xmlns:fn="http://localhost/">
   <structure>
      <unit label="title" identifier="15.2" level="1">Counties, Cities And Towns</unit>
      <unit label="subtitle" identifier="II" level="2">Powers Of Local Government</unit>
      <unit label="chapter" identifier="14" level="3">Governing Bodies Of Localities</unit>
      <unit label="article" identifier="4" level="4">Ordinances And Other Actions By The Local Governing Body</unit>
   </structure>
   <section_number>15.2-1425</section_number>
   <catch_line>Actions by localities</catch_line>
   <history>1997, c. 587.</history>
   <text>The governing body of every locality in the performance of its duties, obligations and functions may adopt, as appropriate, ordinances, resolutions and motions.</text>
</law>