<?xml version="1.0" encoding="utf-8"?>
<law xmlns:xs="http://www.w3.org/2001/XMLSchema" xmlns:orig="http://StatRev.xsd"
     xmlns:fn="http://localhost/">
   <structure>
      <unit label="title" identifier="38.2" level="1">Insurance</unit>
      <unit label="chapter" identifier="38" level="2">Cooperative Nonprofit Life Benefit Companies</unit>
      <unit label="article" identifier="1" level="3">General Provisions</unit>
   </structure>
   <section_number>38.2-3801</section_number>
   <catch_line>Cooperative nonprofit life benefit company defined</catch_line>
   <history>Code 1950, § 38-467; 1952, c. 317, § 38.1-497; 1986, c. 562.</history>
   <text>
      <section prefix="A"> Any company that (i) is organized without capital stock, (ii) has a representative form of government, (iii) conducts its business under the provisions of this chapter without profit and for the sole benefit of its members and their beneficiaries, (iv) issues benefit certificates or policies of life insurance, annuities, or accident and sickness insurance, or any combination of those classes of insurance, upon its members, and (v) maintains the reserves required in this chapter on all contracts issued by it to its members, shall be a cooperative nonprofit life benefit company.</section>
      <section prefix="B"> As used in this chapter, "company" means a cooperative nonprofit life benefit company as defined in subsection A of this section.</section>
   </text>
</law>