<?xml version="1.0" encoding="utf-8"?>
<law xmlns:xs="http://www.w3.org/2001/XMLSchema" xmlns:orig="http://StatRev.xsd"
     xmlns:fn="http://localhost/">
   <structure>
      <unit label="title" identifier="33.2" level="1">Highways And Other Surface Transportation Systems</unit>
      <unit label="subtitle" identifier="II" level="2">Modes Of Transportation: Highways, Bridges, Ferries, Rail, And Public Transportation</unit>
      <unit label="chapter" identifier="9" level="3">Abandonment And Discontinuance Of Highways And Roads</unit>
      <unit label="article" identifier="3" level="4">Abandonment Of Roads Not In Primary Or Secondary State Highway System</unit>
   </structure>
   <section_number>33.2-922</section_number>
   <catch_line>Recordation of abandonment of roads, highways, or railroad crossings by counties</catch_line>
   <history>1986, c. 631, § 33.1-163.1; 2014, c. 805.</history>
   <text>A certified copy of any ordinance, resolution, or order abandoning a road, highway, or railroad crossing by a county adopted pursuant to Article 2 (§ 33.2-908 et seq.) or this article shall be recorded and indexed in the deed book in the name of the county as grantor or where record title to the underlying fee is not known shall be recorded in the office of the clerk of court in the county where such road, highway, or railroad crossing is located in the name of the county adopting such ordinance or resolution or entering such order.</text>
</law>