<?xml version="1.0" encoding="utf-8"?>
<law xmlns:xs="http://www.w3.org/2001/XMLSchema" xmlns:orig="http://StatRev.xsd"
     xmlns:fn="http://localhost/">
   <structure>
      <unit label="title" identifier="46.2" level="1">Motor Vehicles</unit>
      <unit label="subtitle" identifier="V" level="2">Motor Carriers</unit>
      <unit label="chapter" identifier="20" level="3">Regulation Of Passenger Carriers</unit>
      <unit label="article" identifier="1" level="4">Motor Carriers Of Passengers -- Generally</unit>
   </structure>
   <section_number>46.2-2001.2</section_number>
   <catch_line>Identification marker required</catch_line>
   <history>2001, c. 596.</history>
   <text>Each motor carrier shall be issued an identification marker, unless the operation is interstate in nature and the carrier has been issued a single state registration receipt by the Department or other qualified jurisdiction. The identification marker issued by the Department shall be displayed on each vehicle as prescribed by the Department and shall be valid for the period of time prescribed by the Department.</text>
</law>