<?xml version="1.0" encoding="utf-8"?>
<law xmlns:xs="http://www.w3.org/2001/XMLSchema" xmlns:orig="http://StatRev.xsd"
     xmlns:fn="http://localhost/">
   <structure>
      <unit label="title" identifier="54.1" level="1">Professions And Occupations</unit>
      <unit label="subtitle" identifier="V" level="2">Occupations Regulated By Local Governing Bodies</unit>
      <unit label="chapter" identifier="41" level="3">Precious Metals Dealers</unit>
   </structure>
   <section_number>54.1-4108</section_number>
   <catch_line>Permit required; method of obtaining permit; no convictions of certain crimes; approval of weighing devices; renewal; permanent location required</catch_line>
   <history>1981, c. 581, § 54-859.23; 1986, c. 316; 1988, c. 765; 2014, cc. 22, 611.</history>
   <text>
      <section prefix="A"> No person shall engage in the activities of a dealer as defined in § 54.1-4100 without first obtaining a permit from the chief law-enforcement officer of each county, city, or town in which he proposes to engage in business.</section>
      <section prefix="B"> To obtain a permit, the dealer shall file with the proper chief law-enforcement officer an application form which includes the dealer's full name, any aliases, address, age, date of birth, sex, and fingerprints; the name, address, and telephone number of the applicant's employer, if any; and the location of the dealer's place of business. Upon filing this application and the payment of a $ 200 application fee, the dealer shall be issued a permit by the chief law-enforcement officer or his designee, provided that the applicant has not been convicted of a felony or crime of moral turpitude within seven years prior to the date of application. The permit shall be denied if the applicant has been denied a permit or has had a permit revoked under any ordinance similar in substance to the provisions of this chapter.</section>
      <section prefix="C"> Before a permit may be issued, the dealer must have all weighing devices used in his business inspected and approved by local or state weights and measures officials and present written evidence of such approval to the proper chief law-enforcement officer.</section>
      <section prefix="D"> This permit shall be valid for one year from the date issued and may be renewed in the same manner as such permit was initially obtained with an annual permit fee of $ 200. No permit shall be transferable.</section>
      <section prefix="E"> If the business of the dealer is not operated without interruption, with Saturdays, Sundays, and recognized holidays excepted, the dealer shall notify the proper chief law-enforcement officer of all closings and reopenings of such business. The business of a dealer shall be conducted only from the fixed and permanent location specified in his application for a permit.</section>
      <section prefix="F"> The chief law-enforcement officer may waive the permit fee for retail merchants that are not required to be licensed as pawnbrokers under Chapter 40 (§ 54.1-4000 et seq.), provided the retail merchant has a permanent place of business and purchases of precious metals and gems do not exceed five percent of the retail merchant's annual business.</section>
   </text>
</law>