<?xml version="1.0" encoding="utf-8"?>
<law xmlns:xs="http://www.w3.org/2001/XMLSchema" xmlns:orig="http://StatRev.xsd"
     xmlns:fn="http://localhost/">
   <structure>
      <unit label="title" identifier="53.1" level="1">Prisons And Other Methods Of Correction</unit>
      <unit label="chapter" identifier="3" level="2">Local Correctional Facilities</unit>
      <unit label="article" identifier="3.1" level="3">Jail Authorities</unit>
   </structure>
   <section_number>53.1-95.5</section_number>
   <catch_line>Joinder of new subdivision; withdrawal from authority</catch_line>
   <history>1990, c. 837.</history>
   <text>Any political subdivision may become a member of any existing authority, and any political subdivision which is a member of an existing authority may withdraw therefrom, but no political subdivision shall be permitted to withdraw from any authority after any obligation has been incurred by the authority except by unanimous vote of all members of the authority.The governing body of any political subdivision wishing to withdraw from an existing authority shall signify its desire by resolution or ordinance. The governing body of any political subdivision wishing to become a member of an existing authority and the governing bodies of the political subdivisions then members of the authority shall by concurrent resolutions or ordinances or by agreement provide for the joinder of such political subdivision and specify the number and term of office of members of the expanded authority which are to be appointed by each of the participating political subdivisions, together with the name, address and term of office of initial appointments to membership.</text>
</law>