<?xml version="1.0" encoding="utf-8"?>
<law xmlns:xs="http://www.w3.org/2001/XMLSchema" xmlns:orig="http://StatRev.xsd"
     xmlns:fn="http://localhost/">
   <structure>
      <unit label="title" identifier="13.1" level="1">Corporations</unit>
      <unit label="chapter" identifier="14" level="2">Virginia Business Trust Act</unit>
      <unit label="article" identifier="2" level="3">Formation</unit>
   </structure>
   <section_number>13.1-1214</section_number>
   <catch_line>Name</catch_line>
   <history>2002, c. 621; 2003, cc. 373, 592; 2005, c. 379; 2012, c. 63; 2013, c. 25.</history>
   <text>
      <section prefix="A"> A business trust name may contain:<section prefix="1"> One or more of the following words: "company," "association," "club," "foundation," "fund," "institute," "society," "union," or "syndicate," or abbreviations of like import; and</section>
         <section prefix="2"> The word "trust," provided that the context or remaining words in the name meet the standards prescribed in §§ 6.2-939 and 6.2-1040.</section>
      </section>
      <section prefix="B"> A business trust name shall not contain:<section prefix="1"> Any word, abbreviation, or combination of characters that states or implies the business trust is a corporation, a limited liability company, a limited partnership, or a registered limited liability partnership; or</section>
         <section prefix="2"> Any word or phrase the use of which is prohibited by law for such business trust.</section>
      </section>
      <section prefix="C"> Except as authorized by subsection D, a business trust name shall be distinguishable upon the records of the Commission from:<section prefix="1"> The name of a domestic business trust or a foreign business trust registered to transact business in the Commonwealth;</section>
         <section prefix="2"> A business trust name reserved under § 13.1-1215;</section>
         <section prefix="3"> The designated name adopted by a foreign business trust because its real name is unavailable for use in the Commonwealth;</section>
         <section prefix="4"> The name of any corporation, whether issuing shares or not issuing shares, existing under the laws of the Commonwealth or authorized to transact business in the Commonwealth;</section>
         <section prefix="5"> A corporate name reserved or registered under § 13.1-631, 13.1-632, 13.1-830, or 13.1-831;</section>
         <section prefix="6"> The designated name adopted by a foreign corporation, whether issuing shares or not issuing shares, because its real name is unavailable for use in the Commonwealth;</section>
         <section prefix="7"> The name of a domestic limited liability company or a foreign limited liability company registered to transact business in the Commonwealth;</section>
         <section prefix="8"> A limited liability company name reserved under § 13.1-1013;</section>
         <section prefix="9"> The designated name adopted by a foreign limited liability company because its real name is unavailable for use in the Commonwealth;</section>
         <section prefix="10"> The name of a domestic limited partnership or a foreign limited partnership registered to transact business in the Commonwealth;</section>
         <section prefix="11"> A limited partnership name reserved under § 50-73.3; and</section>
         <section prefix="12"> The designated name adopted by a foreign limited partnership because its real name is unavailable for use in the Commonwealth.</section>
      </section>
      <section prefix="D"> A domestic business trust may apply to the Commission for authorization to use a name that is not distinguishable upon its records from one or more of the names described in subsection C. The Commission shall authorize use of the name applied for if the other domestic or foreign business trust or other business entity consents to the use in writing and submits an undertaking in form satisfactory to the Commission to change its name to a name that is distinguishable upon the records of the Commission from the name of the applying business trust.</section>
      <section prefix="E"> The use of assumed names or fictitious names, as provided for in Chapter 5 (§ 59.1-69 et seq.) of Title 59.1, is not affected by this chapter.</section>
      <section prefix="F"> The Commission, in determining whether a business trust name is distinguishable upon its records from the name of any of the business entities listed in subsection C, shall not consider any word, phrase, abbreviation, or designation required or permitted under § 13.1-544.1, subsection A of § 13.1-630, subsection A of § 13.1-1012, § 13.1-1104, subsection A of § 50-73.2, and subdivision A 2 of § 50-73.78 to be contained in the name of a business entity formed or organized under the laws of the Commonwealth or authorized or registered to transact business in the Commonwealth.</section>
   </text>
</law>