<?xml version="1.0" encoding="utf-8"?>
<law xmlns:xs="http://www.w3.org/2001/XMLSchema" xmlns:orig="http://StatRev.xsd"
     xmlns:fn="http://localhost/">
   <structure>
      <unit label="title" identifier="58.1" level="1">Taxation</unit>
      <unit label="subtitle" identifier="II" level="2">Taxes Administered By Other Agencies</unit>
      <unit label="chapter" identifier="22" level="3">Virginia Fuels Tax Act</unit>
      <unit label="article" identifier="7" level="4">Enforcement And Administration</unit>
   </structure>
   <section_number>58.1-2268</section_number>
   <catch_line>Engaging in business without a license; civil penalty</catch_line>
   <history>2000, cc. 729, 758.</history>
   <text>Any person who engages in any business activity within the Commonwealth for which a license is required by this chapter without a valid license shall be subject to a civil penalty. The amount of the civil penalty assessed against a person for his first violation shall be $ 5,000. The amount of the civil penalty assessed against a person for his second or subsequent violation shall be $ 10,000.</text>
</law>