<?xml version="1.0" encoding="utf-8"?>
<law xmlns:xs="http://www.w3.org/2001/XMLSchema" xmlns:orig="http://StatRev.xsd"
     xmlns:fn="http://localhost/">
   <structure>
      <unit label="title" identifier="23.1" level="1">Institutions Of Higher Education; Other Educational And Cultural Institutions</unit>
      <unit label="subtitle" identifier="III" level="2">Management And Financing</unit>
      <unit label="chapter" identifier="10" level="3">Restructured Higher Education Financial And Administrative Operations Act</unit>
      <unit label="article" identifier="4" level="4">Restructured Financial And Administrative Authority; Covered Institutions; Management Agreements.</unit>
   </structure>
   <section_number>23.1-1005</section_number>
   <catch_line>(Effective October 1, 2016) Approval of a management agreement</catch_line>
   <history>2005, cc. 933, 945, § 23-38.97; 2016, c. 588.</history>
   <text>
      <section prefix="A"> If the Governor finds that the public institution of higher education meets the criteria set forth in § 23.1-1004, he shall authorize the appropriate Cabinet Secretary to enter into a management agreement with the governing board of such institution.</section>
      <section prefix="B"> Each such management agreement shall be submitted no later than the succeeding November 15 to the House Committee on Appropriations, the House Committee on Education, the Senate Committee on Finance, and the Senate Committee on Education and Health. The Governor shall include a recommendation for approval of the management agreement with the public institution of higher education in "The Budget Bill" submitted pursuant to subsection A of § 2.2-1509 or in his gubernatorial amendments submitted pursuant to subsection E of § 2.2-1509 due by the December 20 that immediately follows the date of submission of the management agreement to such Committees.</section>
      <section prefix="C"> The General Assembly shall consider whether to approve or disapprove the management agreement as recommended. If the management agreement is approved as part of the general appropriation act, it shall become effective on the effective date of such general appropriation act.</section>
   </text>
</law>