<?xml version="1.0" encoding="utf-8"?>
<law xmlns:xs="http://www.w3.org/2001/XMLSchema" xmlns:orig="http://StatRev.xsd"
     xmlns:fn="http://localhost/">
   <structure>
      <unit label="title" identifier="54.1" level="1">Professions And Occupations</unit>
      <unit label="subtitle" identifier="II" level="2">Professions And Occupations Regulated By The Department Of Professional And Occupational Regulation And Boards Within The Department</unit>
      <unit label="chapter" identifier="22" level="3">Soil Scientists, Wetland Professionals, And Geologists</unit>
      <unit label="article" identifier="2" level="4">Soil Scientists And Wetland Professionals.</unit>
   </structure>
   <section_number>54.1-2202</section_number>
   <catch_line>Repealed</catch_line>
   <history/>
   <text>Repealed by Acts 2012, cc. 803 and 835, cl. 39.</text>
</law>