<?xml version="1.0" encoding="utf-8"?>
<law xmlns:xs="http://www.w3.org/2001/XMLSchema" xmlns:orig="http://StatRev.xsd"
     xmlns:fn="http://localhost/">
   <structure>
      <unit label="title" identifier="58.1" level="1">Taxation</unit>
      <unit label="subtitle" identifier="I" level="2">Taxes Administered By The Department Of Taxation</unit>
      <unit label="chapter" identifier="6.2" level="3">Virginia Communications Sales And Use Tax</unit>
   </structure>
   <section_number>58.1-661</section_number>
   <catch_line>Certain provisions in Chapter 6 of this title to apply, mutatis mutandis</catch_line>
   <history>2006, c. 780.</history>
   <text>The provisions in §§ 58.1-630 through 58.1-637 of this title shall apply to this chapter, mutatis mutandis, except as herein provided and except that whenever the term "dealer" is used in these sections, the term "communications services provider" shall be substituted. The Tax Commissioner shall promulgate regulations to interpret and clarify the applicability of §§ 58.1-630 through 58.1-637 to this chapter.</text>
</law>