<?xml version="1.0" encoding="utf-8"?>
<law xmlns:xs="http://www.w3.org/2001/XMLSchema" xmlns:orig="http://StatRev.xsd"
     xmlns:fn="http://localhost/">
   <structure>
      <unit label="title" identifier="15.2" level="1">Counties, Cities And Towns</unit>
      <unit label="subtitle" identifier="II" level="2">Powers Of Local Government</unit>
      <unit label="chapter" identifier="22" level="3">Planning, Subdivision Of Land And Zoning</unit>
      <unit label="article" identifier="6" level="4">Land Subdivision And Development</unit>
   </structure>
   <section_number>15.2-2274</section_number>
   <catch_line>Effect of vacation under § 15.2-2272</catch_line>
   <history>Code 1950, §§ 15-793, 15-967.18; 1950, p. 722; 1962, c. 407, § 15.1-483; 1964, c. 564; 1997, c. 587.</history>
   <text>The recordation of the instrument as provided under subdivision 1 of § 15.2-2272 or of the ordinance as provided under subdivision 2 of § 15.2-2272 shall operate to destroy the force and effect of the recording of the plat or part thereof so vacated, and to vest fee simple title to the centerline of any streets, alleys or easements for public passage so vacated in the owners of abutting lots free and clear of any rights of the public or other owners of lots shown on the plat, but subject to the rights of the owners of any public utility installations which have been previously erected therein. If any street, alley or easement for public passage is located on the periphery of the plat, the title for the entire width thereof shall vest in the abutting lot owners. The fee simple title to any portion of the plat so vacated as was set apart for other public use shall be revested in the owners, proprietors and trustees, if any, who signed the statement required by § 15.2-2264 free and clear of any rights of public use in the same.</text>
</law>