<?xml version="1.0" encoding="utf-8"?>
<law xmlns:xs="http://www.w3.org/2001/XMLSchema" xmlns:orig="http://StatRev.xsd"
     xmlns:fn="http://localhost/">
   <structure>
      <unit label="title" identifier="19.2" level="1">Criminal Procedure</unit>
      <unit label="chapter" identifier="18" level="2">Sentence; Judgment; Execution Of Sentence</unit>
      <unit label="article" identifier="1" level="3">General Provisions</unit>
   </structure>
   <section_number>19.2-309.1</section_number>
   <catch_line>Sentence of confinement to jail farms maintained by the Cities of Danville, Martinsville and Newport News [Not set out.]</catch_line>
   <history/>
   <text>(1988, cc. 764, 785.)</text>
</law>