<?xml version="1.0" encoding="utf-8"?>
<law xmlns:xs="http://www.w3.org/2001/XMLSchema" xmlns:orig="http://StatRev.xsd"
     xmlns:fn="http://localhost/">
   <structure>
      <unit label="title" identifier="63.2" level="1">Welfare (social Services)</unit>
      <unit label="subtitle" identifier="III" level="2">Social Services Programs</unit>
      <unit label="chapter" identifier="14" level="3">Uniform Act On Adoption And Medical Assistance</unit>
   </structure>
   <section_number>63.2-1405</section_number>
   <catch_line>Federal participation</catch_line>
   <history>1988, c. 154, § 63.1-238.11; 2002, c. 747.</history>
   <text>Consistent with federal law, the Department and the Department of Medical Assistance Services, in connection with the administration of this chapter and any compact pursuant hereto, shall include in any state plan made pursuant to the Adoption Assistance and Child Welfare Act of 1980 (P.L. 96-272), Titles IV-E and XIX of the Social Security Act, as amended, and any other applicable federal laws, the provision of adoption assistance and medical assistance for which the federal government pays some or all of the costs. The Departments shall apply for and administer all relevant federal aid in accordance with law.</text>
</law>