<?xml version="1.0" encoding="utf-8"?>
<law xmlns:xs="http://www.w3.org/2001/XMLSchema" xmlns:orig="http://StatRev.xsd"
     xmlns:fn="http://localhost/">
   <structure>
      <unit label="title" identifier="50" level="1">Partnerships</unit>
      <unit label="chapter" identifier="2.2" level="2">Virginia Uniform Partnership Act</unit>
      <unit label="article" identifier="7" level="3">Partner's Dissociation When Business Not Wound Up</unit>
   </structure>
   <section_number>50-73.114</section_number>
   <catch_line>Dissociated partner's liability to other persons</catch_line>
   <history>1996, c. 292.</history>
   <text>
      <section prefix="A"> A partner's dissociation does not of itself discharge the partner's liability for a partnership obligation incurred before dissociation. A dissociated partner is not liable for a partnership obligation incurred after dissociation, except as otherwise provided in subsection B.</section>
      <section prefix="B"> A partner who dissociates without resulting in a dissolution and winding up of the partnership business is liable as a partner to the other party in a transaction entered into by the partnership, or a surviving partnership under Article 9, within one year after the partner's dissociation, only if the obligation is one for which he would be liable under § 50-73.96 if he were a partner and at the time of entering into the transaction the other party:<section prefix="1"> Reasonably believed that the dissociated partner was then a partner;</section>
         <section prefix="2"> Did not have notice of the partner's dissociation; and</section>
         <section prefix="3"> Is not deemed to have had knowledge under subsection E of § 50-73.93 or notice under subsection C of § 50-73.115.</section>
      </section>
      <section prefix="C"> By agreement with the partnership creditor and the partners continuing the business, a dissociated partner may be released from liability for a partnership obligation.</section>
      <section prefix="D"> A dissociated partner is released from liability for a partnership obligation if a partnership creditor, with notice of the partner's dissociation but without the partner's consent, agrees to a material alteration in the nature or time of payment of a partnership obligation.</section>
   </text>
</law>