<?xml version="1.0" encoding="utf-8"?>
<law xmlns:xs="http://www.w3.org/2001/XMLSchema" xmlns:orig="http://StatRev.xsd"
     xmlns:fn="http://localhost/">
   <structure>
      <unit label="title" identifier="46.2" level="1">Motor Vehicles</unit>
      <unit label="subtitle" identifier="V" level="2">Motor Carriers</unit>
      <unit label="chapter" identifier="21" level="3">Regulation Of Property Carriers</unit>
      <unit label="article" identifier="1" level="4">Motor Carriers Of Property -- Generally</unit>
   </structure>
   <section_number>46.2-2108.1</section_number>
   <catch_line>Disposition of funds collected</catch_line>
   <history>2001, c. 596.</history>
   <text>Except as otherwise provided, all fees collected by the Commissioner pursuant to this chapter shall be paid into the state treasury and set aside as a special fund to be used to meet the expenses of the Department.</text>
</law>