<?xml version="1.0" encoding="utf-8"?>
<law xmlns:xs="http://www.w3.org/2001/XMLSchema" xmlns:orig="http://StatRev.xsd"
     xmlns:fn="http://localhost/">
   <structure>
      <unit label="title" identifier="8.01" level="1">Civil Remedies And Procedure</unit>
      <unit label="chapter" identifier="20.2" level="2">Court-referred Dispute Resolution Proceedings</unit>
   </structure>
   <section_number>8.01-576.12</section_number>
   <catch_line>Vacating orders and agreements</catch_line>
   <history>1993, c. 905; 2002, c. 718.</history>
   <text>
      <section prefix="">Upon the filing of an independent action by a party, the court shall vacate a mediated agreement reached in a dispute resolution proceeding pursuant to this chapter, or vacate an order incorporating or resulting from such agreement, where:<section prefix="1"> The agreement was procured by fraud or duress, or is unconscionable;</section>
         <section prefix="2"> If property or financial matters in domestic relations cases involving divorce, property, support or the welfare of a child are in dispute, the parties failed to provide substantial full disclosure of all relevant property and financial information; or</section>
         <section prefix="3"> There was evident partiality or misconduct by the neutral, prejudicing the rights of any party.</section>
      </section>
      <section prefix="">For purposes of this section, "misconduct" includes failure of the neutral to inform the parties in writing at the commencement of the mediation process that: (i) the neutral does not provide legal advice, (ii) any mediated agreement may affect the legal rights of the parties, (iii) each party to the mediation has the opportunity to consult with independent legal counsel at any time and is encouraged to do so, and (iv) each party to the mediation should have any draft agreement reviewed by independent counsel prior to signing the agreement.The fact that any provisions of a mediated agreement were such that they could not or would not be granted by a court of law or equity is not, in and of itself, grounds for vacating an agreement.A motion to vacate under this section shall be made within two years after the mediated agreement is entered into, except that, if predicated upon fraud, it shall be made within two years after these grounds are discovered or reasonably should have been discovered.</section>
   </text>
</law>