<?xml version="1.0" encoding="utf-8"?>
<law xmlns:xs="http://www.w3.org/2001/XMLSchema" xmlns:orig="http://StatRev.xsd"
     xmlns:fn="http://localhost/">
   <structure>
      <unit label="title" identifier="20" level="1">Domestic Relations</unit>
      <unit label="chapter" identifier="6" level="2">Divorce, Affirmation And Annulment</unit>
   </structure>
   <section_number>20-124</section_number>
   <catch_line>Sequestration of record</catch_line>
   <history>1978, c. 484; 1990, c. 623.</history>
   <text>Upon motion of a party to any suit under this chapter, the court may order the record thereof or any agreement of the parties, filed therein, to be sealed and withheld from public inspection and thereafter the same shall only be opened to the parties, their respective attorneys, and to such other persons as the judge of such court at his discretion decides have a proper interest therein.</text>
</law>