<?xml version="1.0" encoding="utf-8"?>
<law xmlns:xs="http://www.w3.org/2001/XMLSchema" xmlns:orig="http://StatRev.xsd"
     xmlns:fn="http://localhost/">
   <structure>
      <unit label="title" identifier="53.1" level="1">Prisons And Other Methods Of Correction</unit>
      <unit label="chapter" identifier="3" level="2">Local Correctional Facilities</unit>
      <unit label="article" identifier="3" level="3">Funding Local Correctional Facilities And Programs</unit>
   </structure>
   <section_number>53.1-90</section_number>
   <catch_line>Pay for United States prisoners</catch_line>
   <history>Code 1950, § 53-181; 1982, c. 636; 1991, c. 383.</history>
   <text>Each sheriff or jail superintendent shall collect from the United States, for prisoners of the United States confined in the jail of his county, city or region, such amounts as shall be agreed upon by the governing body of the county or city or, in the case of a regional jail, the regional jail authority or, if none, the body responsible for the fiscal management of the regional jails and the appropriate authorities of the Government of the United States, which amounts shall not be less than the actual cost of feeding, clothing, caring for and furnishing medicine and medical attention for such prisoners.</text>
</law>