<?xml version="1.0" encoding="utf-8"?>
<law xmlns:xs="http://www.w3.org/2001/XMLSchema" xmlns:orig="http://StatRev.xsd"
     xmlns:fn="http://localhost/">
   <structure>
      <unit label="title" identifier="40.1" level="1">Labor And Employment</unit>
      <unit label="chapter" identifier="3" level="2">Protection Of Employees</unit>
      <unit label="article" identifier="5" level="3">Safety Provisions</unit>
   </structure>
   <section_number>40.1-51.4</section_number>
   <catch_line>Repealed</catch_line>
   <history/>
   <text>Repealed by Acts 1979, c. 354.</text>
</law>