<?xml version="1.0" encoding="utf-8"?>
<law xmlns:xs="http://www.w3.org/2001/XMLSchema" xmlns:orig="http://StatRev.xsd"
     xmlns:fn="http://localhost/">
   <structure>
      <unit label="title" identifier="32.1" level="1">Health</unit>
      <unit label="chapter" identifier="2" level="2">Disease Prevention And Control</unit>
      <unit label="article" identifier="2" level="3">Investigation Of Diseases</unit>
   </structure>
   <section_number>32.1-40</section_number>
   <catch_line>Authority of Commissioner to examine medical records</catch_line>
   <history>Code 1950, § 32-10.1; 1960, c. 507; 1979, c. 711.</history>
   <text>Every practitioner of the healing arts and every person in charge of any medical care facility shall permit the Commissioner or his designee to examine and review any medical records which he has in his possession or to which he has access upon request of the Commissioner or his designee in the course of investigation, research or studies of diseases or deaths of public health importance. No such practitioner or person shall be liable in any action at law for permitting such examination and review.</text>
</law>