<?xml version="1.0" encoding="utf-8"?>
<law xmlns:xs="http://www.w3.org/2001/XMLSchema" xmlns:orig="http://StatRev.xsd"
     xmlns:fn="http://localhost/">
   <structure>
      <unit label="title" identifier="19.2" level="1">Criminal Procedure</unit>
      <unit label="chapter" identifier="20" level="2">Taxation And Allowance Of Costs</unit>
   </structure>
   <section_number>19.2-336</section_number>
   <catch_line>Clerk to make up statement of whole cost, and issue execution therefor</catch_line>
   <history>Code 1950, § 19.1-320; 1960, c. 366; 1970, c. 429; 1975, c. 495; 1978, c. 716; 1995, c. 485; 2005, c. 631; 2012, c. 714.</history>
   <text>In every criminal case the clerk of the circuit court in which the accused is found guilty or is placed on probation during deferral of the proceedings pursuant to § 16.1-278.8, 16.1-278.9, 18.2-61, 18.2-67.1, 18.2-67.2, 18.2-251 or 19.2-303.2, or, if the conviction is in a district court, the clerk to which the judge thereof certifies as aforesaid, shall, as soon as may be, make up a statement of all the expenses incident to the prosecution, including such as are certified under § 19.2-335, and execution for the amount of such expenses shall be issued and proceeded with. Chapter 21 (§ 19.2-339 et seq.) shall apply thereto in like manner as if, on the day of completing the statement, there was a judgment in such court in favor of the Commonwealth against the accused for such amount as a fine. However, in any case in which an accused waives trial by jury, at least 10 days before trial, but the Commonwealth or the court trying the case refuses to so waive, then the cost of the jury shall not be included in such statement or judgment recorded pursuant to § 17.1-275.5.</text>
</law>