<?xml version="1.0" encoding="utf-8"?>
<law xmlns:xs="http://www.w3.org/2001/XMLSchema" xmlns:orig="http://StatRev.xsd"
     xmlns:fn="http://localhost/">
   <structure>
      <unit label="title" identifier="58.1" level="1">Taxation</unit>
      <unit label="subtitle" identifier="I" level="2">Taxes Administered By The Department Of Taxation</unit>
      <unit label="chapter" identifier="6" level="3">Retail Sales And Use Tax</unit>
   </structure>
   <section_number>58.1-619</section_number>
   <catch_line>Returned goods</catch_line>
   <history>Code 1950, § 58-441.22; 1966, c. 151; 1984, c. 675.</history>
   <text>In the event purchases are returned to the dealer by the purchaser or consumer after the tax imposed by this chapter has been collected or charged to the account of the purchaser, the dealer shall be entitled to reimbursement of the amount of tax so collected or charged by him, in the manner prescribed by the Tax Commissioner. The amount of tax so reimbursed to the dealer shall not, however, include the tax paid upon any cash retained by the dealer after such return of merchandise. In case the tax has not been remitted by the dealer, the dealer may deduct the same in submitting his return. The dealer shall be issued an official credit memorandum by the Tax Commissioner equal to the net amount remitted by the dealer for such tax collected. Such memorandum shall be accepted at full face value from the dealer to whom it is issued when such dealer remits subsequent taxes under the provisions of this chapter. In case the dealer has retired from business and has filed a final return, a refund of tax may be made if the dealer can establish that the tax was not due.</text>
</law>