<?xml version="1.0" encoding="utf-8"?>
<law xmlns:xs="http://www.w3.org/2001/XMLSchema" xmlns:orig="http://StatRev.xsd"
     xmlns:fn="http://localhost/">
   <structure>
      <unit label="title" identifier="46.2" level="1">Motor Vehicles</unit>
      <unit label="subtitle" identifier="II" level="2">Titling, Registration And Licensure</unit>
      <unit label="chapter" identifier="3" level="3">Licensure Of Drivers</unit>
      <unit label="article" identifier="3" level="4">Persons Not To Be Licensed</unit>
   </structure>
   <section_number>46.2-314</section_number>
   <catch_line>Mental incapacity</catch_line>
   <history>Code 1950, § 46-356; 1958, c. 541, § 46.1-360; 1976, c. 368; 1984, c. 780; 1989, c. 727; 1997, c. 801; 2012, cc. 476, 507.</history>
   <text>No driver's license shall be issued to any applicant who has previously been adjudged incapacitated and who has not, at the time of such application, been (i) adjudged restored to capacity by judicial decree or (ii) released from a hospital for individuals with mental illness on a certificate of the superintendent of the hospital that the person is capable. In either case, no driver's license shall be issued to him unless the Department is satisfied that he is competent to drive a motor vehicle with safety to persons and property.</text>
</law>