<?xml version="1.0" encoding="utf-8"?>
<law xmlns:xs="http://www.w3.org/2001/XMLSchema" xmlns:orig="http://StatRev.xsd"
     xmlns:fn="http://localhost/">
   <structure>
      <unit label="title" identifier="19.2" level="1">Criminal Procedure</unit>
      <unit label="chapter" identifier="23" level="2">Central Criminal Records Exchange</unit>
   </structure>
   <section_number>19.2-389</section_number>
   <catch_line>Dissemination of criminal history record information</catch_line>
   <history>Code 1950, § 19.1-19.2; 1966, c. 669; 1968, c. 537; 1970, c. 118; 1975, c. 495; 1976, c. 771; 1977, c. 626; 1978, c. 350; 1979, c. 480; 1981, c. 207; 1985, c. 360; 1987, cc. 130, 131; 1988, c. 851; 1989, c. 544; 1990, c. 766; 1991, c. 342; 1992, cc. 422, 641, 718, 746, 791, 844; 1993, cc. 48, 313, 348; 1994, cc. 34, 670, 700, 830; 1995, cc. 409, 645, 731, 781, 809; 1996, cc. 428, 432, 747, 881, 927, 944; 1997, cc. 169, 177, 606, 691, 721, 743, 796, 895; 1998, cc. 113, 405, 445, 882; 1999, cc. 383, 685; 2001, cc. 552, 582; 2002, cc. 370, 587, 606; 2003, c. 731; 2005, cc. 149, 914, 928; 2006, cc. 257, 277, 644; 2007, cc. 12, 361, 495, 572; 2008, cc. 387, 689, 863; 2009, cc. 667, 813, 840; 2010, cc. 189, 340, 406, 456, 524, 563, 862; 2011, cc. 432, 449; 2012, cc. 40, 189, 386, 476, 507, 803, 835; 2013, cc. 165, 176, 261, 407, 491, 582; 2014, cc. 225, 454; 2015, cc. 38, 343, 540, 730, 758, 770; 2016, cc. 454, 554, 574.</history>
   <text>
      <section prefix="A"> Criminal history record information shall be disseminated, whether directly or through an intermediary, only to:<section prefix="1"> Authorized officers or employees of criminal justice agencies, as defined by § 9.1-101, for purposes of the administration of criminal justice and the screening of an employment application or review of employment by a criminal justice agency with respect to its own employees or applicants, and dissemination to the Virginia Parole Board, pursuant to this subdivision, of such information on all state-responsible inmates for the purpose of making parole determinations pursuant to subdivisions 1, 2, 3, and 5 of § 53.1-136 shall include collective dissemination by electronic means every 30 days. For purposes of this subdivision, criminal history record information includes information sent to the Central Criminal Records Exchange pursuant to §§ 37.2-819 and 64.2-2014 when disseminated to any full-time or part-time employee of the State Police, a police department or sheriff's office that is a part of or administered by the Commonwealth or any political subdivision thereof, and who is responsible for the prevention and detection of crime and the enforcement of the penal, traffic or highway laws of the Commonwealth for the purposes of the administration of criminal justice;</section>
         <section prefix="2"> Such other individuals and agencies that require criminal history record information to implement a state or federal statute or executive order of the President of the United States or Governor that expressly refers to criminal conduct and contains requirements or exclusions expressly based upon such conduct, except that information concerning the arrest of an individual may not be disseminated to a noncriminal justice agency or individual if an interval of one year has elapsed from the date of the arrest and no disposition of the charge has been recorded and no active prosecution of the charge is pending;</section>
         <section prefix="3"> Individuals and agencies pursuant to a specific agreement with a criminal justice agency to provide services required for the administration of criminal justice pursuant to that agreement which shall specifically authorize access to data, limit the use of data to purposes for which given, and ensure the security and confidentiality of the data;</section>
         <section prefix="4"> Individuals and agencies for the express purpose of research, evaluative, or statistical activities pursuant to an agreement with a criminal justice agency that shall specifically authorize access to data, limit the use of data to research, evaluative, or statistical purposes, and ensure the confidentiality and security of the data;</section>
         <section prefix="5"> Agencies of state or federal government that are authorized by state or federal statute or executive order of the President of the United States or Governor to conduct investigations determining employment suitability or eligibility for security clearances allowing access to classified information;</section>
         <section prefix="6"> Individuals and agencies where authorized by court order or court rule;</section>
         <section prefix="7"> Agencies of any political subdivision of the Commonwealth, public transportation companies owned, operated or controlled by any political subdivision, and any public service corporation that operates a public transit system owned by a local government for the conduct of investigations of applicants for employment, permit, or license whenever, in the interest of public welfare or safety, it is necessary to determine under a duly enacted ordinance if the past criminal conduct of a person with a conviction record would be compatible with the nature of the employment, permit, or license under consideration;</section>
         <section prefix="7a"> Commissions created pursuant to the Transportation District Act of 1964 (§ 33.2-1900 et seq.) of Title 33.2 and their contractors, for the conduct of investigations of individuals who have been offered a position of employment whenever, in the interest of public welfare or safety and as authorized in the Transportation District Act of 1964, it is necessary to determine if the past criminal conduct of a person with a conviction record would be compatible with the nature of the employment under consideration;</section>
         <section prefix="8"> Public or private agencies when authorized or required by federal or state law or interstate compact to investigate (i) applicants for foster or adoptive parenthood or (ii) any individual, and the adult members of that individual's household, with whom the agency is considering placing a child or from whom the agency is considering removing a child due to abuse or neglect, on an emergency, temporary, or permanent basis pursuant to §§ 63.2-901.1 and 63.2-1505, subject to the restriction that the data shall not be further disseminated to any party other than a federal or state authority or court as may be required to comply with an express requirement of law;</section>
         <section prefix="9"> To the extent permitted by federal law or regulation, public service companies as defined in § 56-1, for the conduct of investigations of applicants for employment when such employment involves personal contact with the public or when past criminal conduct of an applicant would be incompatible with the nature of the employment under consideration;</section>
         <section prefix="10"> The appropriate authority for purposes of granting citizenship and for purposes of international travel, including, but not limited to, issuing visas and passports;</section>
         <section prefix="11"> A person requesting a copy of his own criminal history record information as defined in § 9.1-101 at his cost, except that criminal history record information shall be supplied at no charge to a person who has applied to be a volunteer with (i) a Virginia affiliate of Big Brothers/Big Sisters of America; (ii) a volunteer fire company; (iii) the Volunteer Emergency Families for Children; (iv) any affiliate of Prevent Child Abuse, Virginia; (v) any Virginia affiliate of Compeer; or (vi) any board member or any individual who has been offered membership on the board of a Crime Stoppers, Crime Solvers or Crime Line program as defined in § 15.2-1713.1;</section>
         <section prefix="12"> Administrators and board presidents of and applicants for licensure or registration as a child welfare agency as defined in § 63.2-100 for dissemination to the Commissioner of Social Services' representative pursuant to § 63.2-1702 for the conduct of investigations with respect to employees of and volunteers at such facilities, caretakers, and other adults living in family day homes or homes approved by family day systems, and foster and adoptive parent applicants of private child-placing agencies, pursuant to §§ 63.2-1719, 63.2-1720, 63.2-1720.1, 63.2-1721, and 63.2-1721.1, subject to the restriction that the data shall not be further disseminated by the facility or agency to any party other than the data subject, the Commissioner of Social Services' representative or a federal or state authority or court as may be required to comply with an express requirement of law for such further dissemination;</section>
         <section prefix="13"> The school boards of the Commonwealth for the purpose of screening individuals who are offered or who accept public school employment and those current school board employees for whom a report of arrest has been made pursuant to § 19.2-83.1;</section>
         <section prefix="14"> The Virginia Lottery for the conduct of investigations as set forth in the Virginia Lottery Law (§ 58.1-4000 et seq.), and the Department of Agriculture and Consumer Services for the conduct of investigations as set forth in Article 1.1:1 (§ 18.2-340.15 et seq.) of Chapter 8 of Title 18.2;</section>
         <section prefix="15"> Licensed nursing homes, hospitals and home care organizations for the conduct of investigations of applicants for compensated employment in licensed nursing homes pursuant to § 32.1-126.01, hospital pharmacies pursuant to § 32.1-126.02, and home care organizations pursuant to § 32.1-162.9:1, subject to the limitations set out in subsection E;</section>
         <section prefix="16"> Licensed assisted living facilities and licensed adult day care centers for the conduct of investigations of applicants for compensated employment in licensed assisted living facilities and licensed adult day care centers pursuant to § 63.2-1720, subject to the limitations set out in subsection F;</section>
         <section prefix="17"> The Alcoholic Beverage Control Board for the conduct of investigations as set forth in § 4.1-103.1;</section>
         <section prefix="17"> The Virginia Alcoholic Beverage Control Authority for the conduct of investigations as set forth in § 4.1-103.1;</section>
         <section prefix="18"> The State Board of Elections and authorized officers and employees thereof and general registrars appointed pursuant to § 24.2-110 in the course of conducting necessary investigations with respect to voter registration, limited to any record of felony convictions;</section>
         <section prefix="19"> The Commissioner of Behavioral Health and Developmental Services for those individuals who are committed to the custody of the Commissioner pursuant to §§ 19.2-169.2, 19.2-169.6, 19.2-182.2, 19.2-182.3, 19.2-182.8, and 19.2-182.9 for the purpose of placement, evaluation, and treatment planning;</section>
         <section prefix="20"> Any alcohol safety action program certified by the Commission on the Virginia Alcohol Safety Action Program for (i) assessments of habitual offenders under § 46.2-360, (ii) interventions with first offenders under § 18.2-251, or (iii) services to offenders under § 18.2-51.4, 18.2-266, or 18.2-266.1;</section>
         <section prefix="21"> Residential facilities for juveniles regulated or operated by the Department of Social Services, the Department of Education, or the Department of Behavioral Health and Developmental Services for the purpose of determining applicants' fitness for employment or for providing volunteer or contractual services;</section>
         <section prefix="22"> The Department of Behavioral Health and Developmental Services and facilities operated by the Department for the purpose of determining an individual's fitness for employment pursuant to departmental instructions;</section>
         <section prefix="23"> Pursuant to § 22.1-296.3, the governing boards or administrators of private elementary or secondary schools which are accredited pursuant to § 22.1-19 or a private organization coordinating such records information on behalf of such governing boards or administrators pursuant to a written agreement with the Department of State Police;</section>
         <section prefix="24"> Public and nonprofit private colleges and universities for the purpose of screening individuals who are offered or accept employment;</section>
         <section prefix="25"> Members of a threat assessment team established by a local school board pursuant to § 22.1-79.4, by a public institution of higher education pursuant to § 23-9.2:10, or by a private nonprofit institution of higher education, for the purpose of assessing or intervening with an individual whose behavior may present a threat to safety; however, no member of a threat assessment team shall redisclose any criminal history record information obtained pursuant to this section or otherwise use any record of an individual beyond the purpose that such disclosure was made to the threat assessment team;</section>
         <section prefix="25"> Members of a threat assessment team established by a local school board pursuant to § 22.1-79.4, by a public institution of higher education pursuant to § 23.1-805, or by a private nonprofit institution of higher education, for the purpose of assessing or intervening with an individual whose behavior may present a threat to safety; however, no member of a threat assessment team shall redisclose any criminal history record information obtained pursuant to this section or otherwise use any record of an individual beyond the purpose that such disclosure was made to the threat assessment team;</section>
         <section prefix="26"> Executive directors of community services boards or the personnel director serving the community services board for the purpose of determining an individual's fitness for employment, approval as a sponsored residential service provider, or permission to enter into a shared living arrangement with a person receiving medical assistance services pursuant to a waiver pursuant to §§ 37.2-506 and 37.2-607;</section>
         <section prefix="27"> Executive directors of behavioral health authorities as defined in § 37.2-600 for the purpose of determining an individual's fitness for employment, approval as a sponsored residential service provider, or permission to enter into a shared living arrangement with a person receiving medical assistance services pursuant to a waiver pursuant to §§ 37.2-506 and 37.2-607;</section>
         <section prefix="28"> The Commissioner of Social Services for the purpose of locating persons who owe child support or who are alleged in a pending paternity proceeding to be a putative father, provided that only the name, address, demographics and social security number of the data subject shall be released;</section>
         <section prefix="29"> Authorized officers or directors of agencies licensed pursuant to Article 2 (§ 37.2-403 et seq.) of Chapter 4 of Title 37.2 by the Department of Behavioral Health and Developmental Services for the purpose of determining if any applicant who accepts employment in any direct care position or requests approval as a sponsored residential service provider or permission to enter into a shared living arrangement with a person receiving medical assistance services pursuant to a waiver has been convicted of a crime that affects his fitness to have responsibility for the safety and well-being of individuals with mental illness, intellectual disability, or substance abuse pursuant to §§ 37.2-416, 37.2-506, and 37.2-607;</section>
         <section prefix="30"> The Commissioner of the Department of Motor Vehicles, for the purpose of evaluating applicants for and holders of a motor carrier certificate or license subject to the provisions of Chapters 20 (§ 46.2-2000 et seq.) and 21 (§ 46.2-2100 et seq.) of Title 46.2;</section>
         <section prefix="31"> The chairmen of the Committees for Courts of Justice of the Senate or the House of Delegates for the purpose of determining if any person being considered for election to any judgeship has been convicted of a crime;</section>
         <section prefix="32"> Heads of state agencies in which positions have been identified as sensitive for the purpose of determining an individual's fitness for employment in positions designated as sensitive under Department of Human Resource Management policies developed pursuant to § 2.2-1201.1. Dissemination of criminal history record information to the agencies shall be limited to those positions generally described as directly responsible for the health, safety and welfare of the general populace or protection of critical infrastructures;</section>
         <section prefix="33"> The Office of the Attorney General, for all criminal justice activities otherwise permitted under subdivision A 1 and for purposes of performing duties required by the Civil Commitment of Sexually Violent Predators Act (§ 37.2-900 et seq.);</section>
         <section prefix="34"> Shipyards, to the extent permitted by federal law or regulation, engaged in the design, construction, overhaul, or repair of nuclear vessels for the United States Navy, including their subsidiary companies, for the conduct of investigations of applications for employment or for access to facilities, by contractors, leased laborers, and other visitors;</section>
         <section prefix="35"> Any employer of individuals whose employment requires that they enter the homes of others, for the purpose of screening individuals who apply for, are offered, or have accepted such employment;</section>
         <section prefix="36"> Public agencies when and as required by federal or state law to investigate (i) applicants as providers of adult foster care and home-based services or (ii) any individual with whom the agency is considering placing an adult on an emergency, temporary, or permanent basis pursuant to § 63.2-1601.1, subject to the restriction that the data shall not be further disseminated by the agency to any party other than a federal or state authority or court as may be required to comply with an express requirement of law for such further dissemination, subject to limitations set out in subsection G;</section>
         <section prefix="37"> The Department of Medical Assistance Services, or its designee, for the purpose of screening individuals who, through contracts, subcontracts, or direct employment, volunteer, apply for, are offered, or have accepted a position related to the provision of transportation services to enrollees in the Medicaid Program or the Family Access to Medical Insurance Security (FAMIS) Program, or any other program administered by the Department of Medical Assistance Services;</section>
         <section prefix="38"> The State Corporation Commission for the purpose of investigating individuals who are current or proposed members, senior officers, directors, and principals of an applicant or person licensed under Chapter 16 (§ 6.2-1600 et seq.) or Chapter 19 (§ 6.2-1900 et seq.) of Title 6.2. Notwithstanding any other provision of law, if an application is denied based in whole or in part on information obtained from the Central Criminal Records Exchange pursuant to Chapter 16 or 19 of Title 6.2, the Commissioner of Financial Institutions or his designee may disclose such information to the applicant or its designee;</section>
         <section prefix="39"> The Department of Professional and Occupational Regulation for the purpose of investigating individuals for initial licensure pursuant to § 54.1-2106.1;</section>
         <section prefix="40"> The Department for Aging and Rehabilitative Services and the Department for the Blind and Vision Impaired for the purpose of evaluating an individual's fitness for various types of employment and for the purpose of delivering comprehensive vocational rehabilitation services pursuant to Article 11 (§ 51.5-170 et seq.) of Chapter 14 of Title 51.5 that will assist the individual in obtaining employment;</section>
         <section prefix="41"> Bail bondsmen, in accordance with the provisions of § 19.2-120;</section>
         <section prefix="42"> The State Treasurer for the purpose of determining whether a person receiving compensation for wrongful incarceration meets the conditions for continued compensation under § 8.01-195.12;</section>
         <section prefix="43"> The Department of Social Services and directors of local departments of social services for the purpose of screening individuals seeking to enter into a contract with the Department of Social Services or a local department of social services for the provision of child care services for which child care subsidy payments may be provided;</section>
         <section prefix="44"> The Department of Juvenile Justice to investigate any parent, guardian, or other adult members of a juvenile's household when completing a predispositional or postdispositional report required by § 16.1-273 or a Board of Juvenile Justice regulation promulgated pursuant to § 16.1-233; and</section>
         <section prefix="45"> Other entities as otherwise provided by law.Upon an ex parte motion of a defendant in a felony case and upon the showing that the records requested may be relevant to such case, the court shall enter an order requiring the Central Criminal Records Exchange to furnish the defendant, as soon as practicable, copies of any records of persons designated in the order on whom a report has been made under the provisions of this chapter.Notwithstanding any other provision of this chapter to the contrary, upon a written request sworn to before an officer authorized to take acknowledgments, the Central Criminal Records Exchange, or the criminal justice agency in cases of offenses not required to be reported to the Exchange, shall furnish a copy of conviction data covering the person named in the request to the person making the request; however, such person on whom the data is being obtained shall consent in writing, under oath, to the making of such request. A person receiving a copy of his own conviction data may utilize or further disseminate that data as he deems appropriate. In the event no conviction data is maintained on the data subject, the person making the request shall be furnished at his cost a certification to that effect.</section>
      </section>
      <section prefix="B"> Use of criminal history record information disseminated to noncriminal justice agencies under this section shall be limited to the purposes for which it was given and may not be disseminated further.</section>
      <section prefix="C"> No criminal justice agency or person shall confirm the existence or nonexistence of criminal history record information for employment or licensing inquiries except as provided by law.</section>
      <section prefix="D"> Criminal justice agencies shall establish procedures to query the Central Criminal Records Exchange prior to dissemination of any criminal history record information on offenses required to be reported to the Central Criminal Records Exchange to ensure that the most up-to-date disposition data is being used. Inquiries of the Exchange shall be made prior to any dissemination except in those cases where time is of the essence and the normal response time of the Exchange would exceed the necessary time period. A criminal justice agency to whom a request has been made for the dissemination of criminal history record information that is required to be reported to the Central Criminal Records Exchange may direct the inquirer to the Central Criminal Records Exchange for such dissemination. Dissemination of information regarding offenses not required to be reported to the Exchange shall be made by the criminal justice agency maintaining the record as required by § 15.2-1722.</section>
      <section prefix="E"> Criminal history information provided to licensed nursing homes, hospitals and to home care organizations pursuant to subdivision A 15 shall be limited to the convictions on file with the Exchange for any offense specified in §§ 32.1-126.01, 32.1-126.02, and 32.1-162.9:1.</section>
      <section prefix="F"> Criminal history information provided to licensed assisted living facilities and licensed adult day care centers pursuant to subdivision A 16 shall be limited to the convictions on file with the Exchange for any offense specified in § 63.2-1720.</section>
      <section prefix="G"> Criminal history information provided to public agencies pursuant to subdivision A 36 shall be limited to the convictions on file with the Exchange for any offense specified in § 63.2-1719.</section>
      <section prefix="H"> Upon receipt of a written request from an employer or prospective employer, the Central Criminal Records Exchange, or the criminal justice agency in cases of offenses not required to be reported to the Exchange, shall furnish at the employer's cost a copy of conviction data covering the person named in the request to the employer or prospective employer making the request, provided that the person on whom the data is being obtained has consented in writing to the making of such request and has presented a photo-identification to the employer or prospective employer. In the event no conviction data is maintained on the person named in the request, the requesting employer or prospective employer shall be furnished at his cost a certification to that effect. The criminal history record search shall be conducted on forms provided by the Exchange.</section>
   </text>
</law>