<?xml version="1.0" encoding="utf-8"?>
<law xmlns:xs="http://www.w3.org/2001/XMLSchema" xmlns:orig="http://StatRev.xsd"
     xmlns:fn="http://localhost/">
   <structure>
      <unit label="title" identifier="38.2" level="1">Insurance</unit>
      <unit label="chapter" identifier="25" level="2">Mutual Assessment Property And Casualty Insurers</unit>
      <unit label="article" identifier="5" level="3">Financial Provisions</unit>
   </structure>
   <section_number>38.2-2526</section_number>
   <catch_line>Surplus to policyholders</catch_line>
   <history>1986, c. 562.</history>
   <text>
      <section prefix="A"> Surplus to policyholders in addition to the required surplus specified in subsections A and B of § 38.2-2503 may be accumulated in amounts as determined by the board of directors. The surplus may be used for the payment of losses and operating expenses of the insurer.</section>
      <section prefix="B"> Income earned on any surplus to policyholders may be used to pay losses, operating expenses, or added to surplus.</section>
      <section prefix="C"> The provisions of this section shall become effective July 1, 1986.</section>
      <section prefix="D"> Any mutual assessment property and casualty insurer already licensed on July 1, 1986, shall comply with the minimum surplus requirements of § 38.2-2503 by July 1, 1991. Any mutual assessment property and casualty insurer that does not meet the surplus requirements of this section as of July 1, 1986, and is not writing any of the classes authorized in subsections B and C of § 38.2-2503 on July 1, 1986, shall not write any of those classes until the specified surplus requirement is met.</section>
   </text>
</law>