<?xml version="1.0" encoding="utf-8"?>
<law xmlns:xs="http://www.w3.org/2001/XMLSchema" xmlns:orig="http://StatRev.xsd"
     xmlns:fn="http://localhost/">
   <structure>
      <unit label="title" identifier="54.1" level="1">Professions And Occupations</unit>
      <unit label="subtitle" identifier="III" level="2">Professions And Occupations Regulated By Boards Within The Department Of Health Professions</unit>
      <unit label="chapter" identifier="24" level="3">General Provisions</unit>
   </structure>
   <section_number>54.1-2400.7</section_number>
   <catch_line>Practitioners treating other practitioners for certain disorders to make reports; immunity from liability</catch_line>
   <history>Code 1950, § 54-317.2; 1966, c. 166; 1973, c. 529, § 54-317.3; 1974, c. 555; 1977, c. 639; 1978, c. 541; 1986, c. 434; 1988, c. 765, § 54.1-2907; 1996, cc. 937, 980; 2004, cc. 49, 64.</history>
   <text>
      <section prefix="A"> Every practitioner in the Commonwealth who is registered, certified, or licensed by a health regulatory board or who holds a multistate licensure privilege to practice nursing who treats professionally any person registered, certified, or licensed by a health regulatory board or who holds a multistate licensure privilege shall report, unless exempted by subsection C hereof, to the Director of the Department of Health Professions whenever any such health professional is treated for mental disorders, chemical dependency or alcoholism, unless the attending practitioner has determined that there is a reasonable probability that the person being treated is competent to continue in practice or would not constitute danger to himself or to the health and welfare of his patients or the public.</section>
      <section prefix="B"> Any person making a report required by this section or testifying in a judicial or administrative proceeding as a result of such report shall be immune from any civil liability alleged to have resulted therefrom unless such person acted in bad faith or with malicious intent.</section>
      <section prefix="C"> Medical records or information learned or maintained in connection with an alcohol or drug abuse prevention function that is conducted, regulated, or directly or indirectly assisted by any department or agency of the United States shall be exempt from the reporting requirements of this section to the extent that such reporting is in violation of 42 U.S.C. § 290dd-2 or regulations adopted thereunder.</section>
   </text>
</law>