<?xml version="1.0" encoding="utf-8"?>
<law xmlns:xs="http://www.w3.org/2001/XMLSchema" xmlns:orig="http://StatRev.xsd"
     xmlns:fn="http://localhost/">
   <structure>
      <unit label="title" identifier="28.2" level="1">Fisheries And Habitat Of The Tidal Waters</unit>
      <unit label="subtitle" identifier="III" level="2">Habitat</unit>
      <unit label="chapter" identifier="15" level="3">Ungranted Shores Of The Sea, Marshes And Meadowlands</unit>
      <unit label="article" identifier="4" level="4">Resolution Of Conflicting Claims To Inventoried Property</unit>
   </structure>
   <section_number>28.2-1509</section_number>
   <catch_line>Claims to lands designated in an inventory</catch_line>
   <history>1995, c. 850.</history>
   <text>
      <section prefix="A"> Any person claiming ownership of an interest in lands designated as ungranted shores of the sea, marsh or meadowland in an initial inventory, or in any amended or supplemental inventory, may bring an action for declaratory judgment to determine title to the land pursuant to § 8.01-184, an action to establish the boundaries to land pursuant to § 8.01-179, or an action of ejectment pursuant to § 8.01-131.</section>
      <section prefix="B"> Any action pursuant to subsection A with respect to lands designated as ungranted shores of the sea, marsh or meadowland in an initial inventory shall be brought within two years following the effective date of this section. Any action to assert a claim in such land shall be barred unless brought within such two-year period.</section>
      <section prefix="C"> Any action pursuant to subsection A with respect to lands designated as ungranted shores of the sea, marsh or meadowland in an amended or supplemental inventory shall be brought within two years following the filing of such amended or supplemental inventory. Any action to assert a claim in such lands shall be barred unless brought within such two-year period.</section>
      <section prefix="D"> Upon entry of a final judgment ruling that any lands designated in an initial inventory, or in an amended or supplemental inventory, as ungranted shores of the sea, marsh or meadowlands are not property of the Commonwealth, the Commission shall file an amended inventory correcting its designation of such property.</section>
   </text>
</law>