<?xml version="1.0" encoding="utf-8"?>
<law xmlns:xs="http://www.w3.org/2001/XMLSchema" xmlns:orig="http://StatRev.xsd"
     xmlns:fn="http://localhost/">
   <structure>
      <unit label="title" identifier="15.2" level="1">Counties, Cities And Towns</unit>
      <unit label="subtitle" identifier="II" level="2">Powers Of Local Government</unit>
      <unit label="chapter" identifier="26" level="3">Public Finance Act</unit>
      <unit label="article" identifier="3" level="4">Bonds Issued By Municipalities</unit>
   </structure>
   <section_number>15.2-2633</section_number>
   <catch_line>Borrowing by certain cities to pay expenses</catch_line>
   <history>1978, c. 524, § 15.1-175.2; 1991, c. 668, § 15.1-227.34; 1997, c. 587.</history>
   <text>
      <section prefix="">Notwithstanding any provision of law to the contrary, any city may contract debts by borrowing money and authorizing the issuance of its bonds maturing more than one year after their date to pay the expenses associated with it becoming a city, including without limitation, payments to any county for educational services pending the establishment of its school system, provided:<section prefix="1"> The debts shall not be created after five years from the date it became a city, and</section>
         <section prefix="2"> The debts shall not at any time during the five-year period exceed one percent of the assessed valuation of the real estate in the city subject to taxation, as shown by the last preceding assessment for taxes.</section>
      </section>
   </text>
</law>