<?xml version="1.0" encoding="utf-8"?>
<law xmlns:xs="http://www.w3.org/2001/XMLSchema" xmlns:orig="http://StatRev.xsd"
     xmlns:fn="http://localhost/">
   <structure>
      <unit label="title" identifier="8.01" level="1">Civil Remedies And Procedure</unit>
      <unit label="chapter" identifier="3" level="2">Actions</unit>
      <unit label="article" identifier="14" level="3">Ejectment</unit>
   </structure>
   <section_number>8.01-159</section_number>
   <catch_line>When court to assess damages</catch_line>
   <history>Code 1950, § 8-828; 1954, c. 333; 1977, c. 617.</history>
   <text>If there be no issue of fact tried in the cause, and judgment is to be rendered for the plaintiff on demurrer, or otherwise, such damages shall be assessed by the court, unless either party shall move to have them assessed by a jury, or the court shall think proper to have them so assessed, in which case a jury shall be impaneled to assess them. If the defendant is in default the court shall proceed to render judgment and assess damages as provided in Rule of Court 3:19.</text>
</law>