<?xml version="1.0" encoding="utf-8"?>
<law xmlns:xs="http://www.w3.org/2001/XMLSchema" xmlns:orig="http://StatRev.xsd"
     xmlns:fn="http://localhost/">
   <structure>
      <unit label="title" identifier="22.1" level="1">Education</unit>
      <unit label="chapter" identifier="8" level="2">Public School Funds</unit>
      <unit label="article" identifier="5" level="3">Treasurers; Accounts</unit>
   </structure>
   <section_number>22.1-116</section_number>
   <catch_line>How and by whom funds for school division kept and disbursed</catch_line>
   <history>Code 1950, §§ 22-132, 22-133; 1959, Ex. Sess., c. 79, § 1; 1960, c. 222; 1980, c. 559.</history>
   <text>The treasurer or comparable officer of each county, city or part thereof constituting a school division or town, if the town constitutes the school division, shall be charged with the responsibility for the receipt, custody and disbursement of the funds of the school board and shall keep such funds in an account or accounts separate and distinct from all other funds.</text>
</law>