<?xml version="1.0" encoding="utf-8"?>
<law xmlns:xs="http://www.w3.org/2001/XMLSchema" xmlns:orig="http://StatRev.xsd"
     xmlns:fn="http://localhost/">
   <structure>
      <unit label="title" identifier="36" level="1">Housing</unit>
      <unit label="chapter" identifier="1" level="2">Housing Authorities Law</unit>
      <unit label="article" identifier="6" level="3">Regional And Consolidated Housing Authorities</unit>
   </structure>
   <section_number>36-46</section_number>
   <catch_line>Powers of regional housing authority</catch_line>
   <history>1942, p. 322; Michie Code 1942, § 3145(4g).</history>
   <text>Except as otherwise provided herein, a regional housing authority and the commissioners thereof shall, within the area of operation of such regional housing authority, have the same functions, rights, powers, duties, privileges, immunities and limitations provided for housing authorities created for cities or counties and the commissioners of such housing authorities, and all the provisions of law applicable to housing authorities created for cities or counties and the commissioners of such authorities shall be applicable to regional housing authorities and the commissioners thereof; provided, that for such purposes, the term "mayor" or "governing body" as used in this Housing Authorities Law shall be construed as meaning "board of supervisors," unless a different meaning clearly appears from the context; and provided further that a regional housing authority, with respect to housing projects for farmers of low income, shall not be subject to the limitations provided in clause (c) of § 36-22. A regional housing authority shall have power to select any appropriate corporate name.</text>
</law>