<?xml version="1.0" encoding="utf-8"?>
<law xmlns:xs="http://www.w3.org/2001/XMLSchema" xmlns:orig="http://StatRev.xsd"
     xmlns:fn="http://localhost/">
   <structure>
      <unit label="title" identifier="19.2" level="1">Criminal Procedure</unit>
      <unit label="chapter" identifier="8" level="2">Extradition Of Criminals</unit>
      <unit label="article" identifier="2" level="3">Uniform Criminal Extradition Act</unit>
   </structure>
   <section_number>19.2-112</section_number>
   <catch_line>Costs and expenses of extradition</catch_line>
   <history>Code 1950, § 19.1-76; 1960, c. 366; 1975, c. 495; 1999, c. 322; 2002, c. 622.</history>
   <text>
      <section prefix="A"> The expenses incident to the extradition of any person under the four preceding sections may be paid out of the state treasury, on warrants of the Comptroller issued upon vouchers signed by the Governor, or such other person as may be designated by him for such purpose.</section>
      <section prefix="B"> If the person extradited is found guilty, or if the person was extradited after illegally leaving the Commonwealth while on parole or on probation, the person extradited, and not the Commonwealth, shall be responsible for the costs and expenses of extradition. The state treasury shall continue to reimburse local jurisdictions for the costs and expenses of extradition. The fugitive shall pay the costs and expenses of his extradition into the state treasury.</section>
   </text>
</law>