<?xml version="1.0" encoding="utf-8"?>
<law xmlns:xs="http://www.w3.org/2001/XMLSchema" xmlns:orig="http://StatRev.xsd"
     xmlns:fn="http://localhost/">
   <structure>
      <unit label="title" identifier="1" level="1">General Provisions</unit>
      <unit label="chapter" identifier="2.1" level="2">Common Law And Rules Of Construction</unit>
      <unit label="article" identifier="2" level="3">Rules Of Construction And Definitions</unit>
   </structure>
   <section_number>1-248</section_number>
   <catch_line>Supremacy of federal and state law</catch_line>
   <history>Code 1919, § 5; Code 1950, § 1-13; 1950, p. 22, § 1-13.17; 2005, c. 839.</history>
   <text>The Constitution and laws of the United States and of the Commonwealth shall be supreme. Any ordinance, resolution, bylaw, rule, regulation, or order of any governing body or any corporation, board, or number of persons shall not be inconsistent with the Constitution and laws of the United States or of the Commonwealth.</text>
</law>