<?xml version="1.0" encoding="utf-8"?>
<law xmlns:xs="http://www.w3.org/2001/XMLSchema" xmlns:orig="http://StatRev.xsd"
     xmlns:fn="http://localhost/">
   <structure>
      <unit label="title" identifier="21" level="1">Drainage, Soil Conservation, Sanitation And Public Facilities Districts</unit>
      <unit label="chapter" identifier="4" level="2">Sanitation Districts Law Of 1946 -- Nontidal Waters</unit>
      <unit label="article" identifier="3" level="3">Commission</unit>
   </structure>
   <section_number>21-240</section_number>
   <catch_line>Meetings</catch_line>
   <history>1946, p. 350; Michie Suppl. 1946, § 1560iii4.</history>
   <text>Regular meetings of the commission shall be held at least once every month at such time and place as the commission shall from time to time prescribe. Special meetings of the commission shall be held upon one day's mailed notice, or actual notice otherwise given, to each member of the commission upon call of the chairman or of any two members of the commission, at such time and at such place within the district as such notice may specify, or at such other time and place with or without notice as all of the members of the commission may expressly approve.</text>
</law>