<?xml version="1.0" encoding="utf-8"?>
<law xmlns:xs="http://www.w3.org/2001/XMLSchema" xmlns:orig="http://StatRev.xsd"
     xmlns:fn="http://localhost/">
   <structure>
      <unit label="title" identifier="64.2" level="1">Wills, Trusts, And Fiduciaries</unit>
      <unit label="subtitle" identifier="II" level="2">Wills And Decedents' Estates</unit>
      <unit label="chapter" identifier="4" level="3">Wills</unit>
      <unit label="article" identifier="4" level="4">Uniform International Wills Act.</unit>
   </structure>
   <section_number>64.2-433</section_number>
   <catch_line>Definitions</catch_line>
   <history>1995, c. 443, § 64.1-96.2; 2012, c. 614.</history>
   <text>As used in this article:"Authorized person" and "person authorized to act in connection with international wills" means a person who by § 64.2-441 or by the laws of the United States, including members of the diplomatic and consular service of the United States designated by Foreign Service Regulations, is empowered to supervise the execution of international wills."International will" means a will executed in conformity with §§ 64.2-434 through 64.2-437.</text>
</law>