<?xml version="1.0" encoding="utf-8"?>
<law xmlns:xs="http://www.w3.org/2001/XMLSchema" xmlns:orig="http://StatRev.xsd"
     xmlns:fn="http://localhost/">
   <structure>
      <unit label="title" identifier="38.2" level="1">Insurance</unit>
      <unit label="chapter" identifier="35" level="2">Accident And Sickness Insurance Policies</unit>
      <unit label="article" identifier="2" level="3">Individual Accident And Sickness Insurance Minimum Standards</unit>
   </structure>
   <section_number>38.2-3517</section_number>
   <catch_line>Definitions</catch_line>
   <history>1980, c. 204, § 38.1-362.12; 1986, c. 562.</history>
   <text>As used in this article:"Form" means policies, contracts, riders, endorsements, and applications."Policy" means the entire contract between the insurer and the insured, including the policy riders, endorsements, and the application, if attached.</text>
</law>