<?xml version="1.0" encoding="utf-8"?>
<law xmlns:xs="http://www.w3.org/2001/XMLSchema" xmlns:orig="http://StatRev.xsd"
     xmlns:fn="http://localhost/">
   <structure>
      <unit label="title" identifier="32.1" level="1">Health</unit>
      <unit label="chapter" identifier="2" level="2">Disease Prevention And Control</unit>
      <unit label="article" identifier="4" level="3">Tuberculosis</unit>
   </structure>
   <section_number>32.1-53</section_number>
   <catch_line>Facilities and contracts for treatment of tuberculosis patients</catch_line>
   <history>Code 1950, § 32-312; 1979, c. 711.</history>
   <text>The Board may construct and operate hospitals and other facilities for the diagnosis and treatment of tuberculosis or enter into contractual arrangements with medical schools and hospitals in the Commonwealth for the care and treatment of tuberculosis patients.</text>
</law>