<?xml version="1.0" encoding="utf-8"?>
<law xmlns:xs="http://www.w3.org/2001/XMLSchema" xmlns:orig="http://StatRev.xsd"
     xmlns:fn="http://localhost/">
   <structure>
      <unit label="title" identifier="3.2" level="1">Agriculture, Animal Care, And Food</unit>
      <unit label="subtitle" identifier="IV" level="2">Food And Drink; Weights And Measures.</unit>
      <unit label="chapter" identifier="56" level="3">Weights And Measures</unit>
   </structure>
   <section_number>3.2-5628</section_number>
   <catch_line>Weights and Measures Fund established; purpose</catch_line>
   <history>1991, c. 605, § 3.1-949.2; 1992, c. 242; 2008, c. 860.</history>
   <text>There is hereby established in the state treasury a special nonreverting fund to be known as the Weights and Measures Fund, hereinafter referred to as "the Fund." This Fund shall be established on the books of the Comptroller. All money designated for inclusion in the Fund or collected pursuant to this chapter shall be paid into the state treasury and credited to the Fund. Interest earned on moneys in the Fund shall remain in the Fund and be credited to it. Any moneys remaining in the Fund, including interest thereon, at the end of each fiscal year shall not revert to the general fund but shall remain in the Fund. The income and principal of this Fund shall be used only for the purposes of administering and enforcing this chapter and Chapter 57 (§ 3.2-5700 et seq.) of this title.</text>
</law>