<?xml version="1.0" encoding="utf-8"?>
<law xmlns:xs="http://www.w3.org/2001/XMLSchema" xmlns:orig="http://StatRev.xsd"
     xmlns:fn="http://localhost/">
   <structure>
      <unit label="title" identifier="30" level="1">General Assembly</unit>
      <unit label="chapter" identifier="1" level="2">General Assembly And Officers Thereof</unit>
   </structure>
   <section_number>30-14.2</section_number>
   <catch_line>Reenrollment of bills amended in accordance with recommendations of Governor</catch_line>
   <history>1950, p. 7; 1970, c. 170; 1971, Ex. Sess., c. 1.</history>
   <text>The Clerk of the House of Delegates in his capacity as Keeper of the Rolls of the Commonwealth shall reenroll all bills which have been amended in accordance with the recommendation of the Governor, and such reenrolled bills shall be treated in the same manner as provided in Article IV, Section 11 of the Constitution of Virginia for every bill that has passed both houses, before being presented to the Governor for his final action.</text>
</law>