<?xml version="1.0" encoding="utf-8"?>
<law xmlns:xs="http://www.w3.org/2001/XMLSchema" xmlns:orig="http://StatRev.xsd"
     xmlns:fn="http://localhost/">
   <structure>
      <unit label="title" identifier="46.2" level="1">Motor Vehicles</unit>
      <unit label="subtitle" identifier="III" level="2">Operation</unit>
      <unit label="chapter" identifier="12.1" level="3">Parking For Persons With Disabilities</unit>
   </structure>
   <section_number>46.2-1247</section_number>
   <catch_line>Counterfeiting disabled parking license plates or placards; penalty</catch_line>
   <history>1997, cc. 783, 904.</history>
   <text>
      <section prefix="A"> Any person who creates a counterfeit or unauthorized replica of a disabled parking license plate, DV disabled parking license plate which has been issued under subsection B of § 46.2-739, organizational removable windshield placard, permanent removable windshield placard, or temporary removable windshield placard, shall be guilty of a Class 2 misdemeanor.</section>
      <section prefix="B"> The local governing body of any county, city, or town may by ordinance incorporate this provision by reference.</section>
   </text>
</law>