<?xml version="1.0" encoding="utf-8"?>
<law xmlns:xs="http://www.w3.org/2001/XMLSchema" xmlns:orig="http://StatRev.xsd"
     xmlns:fn="http://localhost/">
   <structure>
      <unit label="title" identifier="22.1" level="1">Education</unit>
      <unit label="chapter" identifier="7" level="2">General Powers And Duties Of School Boards</unit>
   </structure>
   <section_number>22.1-86</section_number>
   <catch_line>Meetings of people of school division; local committees</catch_line>
   <history>Code 1950, § 22-79; 1952, c. 72; 1980, c. 559.</history>
   <text>It shall be the duty of each school board to call meetings of the people of the school division for consultation in regard to the school interests thereof when deemed necessary by the school board. The chairman, if present, or, if not, some other member of the school board shall preside at such meetings.Each school board is authorized to appoint a committee of not less than three nor more than seven members for each public school in the school division. The committee's duty shall be to advise the members of the school board with reference to matters pertaining to the school and to cooperate with the school board in the care of the school property and in the successful operation of the school. Such committee shall serve without compensation.</text>
</law>