<?xml version="1.0" encoding="utf-8"?>
<law xmlns:xs="http://www.w3.org/2001/XMLSchema" xmlns:orig="http://StatRev.xsd"
     xmlns:fn="http://localhost/">
   <structure>
      <unit label="title" identifier="58.1" level="1">Taxation</unit>
      <unit label="subtitle" identifier="II" level="2">Taxes Administered By Other Agencies</unit>
      <unit label="chapter" identifier="22" level="3">Virginia Fuels Tax Act</unit>
      <unit label="article" identifier="7" level="4">Enforcement And Administration</unit>
   </structure>
   <section_number>58.1-2266</section_number>
   <catch_line>Late filing or payment; civil penalty</catch_line>
   <history>2000, cc. 729, 758; 2004, c. 340.</history>
   <text>
      <section prefix="A"> Any person committing any of the following acts shall be subject to the civil penalty specified in subsections B and C:<section prefix="1"> Failure to submit a report required by this chapter on a timely basis;</section>
         <section prefix="2"> Failure to submit the data required by this chapter; or</section>
         <section prefix="3"> Failure to pay to the Commissioner or to a trustee on a timely basis the amount of taxes due under this chapter.</section>
      </section>
      <section prefix="B"> The amount of the civil penalty for any act described in subdivision A 1 or 2 shall be as follows:<section prefix="1"> $ 50 for the first violation;</section>
         <section prefix="2"> $ 200 for the second violation;</section>
         <section prefix="3"> $ 500 for the third violation; and</section>
         <section prefix="4"> $ 1,000 for the fourth and subsequent violations.After imposition of the penalty under this subsection, the amount of the penalty, if not paid within 30 days of receipt of notice of such penalty, shall bear interest at the rate of one percent per month until the penalty is paid.</section>
      </section>
      <section prefix="C"> The amount of the civil penalty for any act described in subdivision A 3 shall be equal to 10 percent of the tax due or $ 50, whichever is greater; however, penalties resulting from an audit shall be equal to 10 percent of the tax due. After imposition of the penalty under this subsection, the amount of the tax and the penalty, if not paid within 30 days of receipt of notice of such penalty, shall bear interest at the rate of one percent per month until the tax and penalty are paid.</section>
      <section prefix="D"> The Commissioner is authorized to reduce or waive any penalties under this section if the violation is due to a reasonable or good cause shown to the satisfaction of the Commissioner.</section>
   </text>
</law>