<?xml version="1.0" encoding="utf-8"?>
<law xmlns:xs="http://www.w3.org/2001/XMLSchema" xmlns:orig="http://StatRev.xsd"
     xmlns:fn="http://localhost/">
   <structure>
      <unit label="title" identifier="23.1" level="1">Institutions Of Higher Education; Other Educational And Cultural Institutions</unit>
      <unit label="subtitle" identifier="III" level="2">Management And Financing</unit>
      <unit label="chapter" identifier="11" level="3">Bonds And Other Obligations</unit>
   </structure>
   <section_number>23.1-1119</section_number>
   <catch_line>(Effective October 1, 2016) Payment of interest on bonds of the Commonwealth held by public institutions of higher education and private institutions of higher education</catch_line>
   <history>Code 1919, § 990, § 23-5; 2016, c. 588.</history>
   <text>The Comptroller shall draw upon the state treasury in favor of the proper authorities of any public institution of higher education or private institution of higher education for all accrued interest, upon all obligations of the Commonwealth or the James River and Kanawha Company guaranteed by the Commonwealth that are held by or for such institution. No interest shall be paid upon any such bonds.</text>
</law>