<?xml version="1.0" encoding="utf-8"?>
<law xmlns:xs="http://www.w3.org/2001/XMLSchema" xmlns:orig="http://StatRev.xsd"
     xmlns:fn="http://localhost/">
   <structure>
      <unit label="title" identifier="54.1" level="1">Professions And Occupations</unit>
      <unit label="subtitle" identifier="II" level="2">Professions And Occupations Regulated By The Department Of Professional And Occupational Regulation And Boards Within The Department</unit>
      <unit label="chapter" identifier="20.2" level="3">Real Estate Appraisal Management Companies</unit>
   </structure>
   <section_number>54.1-2020</section_number>
   <catch_line>Definitions</catch_line>
   <history>2010, c. 508; 2012, c. 405.</history>
   <text>
      <section prefix="A"> As used in this chapter, unless the context clearly requires otherwise:"Appraisal management company" means a person or entity that (i) administers a network of independent contract appraisers, receives requests for appraisals from clients, and receives a fee paid by the client for the appraisals and (ii) enters into an agreement with one or more independent appraisers in its network to perform the appraisals contained in the request."Appraisal services" means acting as an appraiser to provide an appraisal or appraisal review."Appraiser" means a person licensed or certified under § 54.1-2017 and as otherwise provided in Chapter 20.1 (§ 54.1-2009 et seq.)."Board" means the Virginia Real Estate Appraiser Board."Employee" means an individual who has an employment relationship acknowledged by both the individual and the company and is treated as an employee for purposes of compliance with federal income tax laws."Uniform Standards of Professional Appraisal Practice" means the Uniform Standards of Professional Appraisal Practice adopted by the Appraisal Standards Board of the Appraisal Foundation.</section>
      <section prefix="B"> The definitions contained in § 54.1-2009 shall be applicable except to the extent inconsistent with the definitions contained in this chapter.</section>
   </text>
</law>