<?xml version="1.0" encoding="utf-8"?>
<law xmlns:xs="http://www.w3.org/2001/XMLSchema" xmlns:orig="http://StatRev.xsd"
     xmlns:fn="http://localhost/">
   <structure>
      <unit label="title" identifier="65.2" level="1">Workers' Compensation</unit>
      <unit label="chapter" identifier="1" level="2">Definitions And General Provisions</unit>
   </structure>
   <section_number>65.2-104</section_number>
   <catch_line>Coverage of first responders in off-duty capacity during state of emergency</catch_line>
   <history>2005, c. 429.</history>
   <text>
      <section prefix="A"> Notwithstanding any other provision of law, if the Governor declares a state of emergency pursuant to the provisions of Chapter 3.2 (§ 44-146.13 et seq.) of Title 44, or any local director of emergency management with the consent of the appropriate local governing body declares an emergency pursuant to § 44-146.16, attributable to an enemy attack, sabotage or other hostile action, resource shortage, or fire, flood, earthquake or other natural cause, a claim for workers' compensation benefits shall be deemed to be in the course of employment of any first responder who, in response to a lawful order issued pursuant to the state of emergency, travels by the most expeditious route to or from his home or other location outside an assigned shift or work location to or from that shift or work location. Nothing in this section shall prohibit an employer from using any defense otherwise available under this title.</section>
      <section prefix="B"> For purposes of this section, "first responder" shall include any person referenced in subdivision 1 l of the definition of "employee" in § 65.2-101 who provides emergency services, during the period that the states of emergency defined in subsection A are in effect.</section>
   </text>
</law>