<?xml version="1.0" encoding="utf-8"?>
<law xmlns:xs="http://www.w3.org/2001/XMLSchema" xmlns:orig="http://StatRev.xsd"
     xmlns:fn="http://localhost/">
   <structure>
      <unit label="title" identifier="2.2" level="1">Administration Of Government</unit>
      <unit label="subtitle" identifier="I" level="2">Organization Of State Government</unit>
      <unit label="part" identifier="E" level="3">State Officers And Employees</unit>
      <unit label="chapter" identifier="28" level="4">General Provisions</unit>
   </structure>
   <section_number>2.2-2811</section_number>
   <catch_line>Where bonds filed</catch_line>
   <history>Code 1950, § 2-11; 1966, cc. 249, 677, § 2.1-15; 2001, c. 844.</history>
   <text>The bonds of all officers and employees of all the departments, institutions, agencies, boards, commissions and authorities of the Commonwealth, except the Department of Accounts, shall, after being recorded by the Secretary of the Commonwealth, as required by § 49-12, be transmitted to the Comptroller and be filed in the office of the Comptroller.The bonds of all officers and employees in the Department of Accounts shall be filed in the office of the Secretary of the Commonwealth. Nothing in this section shall be construed to apply to notaries public, nor to commissioners of the revenue, attorneys for the Commonwealth, clerks of courts and treasurers of the counties and cities who are covered by other sections of the Code; nor to other similar officers of a purely local character.</text>
</law>