<?xml version="1.0" encoding="utf-8"?>
<law xmlns:xs="http://www.w3.org/2001/XMLSchema" xmlns:orig="http://StatRev.xsd"
     xmlns:fn="http://localhost/">
   <structure>
      <unit label="title" identifier="8.01" level="1">Civil Remedies And Procedure</unit>
      <unit label="chapter" identifier="3" level="2">Actions</unit>
      <unit label="article" identifier="21" level="3">Miscellaneous Provisions</unit>
   </structure>
   <section_number>8.01-227</section_number>
   <catch_line>Remedy by motion on certain bonds given or taken by officers; notice</catch_line>
   <history>Code 1950, §§ 8-140.1, 8-140.2; 1954, c. 546; 1977, c. 617.</history>
   <text>The court in which any bond given or taken by an officer is required to be returned, filed or recorded, may, on motion of any person protected by such bond, give judgment in favor of such person for such amount as he would be entitled by virtue of the bond to recover in an action at law. Any such motion shall be made after reasonable notice, not less than ten days, to the obligors on the bond. Service may be in any manner sufficient to support a judgment in personam.</text>
</law>