<?xml version="1.0" encoding="utf-8"?>
<law xmlns:xs="http://www.w3.org/2001/XMLSchema" xmlns:orig="http://StatRev.xsd"
     xmlns:fn="http://localhost/">
   <structure>
      <unit label="title" identifier="17.1" level="1">Courts Of Record</unit>
      <unit label="chapter" identifier="2" level="2">Clerks, Clerks' Offices And Records</unit>
      <unit label="article" identifier="3" level="3">Records, Recordation And Indexing Generally</unit>
   </structure>
   <section_number>17.1-229</section_number>
   <catch_line>Additional documents to be recorded in deed book</catch_line>
   <history>Code 1919, § 3393, § 17-61; 1920, p. 313; 1932, p. 333; 1985, c. 392; 1998, c. 872; 2010, c. 352.</history>
   <text>All deeds, homestead deeds and leases of personal property, bills of sale, and all other contracts or liens as to personal property, which are by law required or permitted to be recorded, all mechanics' liens, all other liens not directed to be recorded elsewhere and all other writings relating to or affecting personal property which are authorized to be recorded shall, unless otherwise provided, be recorded in the deed book and shall be indexed in the general index book; provided, however, the clerk may reject any writing for recordation that is not specifically authorized by law and set out in the Code of Virginia.</text>
</law>