<?xml version="1.0" encoding="utf-8"?>
<law xmlns:xs="http://www.w3.org/2001/XMLSchema" xmlns:orig="http://StatRev.xsd"
     xmlns:fn="http://localhost/">
   <structure>
      <unit label="title" identifier="21" level="1">Drainage, Soil Conservation, Sanitation And Public Facilities Districts</unit>
      <unit label="chapter" identifier="4" level="2">Sanitation Districts Law Of 1946 -- Nontidal Waters</unit>
      <unit label="article" identifier="3" level="3">Commission</unit>
   </structure>
   <section_number>21-248</section_number>
   <catch_line>Enumeration of powers of commission</catch_line>
   <history>1946, p. 352; Michie Suppl. 1946, § 1560iii5; 2003, c. 940.</history>
   <text>
      <section prefix="">Every commission shall have the following powers:<section prefix="1"> To adopt and have a common seal and to alter the same at pleasure;</section>
         <section prefix="2"> To sue and to be sued;</section>
         <section prefix="3"> In the name of the commission and on its behalf, to acquire, hold and dispose of its fees, rents and charges and other revenues;</section>
         <section prefix="4"> In the name of the commission but for the cities, counties and towns in whole or in part embraced within the district, to acquire, hold, and dispose of other personal property for the purposes of the commission;</section>
         <section prefix="5"> In the name of the commission but for the cities, counties and towns in whole or in part embraced within the district, to acquire by purchase, gift, condemnation or otherwise, real property or rights or easements therein, necessary or convenient for the purposes of the commission, subject to mortgages, deeds of trust, or other liens or otherwise, and to hold and to use the same, and to dispose of property so acquired no longer necessary for the purposes of the commission; provided that the right of condemnation granted herein shall be subject to the same provisions as are provided in § 25.1-102 concerning the condemnation of any property belonging to a corporation possessing the power of eminent domain by another public service corporation;</section>
         <section prefix="6"> To borrow money for the purposes of the commission and to issue therefor its bonds, and to provide for and secure the payment of its bonds and the rights of the holders thereof, and to fund or refund its bonds by the issuance of bonds hereunder;</section>
         <section prefix="7"> To accept gifts or grants or real or personal property, money, material, labor or supplies for the purposes of the commission and to make and perform such agreements and contracts as may be necessary or convenient in connection with the procuring or acceptance of such gifts or grants;</section>
         <section prefix="8"> To enter on any lands, waters and premises for purpose of making surveys, borings, soundings and examinations for the purposes of the commission;</section>
         <section prefix="9"> To make and enforce rules and regulations for the management and regulation of its business and affairs and for the use, maintenance and operation of its facilities and properties, and to amend the same;</section>
         <section prefix="10"> To do and perform any acts and things authorized by this chapter under, through or by means of its own officers, agents and employees, or by contracts with any person; and</section>
         <section prefix="11"> To execute any and all instruments and do and perform any and all acts or things necessary, convenient or desirable for the purposes of the commission or to carry out the powers expressly given in this chapter.</section>
      </section>
   </text>
</law>