<?xml version="1.0" encoding="utf-8"?>
<law xmlns:xs="http://www.w3.org/2001/XMLSchema" xmlns:orig="http://StatRev.xsd"
     xmlns:fn="http://localhost/">
   <structure>
      <unit label="title" identifier="19.2" level="1">Criminal Procedure</unit>
      <unit label="chapter" identifier="1" level="2">General Provisions</unit>
   </structure>
   <section_number>19.2-10</section_number>
   <catch_line>Outlawry abolished</catch_line>
   <history>Code 1950, § 19.1-15; 1960, c. 366; 1975, c. 495.</history>
   <text>No proceeding of outlawry shall hereafter be instituted or prosecuted.</text>
</law>