<?xml version="1.0" encoding="utf-8"?>
<law xmlns:xs="http://www.w3.org/2001/XMLSchema" xmlns:orig="http://StatRev.xsd"
     xmlns:fn="http://localhost/">
   <structure>
      <unit label="title" identifier="6.2" level="1">Financial Institutions And Services</unit>
      <unit label="subtitle" identifier="II" level="2">Depository Institutions And Trust Organizations</unit>
      <unit label="chapter" identifier="8" level="3">Banks</unit>
      <unit label="article" identifier="4" level="4">Bank Mergers And Conversions.</unit>
   </structure>
   <section_number>6.2-824</section_number>
   <catch_line>Status of converted bank</catch_line>
   <history>Code 1950, § 6-15.2; 1952, c. 571; 1966, c. 584, § 6.1-34; 2010, c. 794.</history>
   <text>Upon the conversion of a national banking association to a state bank as provided in § 6.2-823, the state bank shall be considered to be the same business and corporate entity as the former national banking association, except that the state bank shall have the rights, powers, and duties as prescribed by state law. Any reference to the former national banking association in any contract, will, or document shall be deemed to be a reference to the state bank if not inconsistent with the provisions of the contract, will, or document or with applicable law.</text>
</law>