<?xml version="1.0" encoding="utf-8"?>
<law xmlns:xs="http://www.w3.org/2001/XMLSchema" xmlns:orig="http://StatRev.xsd"
     xmlns:fn="http://localhost/">
   <structure>
      <unit label="title" identifier="18.2" level="1">Crimes And Offenses Generally</unit>
      <unit label="chapter" identifier="4" level="2">Crimes Against The Person</unit>
      <unit label="article" identifier="1" level="3">Homicide</unit>
   </structure>
   <section_number>18.2-31</section_number>
   <catch_line>Capital murder defined; punishment</catch_line>
   <history>Code 1950, §§ 18.1-21, 53-291; 1960, c. 358; 1962, c. 42; 1966, c. 300; 1970, c. 648; 1973, c. 403; 1975, cc. 14, 15; 1976, c. 503; 1977, c. 478; 1979, c. 582; 1980, c. 221; 1981, c. 607; 1982, c. 636; 1983, c. 175; 1985, c. 428; 1988, c. 550; 1989, c. 527; 1990, c. 746; 1991, c. 232; 1995, c. 340; 1996, cc. 876, 959; 1997, cc. 235, 313, 514, 709; 1998, c. 887; 2002, cc. 588, 623; 2007, cc. 844, 845, 846; 2010, cc. 399, 428, 475.</history>
   <text>
      <section prefix="">The following offenses shall constitute capital murder, punishable as a Class 1 felony:<section prefix="1"> The willful, deliberate, and premeditated killing of any person in the commission of abduction, as defined in § 18.2-48, when such abduction was committed with the intent to extort money or a pecuniary benefit or with the intent to defile the victim of such abduction;</section>
         <section prefix="2"> The willful, deliberate, and premeditated killing of any person by another for hire;</section>
         <section prefix="3"> The willful, deliberate, and premeditated killing of any person by a prisoner confined in a state or local correctional facility as defined in § 53.1-1, or while in the custody of an employee thereof;</section>
         <section prefix="4"> The willful, deliberate, and premeditated killing of any person in the commission of robbery or attempted robbery;</section>
         <section prefix="5"> The willful, deliberate, and premeditated killing of any person in the commission of, or subsequent to, rape or attempted rape, forcible sodomy or attempted forcible sodomy or object sexual penetration;</section>
         <section prefix="6"> The willful, deliberate, and premeditated killing of a law-enforcement officer as defined in § 9.1-101, a fire marshal appointed pursuant to § 27-30 or a deputy or an assistant fire marshal appointed pursuant to § 27-36, when such fire marshal or deputy or assistant fire marshal has police powers as set forth in §§ 27-34.2 and 27-34.2:1, an auxiliary police officer appointed or provided for pursuant to §§ 15.2-1731 and 15.2-1733, an auxiliary deputy sheriff appointed pursuant to § 15.2-1603, or any law-enforcement officer of another state or the United States having the power to arrest for a felony under the laws of such state or the United States, when such killing is for the purpose of interfering with the performance of his official duties;</section>
         <section prefix="7"> The willful, deliberate, and premeditated killing of more than one person as a part of the same act or transaction;</section>
         <section prefix="8"> The willful, deliberate, and premeditated killing of more than one person within a three-year period;</section>
         <section prefix="9"> The willful, deliberate, and premeditated killing of any person in the commission of or attempted commission of a violation of § 18.2-248, involving a Schedule I or II controlled substance, when such killing is for the purpose of furthering the commission or attempted commission of such violation;</section>
         <section prefix="10"> The willful, deliberate, and premeditated killing of any person by another pursuant to the direction or order of one who is engaged in a continuing criminal enterprise as defined in subsection I of § 18.2-248;</section>
         <section prefix="11"> The willful, deliberate, and premeditated killing of a pregnant woman by one who knows that the woman is pregnant and has the intent to cause the involuntary termination of the woman's pregnancy without a live birth;</section>
         <section prefix="12"> The willful, deliberate, and premeditated killing of a person under the age of fourteen by a person age twenty-one or older;</section>
         <section prefix="13"> The willful, deliberate, and premeditated killing of any person by another in the commission of or attempted commission of an act of terrorism as defined in § 18.2-46.4;</section>
         <section prefix="14"> The willful, deliberate, and premeditated killing of a justice of the Supreme Court, a judge of the Court of Appeals, a judge of a circuit court or district court, a retired judge sitting by designation or under temporary recall, or a substitute judge appointed under § 16.1-69.9:1 when the killing is for the purpose of interfering with his official duties as a judge; and</section>
         <section prefix="15"> The willful, deliberate, and premeditated killing of any witness in a criminal case after a subpoena has been issued for such witness by the court, the clerk, or an attorney, when the killing is for the purpose of interfering with the person's duties in such case.</section>
      </section>
      <section prefix="">If any one or more subsections, sentences, or parts of this section shall be judged unconstitutional or invalid, such adjudication shall not affect, impair, or invalidate the remaining provisions thereof but shall be confined in its operation to the specific provisions so held unconstitutional or invalid.</section>
   </text>
</law>