<?xml version="1.0" encoding="utf-8"?>
<law xmlns:xs="http://www.w3.org/2001/XMLSchema" xmlns:orig="http://StatRev.xsd"
     xmlns:fn="http://localhost/">
   <structure>
      <unit label="title" identifier="2.2" level="1">Administration Of Government</unit>
      <unit label="subtitle" identifier="I" level="2">Organization Of State Government</unit>
      <unit label="part" identifier="A" level="3">Office Of The Governor</unit>
      <unit label="chapter" identifier="1" level="4">Governor</unit>
      <unit label="article" identifier="1" level="5">General Provisions</unit>
   </structure>
   <section_number>2.2-112</section_number>
   <catch_line>To whom return on warrant of Governor to be made</catch_line>
   <history>Code 1950, § 2-44; 1966, c. 677, § 2.1-50; 2001, c. 844.</history>
   <text>Any officer to whom any order or warrant of the Governor is directed shall make return to the Secretary of the Commonwealth, who shall preserve it in his office.</text>
</law>