<?xml version="1.0" encoding="utf-8"?>
<law xmlns:xs="http://www.w3.org/2001/XMLSchema" xmlns:orig="http://StatRev.xsd"
     xmlns:fn="http://localhost/">
   <structure>
      <unit label="title" identifier="63.2" level="1">Welfare (social Services)</unit>
      <unit label="subtitle" identifier="III" level="2">Social Services Programs</unit>
      <unit label="chapter" identifier="16" level="3">Adult Services</unit>
      <unit label="article" identifier="1" level="4">Adult Services</unit>
   </structure>
   <section_number>63.2-1602</section_number>
   <catch_line>Other adult services</catch_line>
   <history>2002, c. 747; 2005, c. 716; 2012, cc. 476, 507, 803, 835.</history>
   <text>
      <section prefix="">Subject to the supervision and in accordance with regulations of the Commissioner for Aging and Rehabilitative Services as provided in Article 4 (§ 51.5-144 et seq.) of Chapter 14 of Title 51.5, each local board shall:<section prefix="1"> Participate in nursing home pre-admission screenings of all individuals pursuant to § 32.1-330;</section>
         <section prefix="2"> Provide assisted living facility assessments of residents and applicants pursuant to § 63.2-1804;</section>
         <section prefix="3"> Participate in long-term care service coordination pursuant to § 51.5-138;</section>
         <section prefix="4"> Provide social services or public assistance, as appropriate, to individuals discharged from state hospitals or training centers pursuant to §§ 37.2-505 and 37.2-837; and</section>
         <section prefix="5"> Participate in other programs pursuant to state and federal law.</section>
      </section>
   </text>
</law>