<?xml version="1.0" encoding="utf-8"?>
<law xmlns:xs="http://www.w3.org/2001/XMLSchema" xmlns:orig="http://StatRev.xsd"
     xmlns:fn="http://localhost/">
   <structure>
      <unit label="title" identifier="18.2" level="1">Crimes And Offenses Generally</unit>
      <unit label="chapter" identifier="5" level="2">Crimes Against Property</unit>
      <unit label="article" identifier="7" level="3">Damage To And Tampering With Property</unit>
   </structure>
   <section_number>18.2-149</section_number>
   <catch_line>Injury to hired animal, aircraft, vehicle or boat</catch_line>
   <history>Code 1950, § 18.1-161; 1960, c. 358; 1975, cc. 14, 15.</history>
   <text>If any person after having rented or leased from any other person an animal, aircraft, vehicle, boat or vessel shall willfully injure or damage the same, by hard or reckless driving or using, or by using the same in violation of any statute of this Commonwealth, or allow or permit any other person so to do, or hire the same to any other person without the consent of the bailor, such person shall be guilty of a Class 3 misdemeanor.</text>
</law>