<?xml version="1.0" encoding="utf-8"?>
<law xmlns:xs="http://www.w3.org/2001/XMLSchema" xmlns:orig="http://StatRev.xsd"
     xmlns:fn="http://localhost/">
   <structure>
      <unit label="title" identifier="24.2" level="1">Elections</unit>
      <unit label="chapter" identifier="2" level="2">Federal, Commonwealth, And Local Officers</unit>
      <unit label="article" identifier="6" level="3">Vacancies In Elected Constitutional And Local Offices</unit>
   </structure>
   <section_number>24.2-229.1</section_number>
   <catch_line>Legitimacy of votes by appointees</catch_line>
   <history>2010, c. 624.</history>
   <text>All votes cast prior to July 1, 2010, by persons duly appointed to fill a vacancy pursuant to this article, including votes appropriating money in excess of $ 500, imposing taxes, or authorizing the borrowing of moneys, are hereby validated and confirmed as the lawful vote of an elected member of the governing body.</text>
</law>