<?xml version="1.0" encoding="utf-8"?>
<law xmlns:xs="http://www.w3.org/2001/XMLSchema" xmlns:orig="http://StatRev.xsd"
     xmlns:fn="http://localhost/">
   <structure>
      <unit label="title" identifier="45.1" level="1">Mines And Mining</unit>
      <unit label="chapter" identifier="14.4:1" level="2">Mineral Mine Safety Act</unit>
      <unit label="article" identifier="1" level="3">General Provisions</unit>
   </structure>
   <section_number>45.1-161.292:3</section_number>
   <catch_line>Safety and health</catch_line>
   <history>1997, c. 390.</history>
   <text>In safety and health, all mineral miners are to be governed by this chapter and Chapters 14.5 (§ 45.1-161.293 et seq.) and 14.6 (§ 45.1-161.304 et seq.) and Chapter 18.1 (§ 45.1-225.1 et seq.) of this title, and any other sections of the Code relating to safety and health of miners and rules and regulations promulgated by the Department.</text>
</law>