<?xml version="1.0" encoding="utf-8"?>
<law xmlns:xs="http://www.w3.org/2001/XMLSchema" xmlns:orig="http://StatRev.xsd"
     xmlns:fn="http://localhost/">
   <structure>
      <unit label="title" identifier="45.1" level="1">Mines And Mining</unit>
      <unit label="chapter" identifier="19" level="2">Virginia Coal Surface Mining Control And Reclamation Act Of 1979</unit>
      <unit label="article" identifier="1" level="3">General And Administrative Provisions</unit>
   </structure>
   <section_number>45.1-227</section_number>
   <catch_line>Findings and policy [Not set out.]</catch_line>
   <history/>
   <text>(1979, c. 290.)</text>
</law>