<?xml version="1.0" encoding="utf-8"?>
<law xmlns:xs="http://www.w3.org/2001/XMLSchema" xmlns:orig="http://StatRev.xsd"
     xmlns:fn="http://localhost/">
   <structure>
      <unit label="title" identifier="3.2" level="1">Agriculture, Animal Care, And Food</unit>
      <unit label="subtitle" identifier="IV" level="2">Food And Drink; Weights And Measures.</unit>
      <unit label="chapter" identifier="51" level="3">Food And Drink</unit>
      <unit label="article" identifier="3" level="4">Adulteration, Misbranding, And False Advertising.</unit>
   </structure>
   <section_number>3.2-5127</section_number>
   <catch_line>Removal of certain labels from meat packaging prohibited; penalty</catch_line>
   <history>1993, c. 106, § 3.1-388.1; 2008, c. 860.</history>
   <text>It is unlawful for any person holding or offering for retail sale any meat, poultry, or seafood in packaged form who affixes to such food a label containing a date by which such food is to be sold, to willfully remove, alter, mutilate, destroy, or obscure the dated portion of the label on the package, unless the dated portion of the label is removed in connection with the repackaging of such food, or to correct bona fide typographical errors. If the dated portion of the label is removed and a replacement label is attached when such food is repackaged, the replacement label shall bear the original date by which the food is to be sold or an earlier date. Any person who violates any provision of this section is guilty of a Class 3 misdemeanor.This section shall not apply to meat, poultry, or seafood that is canned or cured.</text>
</law>