<?xml version="1.0" encoding="utf-8"?>
<law xmlns:xs="http://www.w3.org/2001/XMLSchema" xmlns:orig="http://StatRev.xsd"
     xmlns:fn="http://localhost/">
   <structure>
      <unit label="title" identifier="23.1" level="1">Institutions Of Higher Education; Other Educational And Cultural Institutions</unit>
      <unit label="subtitle" identifier="II" level="2">Students And Campus</unit>
      <unit label="chapter" identifier="6" level="3">Financial Assistance</unit>
      <unit label="article" identifier="5" level="4">Tuition Assistance Grant Act.</unit>
   </structure>
   <section_number>23.1-634</section_number>
   <catch_line>(Effective October 1, 2016) Prompt crediting and expeditious refunding of funds</catch_line>
   <history>1985, c. 359, § 23-38.17:1; 2000, cc. 94, 660; 2016, c. 588.</history>
   <text>Each eligible institution acting as an agent for students receiving awards under the Program shall promptly credit disbursed funds to student accounts following the institution's verification of student eligibility and expeditiously distribute any refunds due recipients.</text>
</law>