<?xml version="1.0" encoding="utf-8"?>
<law xmlns:xs="http://www.w3.org/2001/XMLSchema" xmlns:orig="http://StatRev.xsd"
     xmlns:fn="http://localhost/">
   <structure>
      <unit label="title" identifier="6.2" level="1">Financial Institutions And Services</unit>
      <unit label="subtitle" identifier="III" level="2">Other Regulated Providers Of Financial Services</unit>
      <unit label="chapter" identifier="18" level="3">Payday Lenders</unit>
   </structure>
   <section_number>6.2-1809</section_number>
   <catch_line>Retention of books, accounts, and records</catch_line>
   <history>2002, c. 897, § 6.1-453; 2004, c. 295; 2010, c. 794.</history>
   <text>Every licensee shall maintain in its approved offices such books, accounts and records as the Commission may reasonably require in order to determine whether such licensee is complying with the provisions of this chapter and regulations adopted in furtherance thereof. Such books, accounts and records shall be maintained apart and separate from any other business in which the licensee is involved. Such records relating to payday loans, including copies of checks given to a licensee as security for such loans, shall be retained for at least three years after final payment is made on any loan.</text>
</law>