<?xml version="1.0" encoding="utf-8"?>
<law xmlns:xs="http://www.w3.org/2001/XMLSchema" xmlns:orig="http://StatRev.xsd"
     xmlns:fn="http://localhost/">
   <structure>
      <unit label="title" identifier="58.1" level="1">Taxation</unit>
      <unit label="subtitle" identifier="I" level="2">Taxes Administered By The Department Of Taxation</unit>
      <unit label="chapter" identifier="14" level="3">Virginia Watercraft Sales And Use Tax</unit>
   </structure>
   <section_number>58.1-1407</section_number>
   <catch_line>Retention of documents</catch_line>
   <history>Code 1950, § 58-685.48; 1981, c. 405; 1984, c. 675.</history>
   <text>Any person who sells a watercraft in this Commonwealth shall retain a copy of the invoice required by § 58.1-1403 for three years following such sale. Any person taxed as a dealer under § 58.1-1402 shall retain a copy of all invoices for lease, charter or other usage of watercraft for three years following such transaction. Each invoice shall give an accurate description of the watercraft sold, leased or used.</text>
</law>