<?xml version="1.0" encoding="utf-8"?>
<law xmlns:xs="http://www.w3.org/2001/XMLSchema" xmlns:orig="http://StatRev.xsd"
     xmlns:fn="http://localhost/">
   <structure>
      <unit label="title" identifier="24.2" level="1">Elections</unit>
      <unit label="chapter" identifier="4" level="2">Voter Registration</unit>
      <unit label="article" identifier="2" level="3">Virginia Voter Registration System</unit>
   </structure>
   <section_number>24.2-406</section_number>
   <catch_line>Lists of persons voting at elections</catch_line>
   <history>1970, c. 462, § 24.1-23; 1971, Ex. Sess., c. 119; 1972, c. 620; 1973, c. 30; 1974, cc. 369, 428; 1975, c. 515; 1976, c. 616; 1978, c. 778; 1983, c. 348; 1993, cc. 144, 641; 1994, c. 250; 1995, c. 314; 1996, c. 251; 2001, cc. 612, 626; 2003, c. 1015; 2004, cc. 184, 410; 2007, c. 318; 2009, c. 318; 2012, c. 664; 2013, c. 446; 2015, c. 712; 2016, cc. 18, 492.</history>
   <text>
      <section prefix="A"> The Department of Elections shall furnish, at a reasonable price, lists of persons who voted at any primary, special, or general election held in the four preceding years to (i) candidates for election or political party nomination to further their candidacy, (ii) political party committees or officials thereof for political purposes only, (iii) political action committees that have filed a current statement of organization with the Department of Elections pursuant to § 24.2-949.2 or with the Federal Elections Commission pursuant to federal law, for political purposes only, (iv) incumbent officeholders to report to their constituents, and (v) members of the public or a nonprofit organization seeking to promote voter participation and registration by means of a communication or mailing without intimidation or pressure exerted on the recipient, for that purpose only. Such lists shall be furnished to no one else and shall be used only for campaign and political purposes and for reporting to constituents. Unless such lists are not available due to a pending recount or election contest, the general registrar shall submit the list of persons who voted to the Department of Elections within 14 days after each election. The general registrars of localities using nonelectronic pollbooks shall submit the list of persons who voted to the Department of Elections within seven days after the pollbooks are released from the possession of the clerk of court. The Department of Elections shall make available such lists no later than seven days after receiving them from the general registrar.</section>
      <section prefix="B"> The Department of Elections shall furnish to the Chief Election Officer of another state, on request and at a reasonable price, lists of persons who voted at any primary, special, or general election held for the four preceding years. Such lists shall be used only for the purpose of maintenance of voter registration systems and shall be transmitted in accordance with security policies approved by the State Board of Elections.</section>
      <section prefix="C"> In no event shall any list furnished under this section contain the social security number, or any part thereof, of any registered voter, except for a list furnished to the Chief Election Officer of another state permitted to use social security numbers, or any parts thereof, that provides for the use of such numbers on applications for voter registration in accordance with federal law, for maintenance of voter registration systems.</section>
      <section prefix="D"> Any list furnished under this section shall contain the post office box address in lieu of the residence street address for any individual who has furnished at the time of registration or subsequently, in addition to his street address, a post office box address pursuant to subsection B of § 24.2-418.</section>
   </text>
</law>