<?xml version="1.0" encoding="utf-8"?>
<law xmlns:xs="http://www.w3.org/2001/XMLSchema" xmlns:orig="http://StatRev.xsd"
     xmlns:fn="http://localhost/">
   <structure>
      <unit label="title" identifier="22.1" level="1">Education</unit>
      <unit label="chapter" identifier="2" level="2">Board Of Education</unit>
   </structure>
   <section_number>22.1-17.2</section_number>
   <catch_line>Nursing education programs</catch_line>
   <history>1991, c. 629.</history>
   <text>The Board of Education and the Board of Nursing, or their representatives, shall, at least annually, develop and revise an interagency agreement relating to the regulation of public school nursing education programs.  This memorandum of understanding shall establish a framework for cooperation in order to achieve consistency in the regulation of such programs. The duties and responsibilities of the Department of Education and the Board of Nursing for public school practical nursing and nurse aide education programs shall be set forth in the agreement.  The agreement shall include, but need not be limited to, core curricula for the programs; administrative and clerical activities such as exchange of mailing labels, participation in site visits, reporting requirements, and information for newsletters; review and revision of the curricula materials; participation in inservice activities and state conferences; opportunity to participate in and comment on revisions of any relevant regulations; and communication procedures between the two state agencies and with the local school divisions.</text>
</law>