<?xml version="1.0" encoding="utf-8"?>
<law xmlns:xs="http://www.w3.org/2001/XMLSchema" xmlns:orig="http://StatRev.xsd"
     xmlns:fn="http://localhost/">
   <structure>
      <unit label="title" identifier="58.1" level="1">Taxation</unit>
      <unit label="subtitle" identifier="III" level="2">Local Taxes</unit>
      <unit label="chapter" identifier="37" level="3">License Taxes</unit>
   </structure>
   <section_number>58.1-3730.1</section_number>
   <catch_line>Industrial loan associations and agricultural credit associations; limitations</catch_line>
   <history>1988, c. 419; 1990, c. 278.</history>
   <text>Any license tax levied by a county, city, or town on industrial loan associations or any agricultural credit association created pursuant to the Agricultural Credit Act of 1987 shall not exceed $ 500.</text>
</law>