<?xml version="1.0" encoding="utf-8"?>
<law xmlns:xs="http://www.w3.org/2001/XMLSchema" xmlns:orig="http://StatRev.xsd"
     xmlns:fn="http://localhost/">
   <structure>
      <unit label="title" identifier="15.2" level="1">Counties, Cities And Towns</unit>
      <unit label="subtitle" identifier="II" level="2">Powers Of Local Government</unit>
      <unit label="chapter" identifier="16" level="3">Local Constitutional Officers, Courthouses And Supplies</unit>
      <unit label="article" identifier="3" level="4">Sheriff</unit>
   </structure>
   <section_number>15.2-1623</section_number>
   <catch_line>Judgment for officer or sureties against deputy, etc., when officer liable for misconduct of deputy</catch_line>
   <history>Code 1950, § 15-521; 1962, c. 623, § 15.1-86; 1971, Ex. Sess., c. 155; 1997, c. 587.</history>
   <text>If any deputy of a sheriff or other officer commits any default or misconduct in office for which his principal or the personal representative of such principal is liable, or for which a judgment or decree shall be recovered against either, the principal or his personal representative may, on motion, obtain a judgment against such deputy and his sureties, and their personal representatives, for the full amount for which such principal or his personal representative may also be so liable or for which such judgment or decree may have been rendered. However, no judgment shall be rendered by virtue of this section for money for which any other judgment or decree has been previously rendered against such deputy or his sureties or their personal representatives.</text>
</law>