<?xml version="1.0" encoding="utf-8"?>
<law xmlns:xs="http://www.w3.org/2001/XMLSchema" xmlns:orig="http://StatRev.xsd"
     xmlns:fn="http://localhost/">
   <structure>
      <unit label="title" identifier="56" level="1">Public Service Companies</unit>
      <unit label="chapter" identifier="6" level="2">Transportation Companies Generally</unit>
      <unit label="article" identifier="3" level="3">Liabilities</unit>
   </structure>
   <section_number>56-125</section_number>
   <catch_line>Suits against unincorporated carriers</catch_line>
   <history>Code 1919, § 3931.</history>
   <text>When transportation lines are owned or operated by persons, partnerships, or associations, not incorporated, any one or more of them may be sued by his or their name or names only, and such suit shall not abate for want of joining any of the copartners or coproprietors.</text>
</law>