<?xml version="1.0" encoding="utf-8"?>
<law xmlns:xs="http://www.w3.org/2001/XMLSchema" xmlns:orig="http://StatRev.xsd"
     xmlns:fn="http://localhost/">
   <structure>
      <unit label="title" identifier="55" level="1">Property And Conveyances</unit>
      <unit label="chapter" identifier="12" level="2">Waste</unit>
   </structure>
   <section_number>55-215</section_number>
   <catch_line>Waste for tenant to sell or remove manure from leased premises</catch_line>
   <history>Code 1919, § 5510.</history>
   <text>If a tenant at will or for years, without a special license so to do, remove by sale or otherwise from the leased premises manure made thereon in the ordinary course of husbandry, consisting of ashes leached or unleached, collections from the stables, barnyard, cattle pens or other places on the leased premises or composts formed by an admixture of these or any of them with the soil or other substances, such removal shall be deemed waste and within the provisions of the preceding sections of this chapter.</text>
</law>