<?xml version="1.0" encoding="utf-8"?>
<law xmlns:xs="http://www.w3.org/2001/XMLSchema" xmlns:orig="http://StatRev.xsd"
     xmlns:fn="http://localhost/">
   <structure>
      <unit label="title" identifier="30" level="1">General Assembly</unit>
      <unit label="chapter" identifier="21" level="2">Virginia Freedom Of Information Advisory Council</unit>
   </structure>
   <section_number>30-180</section_number>
   <catch_line>Staff</catch_line>
   <history>2000, cc. 917, 987, § 2.1-346.4; 2001, c. 844.</history>
   <text>Staff assistance to the Council shall be provided by the Division of Legislative Services. Staff shall perform those duties assigned to it by the Council.</text>
</law>