<?xml version="1.0" encoding="utf-8"?>
<law xmlns:xs="http://www.w3.org/2001/XMLSchema" xmlns:orig="http://StatRev.xsd"
     xmlns:fn="http://localhost/">
   <structure>
      <unit label="title" identifier="56" level="1">Public Service Companies</unit>
      <unit label="chapter" identifier="27" level="2">Qualified Projects Of Natural Gas Utilities</unit>
   </structure>
   <section_number>56-606</section_number>
   <catch_line>Infrastructure development</catch_line>
   <history>2012, cc. 51, 202.</history>
   <text>
      <section prefix="">Notwithstanding any provision of law to the contrary when the requirements set forth in the definition of qualifying project have been satisfied:<section prefix="1"> The natural gas utility certificated to serve the subject service territory may construct the necessary facilities subject to the provisions of this chapter; and</section>
         <section prefix="2"> The natural gas utility constructing eligible infrastructure pursuant to subdivision 1 shall be permitted to recover the EIDC necessary to develop the eligible infrastructure for the designated qualifying project or projects in future rates as provided in §§ 56-607 and 56-608. The utility shall maintain the burden of demonstrating that the criteria set forth in this chapter have been satisfied.</section>
      </section>
   </text>
</law>