<?xml version="1.0" encoding="utf-8"?>
<law xmlns:xs="http://www.w3.org/2001/XMLSchema" xmlns:orig="http://StatRev.xsd"
     xmlns:fn="http://localhost/">
   <structure>
      <unit label="title" identifier="23.1" level="1">Institutions Of Higher Education; Other Educational And Cultural Institutions</unit>
      <unit label="subtitle" identifier="III" level="2">Management And Financing</unit>
      <unit label="chapter" identifier="11" level="3">Bonds And Other Obligations</unit>
   </structure>
   <section_number>23.1-1111</section_number>
   <catch_line>(Effective October 1, 2016) Bonds; prohibition against obligating Commonwealth</catch_line>
   <history>1933, p. 91, § 23-24; 2016, c. 588.</history>
   <text>The bonds and other obligations of an institution are not a debt of the Commonwealth, do not create or constitute any indebtedness or obligation of the Commonwealth, legal, moral, or otherwise, and are not payable out of any funds other than those of the institution. Nothing in this chapter shall be construed to authorize any institution to incur any indebtedness on behalf of the Commonwealth or in any way to obligate the Commonwealth.</text>
</law>