<?xml version="1.0" encoding="utf-8"?>
<law xmlns:xs="http://www.w3.org/2001/XMLSchema" xmlns:orig="http://StatRev.xsd"
     xmlns:fn="http://localhost/">
   <structure>
      <unit label="title" identifier="46.2" level="1">Motor Vehicles</unit>
      <unit label="subtitle" identifier="II" level="2">Titling, Registration And Licensure</unit>
      <unit label="chapter" identifier="6" level="3">Titling And Registration Of Motor Vehicles</unit>
      <unit label="article" identifier="7" level="4">Fees For Registration</unit>
   </structure>
   <section_number>46.2-685</section_number>
   <catch_line>Payment of fees into special fund</catch_line>
   <history>1987, c. 696, § 46.1-44.2; 1989, c. 727; 2012, c. 443.</history>
   <text>Except as otherwise provided, all fees collected by the Commissioner under §§ 46.2-651 through 46.2-653 shall be paid into the state treasury and set aside as a special fund to be used to meet the expenses of the Department.</text>
</law>