<?xml version="1.0" encoding="utf-8"?>
<law xmlns:xs="http://www.w3.org/2001/XMLSchema" xmlns:orig="http://StatRev.xsd"
     xmlns:fn="http://localhost/">
   <structure>
      <unit label="title" identifier="46.2" level="1">Motor Vehicles</unit>
      <unit label="subtitle" identifier="III" level="2">Operation</unit>
      <unit label="chapter" identifier="12" level="3">Abandoned, Immobilized, Unattended And Trespassing Vehicles; Parking</unit>
      <unit label="article" identifier="1" level="4">Abandoned Vehicles</unit>
   </structure>
   <section_number>46.2-1201</section_number>
   <catch_line>Ordinances</catch_line>
   <history>1968, c. 421, §§ 46.1-555.2, 46.1-555.3; 1989, c. 727; 1997, c. 150.</history>
   <text>The governing body of any county, city, or town may provide by ordinance for taking abandoned vehicles into custody and disposing of them in accordance with this article.Any county, city, or town may take any abandoned motor vehicle into custody. The locality may employ its own personnel, equipment, and facilities or hire persons, equipment, and facilities, or firms or corporations that may be independent contractors for removing, preserving, storing, and selling at public auction abandoned motor vehicles.</text>
</law>