<?xml version="1.0" encoding="utf-8"?>
<law xmlns:xs="http://www.w3.org/2001/XMLSchema" xmlns:orig="http://StatRev.xsd"
     xmlns:fn="http://localhost/">
   <structure>
      <unit label="title" identifier="27" level="1">Fire Protection</unit>
      <unit label="chapter" identifier="9" level="2">Statewide Fire Prevention Code Act</unit>
   </structure>
   <section_number>27-96.2</section_number>
   <catch_line>Exemptions generally</catch_line>
   <history>2002, c. 856.</history>
   <text>The provisions of this chapter concerning fireworks shall have no application to any officer or member of the armed forces of this Commonwealth, or of the United States, while acting within the scope of his authority and duties as such, nor to any offer of sale or sale of fireworks to any authorized agent of such armed forces; nor shall it be applicable to the sale or use of materials or equipment, otherwise prohibited by this chapter, when such materials or equipment is used or to be used by any person for signaling or other emergency use in the operation of any boat, railroad train or other vehicle for the transportation of persons or property.</text>
</law>