<?xml version="1.0" encoding="utf-8"?>
<law xmlns:xs="http://www.w3.org/2001/XMLSchema" xmlns:orig="http://StatRev.xsd"
     xmlns:fn="http://localhost/">
   <structure>
      <unit label="title" identifier="2.2" level="1">Administration Of Government</unit>
      <unit label="subtitle" identifier="I" level="2">Organization Of State Government</unit>
      <unit label="part" identifier="C" level="3">State Agencies Related To The General Operation Of Government</unit>
      <unit label="chapter" identifier="20.1" level="4">Virginia Information Technologies Agency</unit>
      <unit label="article" identifier="5" level="5">Division Of Public Safety Communications</unit>
   </structure>
   <section_number>2.2-2031</section_number>
   <catch_line>Division of Public Safety Communications established; appointment of Virginia Public Safety Communications Coordinator; duties of Division</catch_line>
   <history>2000, c. 1064, § 2.1-563.35:4; 2001, c. 844, § 2.2-1710; 2003, cc. 981, 1021; 2009, c. 614; 2011, c. 138; 2016, c. 361.</history>
   <text>
      <section prefix="A"> There is established within VITA a Division of Public Safety Communications (the Division), which shall be headed by a Virginia Public Safety Communications Coordinator, appointed by the CIO with the advice and consent of the 9-1-1 Services Board. The Division shall consist of such personnel as the CIO deems necessary. The operating expenses, administrative costs, and salaries of the employees of the Division shall be paid from the Wireless E-911 Fund created pursuant to § 56-484.17.</section>
      <section prefix="B"> The Division shall provide staff support to the 9-1-1 Services Board and encourage, promote, and assist in the development and deployment of statewide enhanced emergency telecommunications systems.</section>
   </text>
</law>