<?xml version="1.0" encoding="utf-8"?>
<law xmlns:xs="http://www.w3.org/2001/XMLSchema" xmlns:orig="http://StatRev.xsd"
     xmlns:fn="http://localhost/">
   <structure>
      <unit label="title" identifier="22.1" level="1">Education</unit>
      <unit label="chapter" identifier="10.1" level="2">Borrowing By School Boards From Virginia Retirement System</unit>
   </structure>
   <section_number>22.1-161.6</section_number>
   <catch_line>Repealed</catch_line>
   <history/>
   <text>Repealed by Acts 1996, cc. 105 and 819.</text>
</law>