<?xml version="1.0" encoding="utf-8"?>
<law xmlns:xs="http://www.w3.org/2001/XMLSchema" xmlns:orig="http://StatRev.xsd"
     xmlns:fn="http://localhost/">
   <structure>
      <unit label="title" identifier="10.1" level="1">Conservation</unit>
      <unit label="subtitle" identifier="I" level="2">Activities Administered By The Department Of Conservation And Recreation</unit>
      <unit label="chapter" identifier="10.2" level="3">Virginia Land Conservation Foundation</unit>
   </structure>
   <section_number>10.1-1024</section_number>
   <catch_line>Gifts and bequests to Foundation</catch_line>
   <history>1992, c. 426; 2000, c. 1053.</history>
   <text>Gifts, devises and bequests of money, securities and other assets accepted by the Foundation, whether personal or real property, shall be deemed to be gifts to the Commonwealth, which shall be exempt from all state and local taxes and shall be regarded as property of the Commonwealth for the purposes of all tax laws.</text>
</law>