<?xml version="1.0" encoding="utf-8"?>
<law xmlns:xs="http://www.w3.org/2001/XMLSchema" xmlns:orig="http://StatRev.xsd"
     xmlns:fn="http://localhost/">
   <structure>
      <unit label="title" identifier="10.1" level="1">Conservation</unit>
      <unit label="subtitle" identifier="II" level="2">Activities Administered By Other Entities</unit>
      <unit label="chapter" identifier="21" level="3">Chesapeake Bay Preservation Act</unit>
      <unit label="article" identifier="2" level="4">Chesapeake Bay Advisory Committee</unit>
   </structure>
   <section_number>10.1-2116</section_number>
   <catch_line>Repealed</catch_line>
   <history/>
   <text>Repealed by Acts 2004, c. 1000.</text>
</law>