<?xml version="1.0" encoding="utf-8"?>
<law xmlns:xs="http://www.w3.org/2001/XMLSchema" xmlns:orig="http://StatRev.xsd"
     xmlns:fn="http://localhost/">
   <structure>
      <unit label="title" identifier="28.2" level="1">Fisheries And Habitat Of The Tidal Waters</unit>
      <unit label="subtitle" identifier="II" level="2">Tidal Fisheries</unit>
      <unit label="chapter" identifier="2" level="3">General Provisions</unit>
      <unit label="article" identifier="1" level="4">Powers And Duties</unit>
   </structure>
   <section_number>28.2-201</section_number>
   <catch_line>Authority of Commission to make regulations, establish licenses, and prepare fishery management plans; accept federal grants; enforcement; penalty for violation of regulation</catch_line>
   <history>Code 1950, § 28-43; 1960, c. 517; 1962, c. 406, §§ 28.1-23, 28.1-48; 1966, c. 684; 1968, cc. 748, 749; 1972, c. 833; 1973, cc. 21, 411, § 28.1-120.1; 1976, c. 392; 1979, c. 274; 1981, c. 61; 1983, cc. 307, 318; 1984, c. 463; 1990, c. 445; 1992, c. 836; 1995, c. 136; 2004, c. 860; 2006, c. 5; 2009, c. 371.</history>
   <text>
      <section prefix="">The Commission may:<section prefix="1"> Promulgate regulations, including those for taking seafood, necessary to promote the general welfare of the seafood industry and to conserve and promote the seafood and marine resources of the Commonwealth. The Commission may also promulgate regulations necessary for the conservation and reasonable use of surf clams.</section>
         <section prefix="2"> Establish new licenses and fees commensurate with other licenses in an amount not to exceed $ 100 for any device used for taking or catching seafood in the tidal waters of the Commonwealth when the device (i) is not otherwise licensed in this title and (ii) is used for commercial purposes. The Commission may specify, when issuing such licenses, any restrictions or control over the devices or the persons operating the device.</section>
         <section prefix="3"> Establish fees for permits required for delayed or limited entry fisheries, shellfish relaying, scientific collections, and for the administrative transfer of these permits among fisherman, where applicable.</section>
         <section prefix="4"> Beginning July 1, 2004, and not more frequently than every three years thereafter, increase fees for tidal fisheries licenses and permits that are authorized under this title or by regulation promulgated pursuant to Article 2 (§ 28.2-209 et seq.) of this chapter. Any fee increase for such licenses and permits shall be capped at $ 5 or a percentage equal to the increase in the Consumer Price Index calculated from the time the fee was last set or adjusted, whichever is greater. Beginning July 1, 2004, any amounts generated from the increases in commercial fishing licenses and permits shall be paid into the Marine Fishing Improvement Fund for the purposes authorized by § 28.2-208, and any amounts generated from the increases in recreational fishing licenses shall be paid into the Virginia Saltwater Recreational Fishing Development Fund for the purposes authorized by § 28.2-302.3. The Commission may charge nonresidents a higher fee than residents for purchase of any of the fishing licenses issued pursuant to §§ 28.2-302.2, 28.2-302.2:1, 28.2-302.6, 28.2-302.7, 28.2-302.8, 28.2-302.10, and 28.2-302.10:1. The fee charged to a nonresident shall be no greater than twice the Virginia resident fee. The Commission may prohibit the sale of the private boat license established by § 28.2-302.7 to a nonresident whose boat is not registered in Virginia.</section>
         <section prefix="5"> The Commission shall ensure that increases in licenses and fees are equitably distributed among resource user groups.</section>
         <section prefix="6"> Prepare fishery management plans containing evaluations of regulatory management options, based upon scientific, economic, biological, and sociological information, and use them in the development of regulations. The Commissioner may appoint a fisheries advisory committee and its chairman, consisting of representatives of the various fishery user groups, to assist in the preparation and implementation of the fishery management plans. The Commission may expend funds to compensate the members of the committee pursuant to § 2.2-2825.</section>
         <section prefix="7"> Provide for enforcement of any regulation governing surf clams by any law-enforcement officer of any agency of the Commonwealth or its political subdivisions or by any law-enforcement officer of any agency of the federal government. Enforcement agreements with other agencies or political subdivisions shall be stated in the regulation.</section>
         <section prefix="8"> The Commonwealth hereby assents to the provisions of the Federal Aid in Sport Fish Restoration Act of August 9, 1950 (16 U.S.C. §§ 777-777k), as amended. The Commission is authorized to perform all such acts as may be necessary for the establishment and implementation of cooperative fish restoration and management projects as defined by these federal statutes and the implementing regulations promulgated thereunder.</section>
      </section>
   </text>
</law>