<?xml version="1.0" encoding="utf-8"?>
<law xmlns:xs="http://www.w3.org/2001/XMLSchema" xmlns:orig="http://StatRev.xsd"
     xmlns:fn="http://localhost/">
   <structure>
      <unit label="title" identifier="3.2" level="1">Agriculture, Animal Care, And Food</unit>
      <unit label="subtitle" identifier="V" level="2">Domestic Animals</unit>
      <unit label="chapter" identifier="65" level="3">Comprehensive Animal Care</unit>
      <unit label="article" identifier="1" level="4">General Provisions.</unit>
   </structure>
   <section_number>3.2-6501</section_number>
   <catch_line>Regulations and guidelines</catch_line>
   <history>1984, c. 492, § 29-213.37; 1987, c. 488, § 3.1-796.67; 2008, c. 860.</history>
   <text>The Board may adopt regulations and guidelines consistent with the objectives and intent of this chapter concerning the care and transportation of animals.</text>
</law>