<?xml version="1.0" encoding="utf-8"?>
<law xmlns:xs="http://www.w3.org/2001/XMLSchema" xmlns:orig="http://StatRev.xsd"
     xmlns:fn="http://localhost/">
   <structure>
      <unit label="title" identifier="54.1" level="1">Professions And Occupations</unit>
      <unit label="subtitle" identifier="III" level="2">Professions And Occupations Regulated By Boards Within The Department Of Health Professions</unit>
      <unit label="chapter" identifier="25" level="3">Department Of Health Professions</unit>
   </structure>
   <section_number>54.1-2507</section_number>
   <catch_line>Board of Health Professions; membership, appointments, and terms of office</catch_line>
   <history>1977, c. 579, § 54-951; 1985, c. 448; 1986, c. 564; 1988, c. 765; 2016, c. 105.</history>
   <text>The Board of Health Professions shall consist of one member from each health regulatory board appointed by the Governor and five members to be appointed by the Governor from the Commonwealth at large. No member of the Board of Health Professions who represents a health regulatory board shall serve as such after he ceases to be a member of a board. The members appointed by the Governor shall be subject to confirmation by the General Assembly and shall serve for four-year terms or terms concurrent with their terms as members of health regulatory boards, whichever is less.</text>
</law>