<?xml version="1.0" encoding="utf-8"?>
<law xmlns:xs="http://www.w3.org/2001/XMLSchema" xmlns:orig="http://StatRev.xsd"
     xmlns:fn="http://localhost/">
   <structure>
      <unit label="title" identifier="8.1A" level="1">Uniform Commercial Code -- General Provisions</unit>
      <unit label="part" identifier="3" level="2">Territorial Applicability And General Rules</unit>
   </structure>
   <section_number>8.1a-306</section_number>
   <catch_line>Waiver or renunciation of claim or right after breach</catch_line>
   <history>Code 1950, §§ 6-472, 6-473, 6-475; 1964, c. 219, § 8.1-107; 2003, c. 353.</history>
   <text>A claim or right arising out of an alleged breach may be discharged in whole or in part without consideration by agreement of the aggrieved party in an authenticated record.</text>
</law>