<?xml version="1.0" encoding="utf-8"?>
<law xmlns:xs="http://www.w3.org/2001/XMLSchema" xmlns:orig="http://StatRev.xsd"
     xmlns:fn="http://localhost/">
   <structure>
      <unit label="title" identifier="20" level="1">Domestic Relations</unit>
      <unit label="chapter" identifier="7.1" level="2">Uniform Child Custody Jurisdiction And Enforcement Act</unit>
      <unit label="article" identifier="1" level="3">General Provisions</unit>
   </structure>
   <section_number>20-146.1</section_number>
   <catch_line>Definitions</catch_line>
   <history>1979, c. 229, § 20-125; 2001, c. 305.</history>
   <text>In this act:"Child" means an individual who has not attained eighteen years of age."Child custody determination" means a judgment, decree, or other order of a court providing for the legal custody, physical custody, or visitation with respect to a child. The term includes a permanent, temporary, initial, or modification order. The term does not include an order relating to child support or other monetary obligation of an individual."Child custody proceeding" means a proceeding in which legal custody, physical custody, or visitation with respect to a child is an issue. The term includes a proceeding for divorce, separation, neglect, abuse, dependency, guardianship, paternity, termination of parental rights, and protection from domestic violence, in which the issue may appear. The term does not include a proceeding involving juvenile delinquency, contractual emancipation, or enforcement under Article 3 (§ 20-146.22 et seq.) of this chapter."Commencement" means the filing of the first pleading in a proceeding."Court" means a court of competent jurisdiction as determined by otherwise applicable Virginia law to establish, enforce, or modify a child custody determination or an entity authorized under the law of another state to establish, enforce or modify a child custody determination."Home state" means the state in which a child lived with a parent or a person acting as a parent for at least six consecutive months immediately before the commencement of a child custody proceeding. In the case of a child less than six months of age, the term means the state in which the child lived from birth with any of the persons mentioned. A period of temporary absence of any of the mentioned persons is part of the period."Initial determination" means the first child custody determination concerning a particular child."Issuing court" means the court that makes a child custody determination for which enforcement is sought under this act."Issuing state" means the state in which a child custody determination is made."Modification" means a child custody determination that changes, replaces, supersedes, or is otherwise made after a previous determination concerning the same child, whether or not it is made by the court that made the previous determination."Person" means an individual, corporation, business trust, estate, trust, partnership, limited liability company, association, joint venture, government, governmental subdivision, agency, or instrumentality, public corporation, or any other legal or commercial entity."Person acting as a parent" means a person, other than a parent, who has (i) physical custody of the child or has had physical custody for a period of six consecutive months, including any temporary absence, within one year immediately before the commencement of a child custody proceeding and (ii) been awarded legal custody by a court or claims a right to legal custody under the laws of this Commonwealth."Physical custody" means the physical care and supervision of a child."State" means a state of the United States, the District of Columbia, Puerto Rico, the United States Virgin Islands, or any territory or insular possession subject to the jurisdiction of the United States."Tribe" means an Indian tribe or band, or Alaskan Native village, which is recognized by federal law or formally acknowledged by a state.</text>
</law>