<?xml version="1.0" encoding="utf-8"?>
<law xmlns:xs="http://www.w3.org/2001/XMLSchema" xmlns:orig="http://StatRev.xsd"
     xmlns:fn="http://localhost/">
   <structure>
      <unit label="title" identifier="15.2" level="1">Counties, Cities And Towns</unit>
      <unit label="subtitle" identifier="IV" level="2">Other Governmental Entities</unit>
      <unit label="chapter" identifier="53" level="3">Hospital Authorities</unit>
      <unit label="article" identifier="3" level="4">Bonds</unit>
   </structure>
   <section_number>15.2-5352</section_number>
   <catch_line>Interim certificates</catch_line>
   <history>Code 1950, § 32-267; 1979, c. 719, § 15.1-1587; 1997, c. 587.</history>
   <text>Pending the authorization, preparation, execution or delivery of definitive bonds, the authority may issue interim certificates, or other temporary obligations, to the purchaser of such bonds. Such interim certificates, or other temporary obligations, shall be in such form, contain such terms, conditions and provisions, bear such date or dates, and evidence such agreements, relating to their discharge or payment or the delivery of definitive bonds as the authority may by resolution or trust indenture determine.</text>
</law>