<?xml version="1.0" encoding="utf-8"?>
<law xmlns:xs="http://www.w3.org/2001/XMLSchema" xmlns:orig="http://StatRev.xsd"
     xmlns:fn="http://localhost/">
   <structure>
      <unit label="title" identifier="32.1" level="1">Health</unit>
      <unit label="chapter" identifier="9" level="2">Regulation Of Medical Assistance</unit>
      <unit label="article" identifier="1" level="3">In General</unit>
   </structure>
   <section_number>32.1-316</section_number>
   <catch_line>False statement or representation as to conditions or operations of institution or facility; penalty</catch_line>
   <history>1981, c. 255; 1991, c. 695; 2010, c. 305.</history>
   <text>Any person who knowingly, willfully, and fraudulently makes or causes to be made, or induces or seeks to induce the making of, any false statement or representation of a material fact with respect to the conditions or operations of any institution or facility in order that such institution or facility may qualify, either upon initial certification or upon recertification, as a hospital, skilled nursing facility, intermediate care facility, or home care organization shall be guilty of a Class 6 felony. In addition thereto, a fine may be imposed in an amount not to exceed $ 5,000. The Director of the Department of Medical Assistance Services may terminate or deny a contract to a provider for any violation of this section pursuant to § 32.1-325.</text>
</law>