<?xml version="1.0" encoding="utf-8"?>
<law xmlns:xs="http://www.w3.org/2001/XMLSchema" xmlns:orig="http://StatRev.xsd"
     xmlns:fn="http://localhost/">
   <structure>
      <unit label="title" identifier="8.01" level="1">Civil Remedies And Procedure</unit>
      <unit label="chapter" identifier="3" level="2">Actions</unit>
      <unit label="article" identifier="19" level="3">Actions By The Commonwealth</unit>
   </structure>
   <section_number>8.01-210</section_number>
   <catch_line>Judgment against deceased obligors</catch_line>
   <history>Code 1950, § 8-773; 1954, c. 550; 1977, c. 617.</history>
   <text>A judgment may be obtained against the survivors of a deceased obligor of a bond taken under the provisions of § 8.01-206 by an action at law against the personal representative of such obligor.</text>
</law>