<?xml version="1.0" encoding="utf-8"?>
<law xmlns:xs="http://www.w3.org/2001/XMLSchema" xmlns:orig="http://StatRev.xsd"
     xmlns:fn="http://localhost/">
   <structure>
      <unit label="title" identifier="55" level="1">Property And Conveyances</unit>
      <unit label="chapter" identifier="5" level="2">Fraudulent And Voluntary Conveyances, Bulk And Conditional Sales, Etc.; Writings Necessary To Be Recorded</unit>
   </structure>
   <section_number>55-97</section_number>
   <catch_line>Where to be recorded</catch_line>
   <history>Code 1919, § 5195.</history>
   <text>Notwithstanding any such writing shall be duly admitted to record in one county or corporation wherein there is real estate or goods or chattels, it shall nevertheless be void as to such creditors and purchasers in respect to other real estate or goods or chattels without the same, until it is duly admitted to record in the county or corporation wherein such other real estate or goods or chattels may be; but it shall be sufficient to record a deed releasing the lien of a deed of trust, in whole or in part, either in the county or city in which the property thereby released is located, or in the county or city in which the property so released was situated at the time of the recordation of the deed of trust; and any recordation thereof so made of any such release is hereby validated.</text>
</law>