<?xml version="1.0" encoding="utf-8"?>
<law xmlns:xs="http://www.w3.org/2001/XMLSchema" xmlns:orig="http://StatRev.xsd"
     xmlns:fn="http://localhost/">
   <structure>
      <unit label="title" identifier="8.01" level="1">Civil Remedies And Procedure</unit>
      <unit label="chapter" identifier="3" level="2">Actions</unit>
      <unit label="article" identifier="21" level="3">Miscellaneous Provisions</unit>
   </structure>
   <section_number>8.01-225.02</section_number>
   <catch_line>Certain liability protection for health care providers during disasters</catch_line>
   <history>2008, cc. 121, 157.</history>
   <text>
      <section prefix="A"> In the absence of gross negligence or willful misconduct, any health care provider who responds to a disaster shall not be liable for any injury or wrongful death of any person arising from the delivery or withholding of health care when (i) a state or local emergency has been or is subsequently declared in response to such disaster, and (ii) the emergency and subsequent conditions caused a lack of resources, attributable to the disaster, rendering the health care provider unable to provide the level or manner of care that otherwise would have been required in the absence of the emergency and which resulted in the injury or wrongful death at issue.</section>
      <section prefix="B"> For purposes of this section:"Disaster" means any "disaster," "emergency," or "major disaster" as those terms are used and defined in § 44-146.16; and"Health care provider" has the same definition as provided in § 8.01-581.1.</section>
   </text>
</law>