<?xml version="1.0" encoding="utf-8"?>
<law xmlns:xs="http://www.w3.org/2001/XMLSchema" xmlns:orig="http://StatRev.xsd"
     xmlns:fn="http://localhost/">
   <structure>
      <unit label="title" identifier="13.1" level="1">Corporations</unit>
      <unit label="chapter" identifier="14" level="2">Virginia Business Trust Act</unit>
      <unit label="article" identifier="11" level="3">Merger</unit>
   </structure>
   <section_number>13.1-1260</section_number>
   <catch_line>Repealed</catch_line>
   <history/>
   <text>Repealed by Acts 2003, c. 373, effective October 1, 2003.</text>
</law>