<?xml version="1.0" encoding="utf-8"?>
<law xmlns:xs="http://www.w3.org/2001/XMLSchema" xmlns:orig="http://StatRev.xsd"
     xmlns:fn="http://localhost/">
   <structure>
      <unit label="title" identifier="9.1" level="1">Commonwealth Public Safety</unit>
      <unit label="chapter" identifier="3" level="2">Firefighters And Emergency Medical Technicians Procedural Guarantee Act</unit>
   </structure>
   <section_number>9.1-303</section_number>
   <catch_line>Informal counseling not prohibited</catch_line>
   <history>1987, c. 509, § 2.1-116.9:3; 2001, c. 844; 2015, cc. 502, 503.</history>
   <text>Nothing in this chapter shall be construed to prohibit the informal counseling of a firefighter or emergency medical services personnel by a supervisor in reference to a minor infraction of policy or procedure that does not result in disciplinary action being taken against the firefighter or emergency medical services personnel.</text>
</law>