<?xml version="1.0" encoding="utf-8"?>
<law xmlns:xs="http://www.w3.org/2001/XMLSchema" xmlns:orig="http://StatRev.xsd"
     xmlns:fn="http://localhost/">
   <structure>
      <unit label="title" identifier="38.2" level="1">Insurance</unit>
      <unit label="chapter" identifier="34" level="2">Provisions Relating To Accident And Sickness Insurance</unit>
      <unit label="article" identifier="1" level="3">General Provisions</unit>
   </structure>
   <section_number>38.2-3407.17</section_number>
   <catch_line>(Effective until January 1, 2017) Payment for services by dentists and oral surgeons</catch_line>
   <history>2010, cc. 583, 734.</history>
   <text>
      <section prefix="A"> As used in this section:"Covered services" means the health care services for which benefits under a policy, contract, or evidence of coverage are payable by a dental plan, including services paid by the insureds, subscribers, or enrollees because the annual or periodic payment maximum established by the dental plan has been met."Dental plan" includes (i) an insurer proposing to issue individual or group accident and sickness insurance policies providing hospital, medical, and surgical or major medical coverage on an expense-incurred basis, (ii) an entity providing individual or group accident and sickness subscription contracts, (iii) a dental services plan offering or administering prepaid dental services, (iv) a health maintenance organization providing a health care plan, and (v) a dental plan organization.</section>
      <section prefix="B"> No contract between a dental plan and a dentist or oral surgeon may establish the fee or rate that the dentist or oral surgeon is required to accept for the provision of health care services, or require that a dentist or oral surgeon accept the reimbursement paid as payment in full, unless the services are covered services under the applicable dental plan.</section>
      <section prefix="C"> This section shall apply with respect to any contract between a dental plan and a dentist or oral surgeon for the provision of health care to patients that is entered into, amended, extended, or renewed on or after July 1, 2010.</section>
      <section prefix="D"> The Commission shall have no jurisdiction to adjudicate individual controversies arising out of this section.</section>
   </text>
</law>