<?xml version="1.0" encoding="utf-8"?>
<law xmlns:xs="http://www.w3.org/2001/XMLSchema" xmlns:orig="http://StatRev.xsd"
     xmlns:fn="http://localhost/">
   <structure>
      <unit label="title" identifier="44" level="1">Military And Emergency Laws</unit>
      <unit label="chapter" identifier="1" level="2">Military Laws Of Virginia</unit>
      <unit label="article" identifier="7" level="3">Regulations As To Active Service</unit>
   </structure>
   <section_number>44-83</section_number>
   <catch_line>Pay and allowance of members</catch_line>
   <history>1930, p. 964; Michie Code 1942, § 2673(69); 1958, c. 393; 1988, c. 352; 2011, cc. 572, 586; 2016, c. 341.</history>
   <text>When called into state active duty, not in the service of the United States, officers of the National Guard shall receive the same pay and allowances as prescribed for members of like rank in the United States Armed Forces. For each day of such service, members of the National Guard shall receive the same pay and allowances as if they were on a day of Annual Training. For each day of service, members of the Virginia Defense Force called to state active duty shall receive the same pay and allowances as persons of like grade in the National Guard for a day of Annual Training, capped at 25 years of service.</text>
</law>