<?xml version="1.0" encoding="utf-8"?>
<law xmlns:xs="http://www.w3.org/2001/XMLSchema" xmlns:orig="http://StatRev.xsd"
     xmlns:fn="http://localhost/">
   <structure>
      <unit label="title" identifier="36" level="1">Housing</unit>
      <unit label="chapter" identifier="6" level="2">Uniform Statewide Building Code</unit>
      <unit label="article" identifier="1" level="3">General Provisions</unit>
   </structure>
   <section_number>36-99.6:1</section_number>
   <catch_line>Repealed</catch_line>
   <history/>
   <text>Repealed by Acts 1994, c. 256.</text>
</law>