<?xml version="1.0" encoding="utf-8"?>
<law xmlns:xs="http://www.w3.org/2001/XMLSchema" xmlns:orig="http://StatRev.xsd"
     xmlns:fn="http://localhost/">
   <structure>
      <unit label="title" identifier="13.1" level="1">Corporations</unit>
      <unit label="chapter" identifier="10" level="2">Virginia Nonstock Corporation Act</unit>
      <unit label="article" identifier="13" level="3">Dissolution</unit>
   </structure>
   <section_number>13.1-917</section_number>
   <catch_line>Survival of remedy after termination of corporate existence</catch_line>
   <history>Code 1950, § 13.1-264; 1956, c. 428; 1985, c. 522; 2007, c. 925.</history>
   <text>The termination of corporate existence shall not take away or impair any remedy available to or against the corporation, its directors, officers or members, for any right or claim existing, or any liability incurred, prior to such termination. Any such action or proceeding by or against the corporation may be prosecuted or defended by the corporation in its corporate name. The members, directors and officers shall have power to take such corporate or other action as shall be appropriate to protect such remedy, right or claim.</text>
</law>