<?xml version="1.0" encoding="utf-8"?>
<law xmlns:xs="http://www.w3.org/2001/XMLSchema" xmlns:orig="http://StatRev.xsd"
     xmlns:fn="http://localhost/">
   <structure>
      <unit label="title" identifier="38.2" level="1">Insurance</unit>
      <unit label="chapter" identifier="17" level="2">Virginia Life, Accident And Sickness Insurance Guaranty Association</unit>
      <unit label="article" identifier="1" level="3">Establishment And Operation Of The Association</unit>
   </structure>
   <section_number>38.2-1714</section_number>
   <catch_line>Stay of proceedings; reopening default judgments</catch_line>
   <history>1976, c. 330, § 38.1-482.32; 1986, c. 562; 2010, c. 510.</history>
   <text>All proceedings in which the insolvent insurer is a party in any court in this Commonwealth shall be stayed 180 days from the date an order of liquidation, rehabilitation, or conservation is final to permit proper legal action by the Association on all matters germane to its powers and duties. The Association may apply to have the judgment under any decision, order, verdict, or finding based on default set aside by the same court that made the judgment and shall be permitted to defend against the suit on the merits.</text>
</law>