<?xml version="1.0" encoding="utf-8"?>
<law xmlns:xs="http://www.w3.org/2001/XMLSchema" xmlns:orig="http://StatRev.xsd"
     xmlns:fn="http://localhost/">
   <structure>
      <unit label="title" identifier="8.01" level="1">Civil Remedies And Procedure</unit>
      <unit label="chapter" identifier="3" level="2">Actions</unit>
      <unit label="article" identifier="21" level="3">Miscellaneous Provisions</unit>
   </structure>
   <section_number>8.01-226.8</section_number>
   <catch_line>Civil immunity for public officials and private volunteers participating in certain programs for probationers</catch_line>
   <history>2004, cc. 387, 434; 2007, c. 182; 2008, c. 688.</history>
   <text>Probation officers; court personnel; county, city and town personnel; any other public officials; and private volunteers who participate in a program where persons on probation or community service are ordered as a condition of probation or community service to pick up litter along a section of public roadway or waterway, to perform recycling duties at landfills, garbage transfer sites, and other waste disposal systems, to mow rights-of-way or to perform other landscaping maintenance tasks shall not be liable for any civil damages to a probationer or person on community service, or the property of such person, for acts or omissions resulting from such participation, unless such act or omission is the result of willful misconduct. The provisions of this section shall not be interpreted to grant any immunity to a driver transporting the persons on probation or community service or a motorist who, by his negligence, may injure such probationer or person on community service.</text>
</law>