<?xml version="1.0" encoding="utf-8"?>
<law xmlns:xs="http://www.w3.org/2001/XMLSchema" xmlns:orig="http://StatRev.xsd"
     xmlns:fn="http://localhost/">
   <structure>
      <unit label="title" identifier="19.2" level="1">Criminal Procedure</unit>
      <unit label="chapter" identifier="23" level="2">Central Criminal Records Exchange</unit>
   </structure>
   <section_number>19.2-388</section_number>
   <catch_line>Duties and authority of Exchange</catch_line>
   <history>Code 1950, § 19.1-19.2; 1966, c. 669; 1968, c. 537; 1970, c. 118; 1975, c. 495; 1976, c. 771; 1982, c. 33; 1993, cc. 468, 926; 1996, cc. 755, 914.</history>
   <text>
      <section prefix="A"> It shall be the duty of the Central Criminal Records Exchange to receive, classify and file criminal history record information as defined in § 9.1-101 and other records required to be reported to it by §§ 16.1-299 and 19.2-390. The Exchange is authorized to prepare and furnish to all state and local law-enforcement officials and agencies; to clerks of circuit courts, general district courts, and juvenile and domestic relations district courts; and to corrections and penal officials, forms which shall be used for the making of such reports.</section>
      <section prefix="B"> Juvenile records received pursuant to § 16.1-299 shall be maintained separately from adult records.</section>
   </text>
</law>