<?xml version="1.0" encoding="utf-8"?>
<law xmlns:xs="http://www.w3.org/2001/XMLSchema" xmlns:orig="http://StatRev.xsd"
     xmlns:fn="http://localhost/">
   <structure>
      <unit label="title" identifier="56" level="1">Public Service Companies</unit>
      <unit label="chapter" identifier="22.1" level="2">The Public-private Education Facilities And Infrastructure Act Of 2002</unit>
   </structure>
   <section_number>56-575.12</section_number>
   <catch_line>Condemnation</catch_line>
   <history>2002, c. 571; 2005, c. 865.</history>
   <text>At the request of the private entity, the responsible public entity may exercise any power of condemnation that it has under law for the purpose of acquiring any lands or estates or interests therein to the extent that the responsible public entity finds that such action serves the public purpose of this chapter. Any amounts to be paid in any such condemnation proceeding shall be paid by the private entity.</text>
</law>