<?xml version="1.0" encoding="utf-8"?>
<law xmlns:xs="http://www.w3.org/2001/XMLSchema" xmlns:orig="http://StatRev.xsd"
     xmlns:fn="http://localhost/">
   <structure>
      <unit label="title" identifier="58.1" level="1">Taxation</unit>
      <unit label="subtitle" identifier="IV" level="2">Other Sources Of State Revenue</unit>
      <unit label="chapter" identifier="40" level="3">Virginia Lottery Law</unit>
   </structure>
   <section_number>58.1-4005</section_number>
   <catch_line>Appointment, qualifications and salary of Director</catch_line>
   <history>1987, c. 531; 2014, c. 225.</history>
   <text>
      <section prefix="A"> The Department shall be under the immediate supervision and direction of a Director, who shall be a person of good reputation, particularly as to honesty and integrity, and shall be subject to a thorough background investigation conducted by the Department of State Police prior to appointment. The Director shall be appointed by and serve at the pleasure of the Governor, subject to confirmation by a majority of the members elected to each house of the General Assembly if in session when the appointment is made, and if not in session, then at its next succeeding session. The Director shall receive a salary as provided in the general appropriations act.</section>
      <section prefix="B"> The Director shall devote his full time to the performance of his official duties and shall not be engaged in any other profession or occupation.</section>
      <section prefix="C"> Before entering upon the discharge of his duties, the Director shall take an oath that he will faithfully and honestly execute the duties of his office during his continuance therein and shall give bond in such amount as may be fixed by the Governor, conditioned upon the faithful discharge of his duties. The premium on such bond shall be paid out of the Virginia Lottery Fund.</section>
   </text>
</law>