<?xml version="1.0" encoding="utf-8"?>
<law xmlns:xs="http://www.w3.org/2001/XMLSchema" xmlns:orig="http://StatRev.xsd"
     xmlns:fn="http://localhost/">
   <structure>
      <unit label="title" identifier="8.01" level="1">Civil Remedies And Procedure</unit>
      <unit label="chapter" identifier="3" level="2">Actions</unit>
      <unit label="article" identifier="5" level="3">Death By Wrongful Act</unit>
   </structure>
   <section_number>8.01-53</section_number>
   <catch_line>Class and beneficiaries; when determined</catch_line>
   <history>Code 1950, §§ 8-636.1, 8-638; 1954, c. 333; 1973, c. 401; 1974, c. 444; 1977, cc. 460, 617; 1979, c. 356; 1992, c. 74; 1994, c. 515; 2003, c. 632.</history>
   <text>
      <section prefix="A"> The damages awarded pursuant to § 8.01-52 shall be distributed as specified under § 8.01-54 to (i) the surviving spouse, children of the deceased and children of any deceased child of the deceased or (ii) if there be none such, then to the parents, brothers and sisters of the deceased, and to any other relative who is primarily dependent on the decedent for support or services and is also a member of the same household as the decedent or (iii) if the decedent has left both surviving spouse and parent or parents, but no child or grandchild, the award shall be distributed to the surviving spouse and such parent or parents or (iv) if there are survivors under clause (i) or clause (iii), the award shall be distributed to those beneficiaries and to any other relative who is primarily dependent on the decedent for support or services and is also a member of the same household as the decedent or (v) if no survivors exist under clause (i), (ii), (iii), or (iv), the award shall be distributed in the course of descents as provided for in § 64.2-200. Provided, however, no parent whose parental rights and responsibilities have been terminated by a court of competent jurisdiction or pursuant to a permanent entrustment agreement with a child welfare agency shall be eligible as a beneficiary under this section. For purposes of this section, a relative is any person related to the decedent by blood, marriage, or adoption and also includes a stepchild of the decedent.</section>
      <section prefix="B"> The class and beneficiaries thereof eligible to receive such distribution shall be fixed (i) at the time the verdict is entered if the jury makes the specification, or (ii) at the time the judgment is rendered if the court specifies the distribution.</section>
      <section prefix="C"> A beneficiary may renounce his interest in any claim brought pursuant to § 8.01-50 and, in such event, the damages shall be distributed to the beneficiaries in the same class as the renouncing beneficiary or, if there are none, to the beneficiaries in any subsequent class in the order of priority set forth in subsection A.</section>
   </text>
</law>