<?xml version="1.0" encoding="utf-8"?>
<law xmlns:xs="http://www.w3.org/2001/XMLSchema" xmlns:orig="http://StatRev.xsd"
     xmlns:fn="http://localhost/">
   <structure>
      <unit label="title" identifier="21" level="1">Drainage, Soil Conservation, Sanitation And Public Facilities Districts</unit>
      <unit label="chapter" identifier="6" level="2">Drainage Projects</unit>
   </structure>
   <section_number>21-362</section_number>
   <catch_line>Notice to railroad</catch_line>
   <history>Code 1919, § 1767.</history>
   <text>The clerk of the circuit court shall have notice served upon the railroad company of the time and place of hearing of the final report of viewers under § 21-361, and the railroad company shall have the right to file objections to the report, and to appeal from the findings of the court in the same manner as any landowner, as provided in §§ 21-292 through 21-361.</text>
</law>