<?xml version="1.0" encoding="utf-8"?>
<law xmlns:xs="http://www.w3.org/2001/XMLSchema" xmlns:orig="http://StatRev.xsd"
     xmlns:fn="http://localhost/">
   <structure>
      <unit label="title" identifier="56" level="1">Public Service Companies</unit>
      <unit label="chapter" identifier="9.1" level="2">Utility Consumer Services Cooperatives And Utility Aggregation Cooperatives</unit>
      <unit label="article" identifier="1" level="3">Utility Consumer Services Cooperatives Act</unit>
   </structure>
   <section_number>56-231.35</section_number>
   <catch_line>Charter fees, etc</catch_line>
   <history>1999, c. 874.</history>
   <text>The general laws relating to fees and other charges in connection with issuing charters, amendments thereto and dissolutions of corporations organized on a mutual basis or without capital stock shall apply to cooperatives organized under the provisions of this article.</text>
</law>