<?xml version="1.0" encoding="utf-8"?>
<law xmlns:xs="http://www.w3.org/2001/XMLSchema" xmlns:orig="http://StatRev.xsd"
     xmlns:fn="http://localhost/">
   <structure>
      <unit label="title" identifier="3.2" level="1">Agriculture, Animal Care, And Food</unit>
      <unit label="subtitle" identifier="III" level="2">Production And Sale Of Agricultural Products.</unit>
      <unit label="chapter" identifier="47" level="3">Sale Of Farm Produce</unit>
      <unit label="article" identifier="4" level="4">Dealers In Grain Products.</unit>
   </structure>
   <section_number>3.2-4757</section_number>
   <catch_line>Duties and powers of Commissioner with respect to bonds</catch_line>
   <history>1982, c. 187, § 3.1-722.20:1; 1985, c. 354; 2008, c. 860.</history>
   <text>The Commissioner may accept the proceeds from any bond on which he is trustee or any letter of credit on which he is beneficiary, and deposit the proceeds in the state treasury at interest in favor of the claimants. The Commissioner may institute and prosecute suits or action in the name of the Commonwealth on behalf of claimants known and approved by him in any appropriate court for any purpose in connection with the collection or distribution of the proceeds. It shall be the duty of any person having a claim against a grain dealer to notify the Commissioner of his claim. The Commissioner shall have no duty to prosecute any claim unless he has received such notice and believes the claim is valid. If the Commissioner believes the claim to be invalid, he shall notify the claimant. The claimant shall then have his remedy pursuant to § 3.2-4756. The Commissioner may appeal a decision of any court that is contrary to any distribution recommended or authorized by him.</text>
</law>