<?xml version="1.0" encoding="utf-8"?>
<law xmlns:xs="http://www.w3.org/2001/XMLSchema" xmlns:orig="http://StatRev.xsd"
     xmlns:fn="http://localhost/">
   <structure>
      <unit label="title" identifier="15.2" level="1">Counties, Cities And Towns</unit>
      <unit label="subtitle" identifier="IV" level="2">Other Governmental Entities</unit>
      <unit label="chapter" identifier="60" level="3">Virginia Coalfield Economic Development Authority</unit>
   </structure>
   <section_number>15.2-6007</section_number>
   <catch_line>Acceptance of funds, property and grants or loans</catch_line>
   <history>1988, c. 833, § 15.1-1642; 1990, c. 341; 1997, c. 587.</history>
   <text>The Authority may accept funds and property from the federal government, the Commonwealth, persons and localities, and may use the same for any of the purposes for which the Authority is created.Localities are hereby authorized to lend or donate money or other property to the Authority for any of its purposes. The locality making the grant or loan may restrict the use of such grants or loans to a specific project, within or outside that locality.</text>
</law>