<?xml version="1.0" encoding="utf-8"?>
<law xmlns:xs="http://www.w3.org/2001/XMLSchema" xmlns:orig="http://StatRev.xsd"
     xmlns:fn="http://localhost/">
   <structure>
      <unit label="title" identifier="8.9A" level="1">Commercial Code -- Secured Transactions</unit>
      <unit label="part" identifier="3" level="2">Perfection And Priority</unit>
      <unit label="part" identifier="3" level="3">Priority</unit>
   </structure>
   <section_number>8.9a-339</section_number>
   <catch_line>Priority subject to subordination</catch_line>
   <history>1964, c. 219, § 8.9-316; 2000, c. 1007.</history>
   <text>This title does not preclude subordination by agreement by a person entitled to priority.</text>
</law>