<?xml version="1.0" encoding="utf-8"?>
<law xmlns:xs="http://www.w3.org/2001/XMLSchema" xmlns:orig="http://StatRev.xsd"
     xmlns:fn="http://localhost/">
   <structure>
      <unit label="title" identifier="13.1" level="1">Corporations</unit>
      <unit label="chapter" identifier="10" level="2">Virginia Nonstock Corporation Act</unit>
      <unit label="article" identifier="18" level="3">Miscellaneous Provisions.</unit>
   </structure>
   <section_number>13.1-945</section_number>
   <catch_line>Property title records</catch_line>
   <history>2007, c. 771.</history>
   <text>
      <section prefix="A"> Whenever the records in the office of the clerk of the Commission reflect that a domestic or foreign corporation has changed or corrected its name, merged into a domestic or foreign limited liability company, corporation, business trust, limited partnership or partnership, converted into a domestic or foreign limited liability company, business trust, limited partnership or partnership, or domesticated in or from another jurisdiction, the clerk of the Commission, upon request, shall issue a certificate reciting such change, correction, merger, conversion or domestication. The certificate may be admitted to record in the deed books, in accordance with § 17.1-227, of any clerk's office within the jurisdiction of which any property of the corporation is located in order to maintain the continuity of title records. The person filing the certificate shall pay a fee of $ 10 to the clerk of the court, but no tax shall be due thereon.</section>
      <section prefix="B"> Whenever a foreign corporation has changed or corrected its name, merged into another business entity, converted into another type of business entity, or domesticated in another jurisdiction, and it cannot or chooses not to obtain a certificate reciting such change, correction, merger, conversion or domestication from the clerk of the Commission pursuant to subsection A, a similar certificate by any competent authority of the foreign corporation's jurisdiction of incorporation may be admitted to record in the deed books, in accordance with § 17.1-227, of any clerk's office within the jurisdiction of which any property of the corporation is located in order to maintain the continuity of title records. The person filing the certificate shall pay a fee of $ 10 to the clerk of the court, but no tax shall be due thereon.</section>
   </text>
</law>