<?xml version="1.0" encoding="utf-8"?>
<law xmlns:xs="http://www.w3.org/2001/XMLSchema" xmlns:orig="http://StatRev.xsd"
     xmlns:fn="http://localhost/">
   <structure>
      <unit label="title" identifier="15.2" level="1">Counties, Cities And Towns</unit>
      <unit label="subtitle" identifier="III" level="2">Boundary Adjustments And Changes Of Status Of Counties, Cities And Towns</unit>
      <unit label="chapter" identifier="32" level="3">Boundary Changes Of Towns And Cities</unit>
      <unit label="article" identifier="1" level="4">Annexation</unit>
   </structure>
   <section_number>15.2-3228</section_number>
   <catch_line>County not to be reduced to insufficient area, population or sources of revenue</catch_line>
   <history>Code 1950, § 15-152.26; 1952, c. 328; 1960, c. 519; 1962, c. 623, § 15.1-1056; 1997, c. 587.</history>
   <text>If, as the result of an annexation, the area remaining in a county (i) would be reduced below sixty square miles, excluding property owned by the United States of America, or (ii) would otherwise be insufficient in area, population, or sources of revenue to adequately support the county government and schools, then the annexation shall not be decreed unless the whole county is annexed.</text>
</law>