<?xml version="1.0" encoding="utf-8"?>
<law xmlns:xs="http://www.w3.org/2001/XMLSchema" xmlns:orig="http://StatRev.xsd"
     xmlns:fn="http://localhost/">
   <structure>
      <unit label="title" identifier="54.1" level="1">Professions And Occupations</unit>
      <unit label="subtitle" identifier="III" level="2">Professions And Occupations Regulated By Boards Within The Department Of Health Professions</unit>
      <unit label="chapter" identifier="30" level="3">Nursing</unit>
      <unit label="article" identifier="1" level="4">Board Of Nursing</unit>
   </structure>
   <section_number>54.1-3008</section_number>
   <catch_line>Particular violations; prosecution</catch_line>
   <history>Code 1950, § 54-359; 1970, c. 116; 1982, c. 598, § 54-367.35; 1988, c. 765; 1996, c. 166; 2004, c. 49; 2016, c. 324.</history>
   <text>
      <section prefix="A"> It shall be a Class 1 misdemeanor for any person to:<section prefix="1"> Practice nursing under the authority of a license or record illegally or fraudulently obtained or signed or issued unlawfully or under fraudulent representation;</section>
         <section prefix="2"> Practice nursing unless licensed to do so under the provisions of this chapter;</section>
         <section prefix="3"> Knowingly employ an unlicensed person as a professional or practical nurse or knowingly permit an unlicensed person to represent himself as a professional or practical nurse;</section>
         <section prefix="4"> Use in connection with his name any designation tending to imply that he is a professional nurse or a practical nurse unless duly licensed to practice under the provisions of this chapter;</section>
         <section prefix="5"> Practice professional nursing or practical nursing during the time his license is suspended or revoked;</section>
         <section prefix="6"> Conduct a nursing education program for the preparation of professional or practical nurses unless the program has been approved by the Board; or</section>
         <section prefix="7"> Engage in the practice of massage therapy or hold himself out as practicing massage therapy unless he holds a license as a massage therapist issued by the Board.</section>
      </section>
      <section prefix="B"> The provisions of this section shall apply, mutatis mutandis, to persons holding a multistate licensure privilege to practice nursing.</section>
   </text>
</law>