<?xml version="1.0" encoding="utf-8"?>
<law xmlns:xs="http://www.w3.org/2001/XMLSchema" xmlns:orig="http://StatRev.xsd"
     xmlns:fn="http://localhost/">
   <structure>
      <unit label="title" identifier="15.2" level="1">Counties, Cities And Towns</unit>
      <unit label="subtitle" identifier="IV" level="2">Other Governmental Entities</unit>
      <unit label="chapter" identifier="49" level="3">Industrial Development And Revenue Bond Act</unit>
   </structure>
   <section_number>15.2-4916</section_number>
   <catch_line>Authorities acting jointly</catch_line>
   <history>1966, c. 651, § 15.1-1387; 1982, c. 463; 1997, c. 587.</history>
   <text>The powers herein conferred upon authorities created under this chapter may be exercised by two or more authorities acting jointly. Two or more localities may jointly create an authority, in which case each of the directors of such authority shall be appointed by the governing body of the respective locality which the director represents.</text>
</law>