<?xml version="1.0" encoding="utf-8"?>
<law xmlns:xs="http://www.w3.org/2001/XMLSchema" xmlns:orig="http://StatRev.xsd"
     xmlns:fn="http://localhost/">
   <structure>
      <unit label="title" identifier="45.1" level="1">Mines And Mining</unit>
      <unit label="chapter" identifier="14.2" level="2">Coal Mine Safety Act</unit>
      <unit label="article" identifier="6" level="3">Rescue Crews; Rescue Teams</unit>
   </structure>
   <section_number>45.1-161.70</section_number>
   <catch_line>Qualification for crew membership; direction of crews</catch_line>
   <history>1975, c. 432, § 45.1-33.3; 1984, c. 590; 1994, c. 28; 1999, c. 256; 2004, c. 855; 2006, c. 396.</history>
   <text>
      <section prefix="A"> To qualify for membership in mine rescue crews an applicant shall be an experienced miner and shall pass a physical examination by a licensed physician, physician assistant, or licensed nurse practitioner at least annually. A record that such examination was taken shall be kept on file by the operator who employs the crew members and a copy shall be furnished to the Director.</section>
      <section prefix="B"> All rescue or recovery work performed by these crews shall be under the jurisdiction of the Department. The Department shall consult with company officials, representatives of the Mine Safety and Health Administration and representatives of the miners, and all should be in agreement as far as possible on the proper procedure for rescue and recovery; however, the Chief in his discretion may take full responsibility in directing such work. Procedures for use of apparatus or equipment shall be guided by the mine rescue apparatus and auxiliary equipment manuals.</section>
   </text>
</law>