<?xml version="1.0" encoding="utf-8"?>
<law xmlns:xs="http://www.w3.org/2001/XMLSchema" xmlns:orig="http://StatRev.xsd"
     xmlns:fn="http://localhost/">
   <structure>
      <unit label="title" identifier="6.2" level="1">Financial Institutions And Services</unit>
      <unit label="subtitle" identifier="II" level="2">Depository Institutions And Trust Organizations</unit>
      <unit label="chapter" identifier="11" level="3">Savings Institutions</unit>
      <unit label="article" identifier="5" level="4">Foreign Savings Institutions; Acquisitions By Out-of-state Savings Institutions Or Out-of-state Savings Institution Holding Companies.</unit>
   </structure>
   <section_number>6.2-1148</section_number>
   <catch_line>Definitions</catch_line>
   <history>1985, c. 425, § 6.1-194.96; 1988, c. 535; 1994, cc. 315, 353; 2010, c. 794.</history>
   <text>
      <section prefix="">As used in this article, unless the context requires a different meaning:<section prefix="">"Acquire"  means:<section prefix="1"> The merger or consolidation of one stock savings institution with another stock savings institution or of a savings institution holding company with another savings institution holding company;</section>
            <section prefix="2"> The acquisition by a savings institution holding company or savings institution of direct or indirect ownership or control of voting shares of another savings institution holding company or a savings institution, if, after such acquisition, the savings institution holding company or savings institution making the acquisition will directly or indirectly own or control more than 25 percent of any class of voting shares of the other savings institution holding company or savings institution;</section>
            <section prefix="3"> The direct or indirect acquisition by a savings institution holding company or by a savings institution of all or substantially all of the assets of another savings institution holding company or of another savings institution; or</section>
            <section prefix="4"> Any other action that would result in direct or indirect control by a savings institution holding company or by a savings institution of another savings institution holding company or another savings institution.</section>
         </section>
         <section prefix="">"Out-of-state savings institution"  means a savings institution that:<section prefix="1"> Is organized under the laws of the United States or of one of the states other than Virginia; and</section>
            <section prefix="2"> Has its principal place of business in a state other than Virginia.</section>
         </section>
         <section prefix="">"Out-of-state savings institution holding company"  means a savings institution holding company that has its principal place of business in a state other than Virginia."Principal place of business of a savings institution"  shall be the state in which the largest portion of the deposits of the savings institution is located at the end of the last calendar year."Principal place of business of a savings institution holding company"  shall be the state in which the largest portion of the deposits of the holding company's subsidiaries is located as of the end of the last calendar year."Subsidiary"  with respect to a savings institution holding company means:<section prefix="1"> Any company 25 percent or more of the voting shares of which, excluding shares owned by the United States or by any company wholly owned by the United States, is directly or indirectly owned or controlled by such savings institution holding company, or is held by it with power to vote;</section>
            <section prefix="2"> Any company the election of a majority of the directors of which is controlled in any manner by such savings institution holding company; or</section>
            <section prefix="3"> Any company with respect to the management or policies of which such savings institution holding company has the power, directly or indirectly, to exercise a controlling influence, as determined by the Commission, after notice and opportunity for hearing.</section>
         </section>
         <section prefix="">"Virginia savings institution"  means a savings institution, including a state savings bank, that:<section prefix="1"> Is organized under the laws of the Commonwealth or of the United States; and</section>
            <section prefix="2"> Has deposit-taking offices located only in the Commonwealth.</section>
         </section>
         <section prefix="">"Virginia savings institution holding company"  means a savings institution holding company, including the holding company of a state savings bank, that:<section prefix="1"> Has its principal place of business in the Commonwealth;</section>
            <section prefix="2"> The financial institution subsidiaries of which are located outside the Commonwealth hold not greater than 20 percent of the total deposits held by all of its financial institution subsidiaries; and</section>
            <section prefix="3"> Is not controlled by a savings institution holding company other than a Virginia savings institution holding company.</section>
         </section>
      </section>
   </text>
</law>