<?xml version="1.0" encoding="utf-8"?>
<law xmlns:xs="http://www.w3.org/2001/XMLSchema" xmlns:orig="http://StatRev.xsd"
     xmlns:fn="http://localhost/">
   <structure>
      <unit label="title" identifier="58.1" level="1">Taxation</unit>
      <unit label="subtitle" identifier="I" level="2">Taxes Administered By The Department Of Taxation</unit>
      <unit label="chapter" identifier="12" level="3">Bank Franchise Tax</unit>
   </structure>
   <section_number>58.1-1208</section_number>
   <catch_line>City tax</catch_line>
   <history>Code 1950, § 58-485.09; 1980, c. 578; 1984, c. 675.</history>
   <text>Any city in this Commonwealth in which is located any bank may, by ordinance, impose a tax not to exceed 80 percent of the state rate of taxation on each $ 100 of the net capital of such bank located in such city. If such bank also has offices that are located outside the corporate limits of such city, the tax shall be apportioned as provided in § 58.1-1211.</text>
</law>