<?xml version="1.0" encoding="utf-8"?>
<law xmlns:xs="http://www.w3.org/2001/XMLSchema" xmlns:orig="http://StatRev.xsd"
     xmlns:fn="http://localhost/">
   <structure>
      <unit label="title" identifier="29.1" level="1">Game, Inland Fisheries And Boating</unit>
      <unit label="chapter" identifier="7" level="2">Boating Laws</unit>
      <unit label="article" identifier="4" level="3">Personal Watercraft</unit>
   </structure>
   <section_number>29.1-749</section_number>
   <catch_line>Owner of personal watercraft permitting violation; penalty</catch_line>
   <history>1991, c. 320; 1998, c. 443.</history>
   <text>
      <section prefix="A"> It shall be unlawful for the owner of or any person having control of a personal watercraft to authorize or knowingly permit a person under the age of sixteen to operate the personal watercraft, unless the person fourteen or fifteen years of age has successfully completed a boating safety education course as required under subdivision A 1 of § 29.1-748.</section>
      <section prefix="B"> A violation of any provision of this section shall constitute a Class 4 misdemeanor.</section>
   </text>
</law>