<?xml version="1.0" encoding="utf-8"?>
<law xmlns:xs="http://www.w3.org/2001/XMLSchema" xmlns:orig="http://StatRev.xsd"
     xmlns:fn="http://localhost/">
   <structure>
      <unit label="title" identifier="46.2" level="1">Motor Vehicles</unit>
      <unit label="subtitle" identifier="II" level="2">Titling, Registration And Licensure</unit>
      <unit label="chapter" identifier="6" level="3">Titling And Registration Of Motor Vehicles</unit>
      <unit label="article" identifier="10" level="4">Special License Plates</unit>
   </structure>
   <section_number>46.2-734</section_number>
   <catch_line>Reconstructed and specially constructed vehicles; inspection requirements; storage of unlicensed vehicles; use</catch_line>
   <history>1979, c. 159, § 46.1-53.1; 1989, c. 727; 2004, c. 678.</history>
   <text>
      <section prefix="A"> On receipt of an application therefor and written evidence that the applicant is a hobbyist and is registering a reconstructed or specially constructed vehicle built, reconstructed, restored, preserved, and maintained for historic or hobby interest, the Commissioner shall issue to the applicant one special license plate, which shall be mounted on the rear of the vehicle.For the purposes of this section, "hobbyist" means the owner of one or more reconstructed or specially constructed vehicles who collects, purchases, acquires, trades, or disposes of reconstructed or specially constructed vehicles or parts thereof for his own use in order to build, reconstruct, restore, preserve, and maintain a reconstructed or specially constructed vehicle for historic or hobby interest.</section>
      <section prefix="B"> These vehicles shall be titled according to their chassis numbers or, if no chassis number exists, then by their motor serial numbers. The vehicles shall meet inspection requirements applicable to the model year shown on the registration certificate.</section>
      <section prefix="C"> A hobbyist may store unlicensed, operable or inoperable, vehicles on his property provided the vehicles and the outdoor storage area are maintained in such a manner that they do not constitute a health hazard and are screened from ordinary public view by a fence, rapidly growing trees, shrubbery, billboards or other appropriate means. The hobbyist shall, however, not be exempt from local zoning ordinances governing the storage of these vehicles.</section>
      <section prefix="D"> Vehicles registered under this section shall not be used for general transportation purposes, including but not limited to daily travel to and from the owner's place of employment, but shall only be used (i) for participation in hobbyist vehicle exhibits and similar limited-use events and (ii) on the highways of the Commonwealth for the purpose of testing their operation, obtaining repairs or maintenance, and transportation to and from events as described in this subsection.</section>
   </text>
</law>