<?xml version="1.0" encoding="utf-8"?>
<law xmlns:xs="http://www.w3.org/2001/XMLSchema" xmlns:orig="http://StatRev.xsd"
     xmlns:fn="http://localhost/">
   <structure>
      <unit label="title" identifier="3.2" level="1">Agriculture, Animal Care, And Food</unit>
      <unit label="subtitle" identifier="III" level="2">Production And Sale Of Agricultural Products.</unit>
      <unit label="chapter" identifier="39" level="3">Pesticide Control</unit>
      <unit label="article" identifier="4" level="4">Marine Antifoulant Paints.</unit>
   </structure>
   <section_number>3.2-3937</section_number>
   <catch_line>Educational programs</catch_line>
   <history>1987, c. 15, § 3.1-249.24; 1989, c. 575, § 3.1-249.61; 2008, c. 860.</history>
   <text>The State Water Control Board, the Board of Game and Inland Fisheries, the Virginia Marine Resources Commission, the Virginia Institute of Marine Science, and the Department shall through cooperative programs develop and implement a program to inform interstate and intrastate paint manufacturers and distributors, vessel owners, and commercial boat yards of the properties of tributyltin in marine antifoulant paints and the law to restrict its use.</text>
</law>