<?xml version="1.0" encoding="utf-8"?>
<law xmlns:xs="http://www.w3.org/2001/XMLSchema" xmlns:orig="http://StatRev.xsd"
     xmlns:fn="http://localhost/">
   <structure>
      <unit label="title" identifier="38.2" level="1">Insurance</unit>
      <unit label="chapter" identifier="17" level="2">Virginia Life, Accident And Sickness Insurance Guaranty Association</unit>
      <unit label="article" identifier="2" level="3">Additional Funds Paid To The Association</unit>
   </structure>
   <section_number>38.2-1717</section_number>
   <catch_line>Safety fund</catch_line>
   <history>1986, c. 562.</history>
   <text>The Association shall maintain a separate asset account to be known as the safety fund for the purpose of meeting the Association's objectives as specified in § 38.2-1700.</text>
</law>