<?xml version="1.0" encoding="utf-8"?>
<law xmlns:xs="http://www.w3.org/2001/XMLSchema" xmlns:orig="http://StatRev.xsd"
     xmlns:fn="http://localhost/">
   <structure>
      <unit label="title" identifier="30" level="1">General Assembly</unit>
      <unit label="chapter" identifier="1.1" level="2">General Assembly Salaries And Expenses</unit>
   </structure>
   <section_number>30-19.18</section_number>
   <catch_line>How distance ascertained from place other than courthouse</catch_line>
   <history>Code 1950, § 14-7; 1964, c. 386, § 14.1-21; 1998, c. 872.</history>
   <text>For the purpose of this chapter and Chapter 1 (§ 2.2-100 et seq.) and §§ 2.2-2813 and 2.2-2814 of Title 2.2 only, the distance of the City of Richmond from any place in any county or city other than the courthouse thereof, shall be ascertained by adding to or deducting from the number of miles between the City of Richmond and such courthouse, as declared by law, so many miles as such place may be farther from or nearer to the City of Richmond than such courthouse may be.</text>
</law>