<?xml version="1.0" encoding="utf-8"?>
<law xmlns:xs="http://www.w3.org/2001/XMLSchema" xmlns:orig="http://StatRev.xsd"
     xmlns:fn="http://localhost/">
   <structure>
      <unit label="title" identifier="2.2" level="1">Administration Of Government</unit>
      <unit label="subtitle" identifier="I" level="2">Organization Of State Government</unit>
      <unit label="part" identifier="E" level="3">State Officers And Employees</unit>
      <unit label="chapter" identifier="28" level="4">General Provisions</unit>
   </structure>
   <section_number>2.2-2802</section_number>
   <catch_line>Exception as to public officer or employee engaging in war service or called to active duty with the armed forces</catch_line>
   <history>Code 1950, § 2-28; 1950, p. 242, § 2-27.1; 1964, c. 227; 1966, c. 677, § 2.1-31; 2001, c. 844.</history>
   <text>No state, county or municipal officer or employee shall forfeit his title to office or position or vacate the same by reason of either engaging in the war service of the United States when called forth by the Governor pursuant to the provisions of § 44-75.1, or when called to active duty in the armed forces of the United States. Any such officer or employee who, voluntarily or otherwise, enters upon such war service or is called to service may notify the officer or body authorized by law to fill vacancies in his office, of such fact, and thereupon be relieved from the duties of his office or position during the period of such service. The officer or body authorized to fill vacancies shall designate some suitable person to perform the duties of such office as acting officer during the period the regular officer is engaged in such service, and during such period the acting officer shall be vested with all the powers, authority, rights and duties of the regular officer for whom he is acting.</text>
</law>