<?xml version="1.0" encoding="utf-8"?>
<law xmlns:xs="http://www.w3.org/2001/XMLSchema" xmlns:orig="http://StatRev.xsd"
     xmlns:fn="http://localhost/">
   <structure>
      <unit label="title" identifier="15.2" level="1">Counties, Cities And Towns</unit>
      <unit label="subtitle" identifier="III" level="2">Boundary Adjustments And Changes Of Status Of Counties, Cities And Towns</unit>
      <unit label="chapter" identifier="33" level="3">Immunity Of Counties Or Parts Of Counties From City-initiated Annexation And City Incorporation</unit>
   </structure>
   <section_number>15.2-3308</section_number>
   <catch_line>Partial immunity proceedings final for five years; exceptions</catch_line>
   <history>1985, c. 478, § 15.1-977.25; 1997, c. 587.</history>
   <text>No county, having instituted proceedings for immunity for part or parts of the county, shall again seek immunity for substantially the same part or parts of the county within the next five years.Such prohibition shall begin with the date of the final order of the court granting or denying immunity or, in the case of an appeal to the Supreme Court, with the date of the final order of the Supreme Court. The provisions of this section shall not apply to a petition for partial immunity if the previous petition was withdrawn, or was dismissed for any reason other than the merits of the case.The provisions of this section further shall not apply to a county which institutes an immunity proceeding by filing notice with the Commission on Local Government but subsequently fails to petition the court to grant such immunity. In that event, however, the county shall not again institute proceedings for immunity for substantially the same part or parts of the county for at least two years after the date the Commission renders its final report on the initial proceeding.</text>
</law>