<?xml version="1.0" encoding="utf-8"?>
<law xmlns:xs="http://www.w3.org/2001/XMLSchema" xmlns:orig="http://StatRev.xsd"
     xmlns:fn="http://localhost/">
   <structure>
      <unit label="title" identifier="15.2" level="1">Counties, Cities And Towns</unit>
      <unit label="subtitle" identifier="II" level="2">Powers Of Local Government</unit>
      <unit label="chapter" identifier="22" level="3">Planning, Subdivision Of Land And Zoning</unit>
      <unit label="article" identifier="7" level="4">Zoning</unit>
   </structure>
   <section_number>15.2-2294</section_number>
   <catch_line>Airport safety zoning</catch_line>
   <history>1989, cc. 447, 449, § 15.1-491.02; 1990, c. 384; 1997, c. 587.</history>
   <text>Every locality (i) in whose jurisdiction a licensed airport or United States government or military air facility is located or (ii) over whose jurisdiction the approach slopes and other safety zones of a licensed airport, including United States government or military air facility extend shall, by ordinance, provide for the regulation of the height of structures and natural growth for the purpose of protecting the safety of air navigation and the public investment in air navigation facilities. The ordinance may be adopted regardless of whether the local governing body has adopted a zoning ordinance applicable to other land uses in the locality. The ordinance may be designed and adopted by the locality as an overlay zone superimposed on any preexisting base zone.The provisions of the airport safety zoning ordinance shall be in compliance with the rules of the Virginia Aviation Board.</text>
</law>