<?xml version="1.0" encoding="utf-8"?>
<law xmlns:xs="http://www.w3.org/2001/XMLSchema" xmlns:orig="http://StatRev.xsd"
     xmlns:fn="http://localhost/">
   <structure>
      <unit label="title" identifier="15.2" level="1">Counties, Cities And Towns</unit>
      <unit label="subtitle" identifier="IV" level="2">Other Governmental Entities</unit>
      <unit label="chapter" identifier="74" level="3">Eastern Shore Water Access Authority</unit>
   </structure>
   <section_number>15.2-7421</section_number>
   <catch_line>Agreement with Commonwealth and participating political subdivisions</catch_line>
   <history>2014, c. 471.</history>
   <text>The Commonwealth and, by participating in the Authority, each participating political subdivision pledge to and agree with the holders of any bonds issued by the Authority that neither the Commonwealth nor any participating political subdivision will limit or alter the rights hereunder vested in the Authority to fulfill the terms of any agreements made with said holders or in any way impair the rights and remedies of said holders until such bonds are fully met and discharged. The Authority is authorized to include this pledge and agreement in any contract with the holders of the Authority's bonds.</text>
</law>