<?xml version="1.0" encoding="utf-8"?>
<law xmlns:xs="http://www.w3.org/2001/XMLSchema" xmlns:orig="http://StatRev.xsd"
     xmlns:fn="http://localhost/">
   <structure>
      <unit label="title" identifier="63.2" level="1">Welfare (social Services)</unit>
      <unit label="subtitle" identifier="V" level="2">Administrative Child Support</unit>
      <unit label="chapter" identifier="19" level="3">Child Support Enforcement</unit>
      <unit label="article" identifier="2" level="4">Public Assistance</unit>
   </structure>
   <section_number>63.2-1908.1</section_number>
   <catch_line>Arrears compromise program</catch_line>
   <history>2015, c. 506.</history>
   <text>The Department may establish and operate an arrears compromise program pursuant to which it may compromise child support arrears and interest accrued thereon owed to the Commonwealth for reimbursement of public assistance paid. The program shall take into consideration the obligor's ability to pay.</text>
</law>