<?xml version="1.0" encoding="utf-8"?>
<law xmlns:xs="http://www.w3.org/2001/XMLSchema" xmlns:orig="http://StatRev.xsd"
     xmlns:fn="http://localhost/">
   <structure>
      <unit label="title" identifier="29.1" level="1">Game, Inland Fisheries And Boating</unit>
      <unit label="chapter" identifier="7" level="2">Boating Laws</unit>
      <unit label="article" identifier="3" level="3">Boating Safety</unit>
   </structure>
   <section_number>29.1-738</section_number>
   <catch_line>Operating boat or manipulating water skis, etc., in reckless manner or while intoxicated, etc</catch_line>
   <history>1960, c. 500, § 62-174.10; 1962, c. 626; 1968, c. 659, § 62.1-176; 1987, c. 488; 1988, c. 176; 1989, c. 726; 1994, c. 587; 1996, cc. 929, 1015; 1997, c. 703; 2005, c. 616; 2013, c. 787.</history>
   <text>
      <section prefix="A"> No person shall operate any motorboat or vessel, or manipulate any skis, surfboard, or similar device, or engage in any spearfishing while skin diving or scuba diving in a reckless manner so as to endanger the life, limb, or property of any person.</section>
      <section prefix="B"> No person shall operate any watercraft, as defined in § 29.1-733.2, or motorboat which is underway (i) while such person has a blood alcohol concentration at or greater than the blood alcohol concentration at which it is unlawful to drive or operate a motor vehicle as provided in § 18.2-266 as indicated by a chemical test administered in accordance with § 29.1-738.2, (ii) while such person is under the influence of alcohol, (iii) while such person is under the influence of any narcotic drug or any other self-administered intoxicant or drug of whatsoever nature, or any combination of such drugs, to a degree which impairs his ability to operate the watercraft or motorboat safely, (iv) while such person is under the combined influence of alcohol and any drug or drugs to a degree which impairs his ability to operate the watercraft or motorboat safely, or (v) while such person has a blood concentration of any of the following substances at a level that is equal to or greater than (a) 0.02 milligrams of cocaine per liter of blood, (b) 0.1 milligrams of methamphetamine per liter of blood, (c) 0.01 milligrams of phencyclidine per liter of blood, or (d) 0.1 milligrams of 3,4-methylenedioxymethamphetamine per liter of blood.</section>
      <section prefix="C"> For purposes of this article, the word "operate" includes being in actual physical control of a watercraft or motorboat and "underway" means that a vessel is not at anchor, or made fast to the shore, or aground.Any person who violates any provision of this section is guilty of a Class 1 misdemeanor.</section>
   </text>
</law>