<?xml version="1.0" encoding="utf-8"?>
<law xmlns:xs="http://www.w3.org/2001/XMLSchema" xmlns:orig="http://StatRev.xsd"
     xmlns:fn="http://localhost/">
   <structure>
      <unit label="title" identifier="55" level="1">Property And Conveyances</unit>
      <unit label="chapter" identifier="10" level="2">Escheats Generally</unit>
   </structure>
   <section_number>55-173</section_number>
   <catch_line>Jury of inquest, how summoned, etc.; evidence, how given</catch_line>
   <history>Code 1919, § 494; 1977, c. 583; 1984, c. 315; 1990, c. 938; 1996, c. 551.</history>
   <text>For this inquest there shall be summoned and returned by the sheriff of the county or sergeant of the city ten qualified jurors, of whom at least seven shall be impaneled as a jury. They shall meet at the courthouse and sit in public and may be adjourned by the escheator from day to day. Every person competent to testify as a witness shall be required to give evidence openly in the presence of the jurors.</text>
</law>