<?xml version="1.0" encoding="utf-8"?>
<law xmlns:xs="http://www.w3.org/2001/XMLSchema" xmlns:orig="http://StatRev.xsd"
     xmlns:fn="http://localhost/">
   <structure>
      <unit label="title" identifier="23.1" level="1">Institutions Of Higher Education; Other Educational And Cultural Institutions</unit>
      <unit label="subtitle" identifier="IV" level="2">Public Institutions Of Higher Education</unit>
      <unit label="chapter" identifier="24" level="3">Virginia Commonwealth University Health System Authority</unit>
   </structure>
   <section_number>23.1-2422</section_number>
   <catch_line>(Effective October 1, 2016) Remedies of obligees of Authority</catch_line>
   <history>1996, cc. 905, 1046, § 23-50.16:29; 2016, c. 588.</history>
   <text>Except to the extent that the rights granted by this chapter may be restricted by such trust indenture or trust or other agreement, any (i) holder of bonds or coupons issued under the provisions of this chapter and (ii) trustee or other agent for bondholders under any trust indenture or trust or other agreement may, either at law or in equity, by suit, action, injunction, mandamus, or other proceedings, (a) protect and enforce any and all rights granted by this chapter or under the laws of the Commonwealth, such trust indenture, trust, or other agreement, or the resolution authorizing the issuance of such bonds and (b) enforce and compel the Authority or any agent or officer of the Authority to perform all duties required by this chapter or such trust indenture, trust, or other agreement or resolution, including the fixing, charging, and collecting of fees, rents, and other charges.</text>
</law>