<?xml version="1.0" encoding="utf-8"?>
<law xmlns:xs="http://www.w3.org/2001/XMLSchema" xmlns:orig="http://StatRev.xsd"
     xmlns:fn="http://localhost/">
   <structure>
      <unit label="title" identifier="16.1" level="1">Courts Not Of Record</unit>
      <unit label="chapter" identifier="6" level="2">Venue, Jurisdiction And Procedure In Civil Matters</unit>
      <unit label="article" identifier="3" level="3">Procedure In Civil Cases</unit>
   </structure>
   <section_number>16.1-83</section_number>
   <catch_line>Consent of parties required for trial within five days of service</catch_line>
   <history>1956, c. 555; 1990, c. 217.</history>
   <text>No trial of a warrant or motion for judgment under this title may be had within five days after service thereof except with the consent of the parties. Proceedings to enforce the rights and privileges conferred by the Virginia Freedom of Information Act (§ 2.2-3700 et seq.) shall be conducted within the time limitations specified in § 2.2-3713.</text>
</law>