<?xml version="1.0" encoding="utf-8"?>
<law xmlns:xs="http://www.w3.org/2001/XMLSchema" xmlns:orig="http://StatRev.xsd"
     xmlns:fn="http://localhost/">
   <structure>
      <unit label="title" identifier="3.2" level="1">Agriculture, Animal Care, And Food</unit>
      <unit label="subtitle" identifier="I" level="2">General Provisions; Protection And Promotion Of Agriculture</unit>
      <unit label="chapter" identifier="3" level="3">Right To Farm</unit>
   </structure>
   <section_number>3.2-302</section_number>
   <catch_line>When agricultural operations do not constitute nuisance</catch_line>
   <history>1981, c. 384, § 3.1-22.29; 1994, c. 779; 2008, c. 860.</history>
   <text>
      <section prefix="A"> No agricultural operation or any of its appurtenances shall be or become a nuisance, private or public, if such operations are conducted in accordance with existing best management practices and comply with existing laws and regulations of the Commonwealth. The provisions of this section shall not apply whenever a nuisance results from the negligent or improper operation of any such agricultural operation or its appurtenances.</section>
      <section prefix="B"> The provisions of subsection A shall not affect or defeat the right of any person to recover damages for any injuries or damages sustained by them on account of any pollution of, or change in condition of, the waters of any stream or on the account of any overflow of lands of any such person.</section>
      <section prefix="C"> Any and all ordinances of any unit of local government now in effect or hereafter adopted that would make the operation of any such agricultural operation or its appurtenances a nuisance or providing for abatement thereof as a nuisance in the circumstance set forth in this section are and shall be null and void. The provisions of this section shall not apply whenever a nuisance results from the negligent or improper operation of any such agricultural operation or any of its appurtenances.</section>
   </text>
</law>