<?xml version="1.0" encoding="utf-8"?>
<law xmlns:xs="http://www.w3.org/2001/XMLSchema" xmlns:orig="http://StatRev.xsd"
     xmlns:fn="http://localhost/">
   <structure>
      <unit label="title" identifier="50" level="1">Partnerships</unit>
      <unit label="chapter" identifier="2.1" level="2">Virginia Revised Uniform Limited Partnership Act</unit>
      <unit label="article" identifier="10" level="3">Derivative Actions</unit>
   </structure>
   <section_number>50-73.65</section_number>
   <catch_line>Expenses</catch_line>
   <history>1985, c. 607.</history>
   <text>If a derivative action is successful, in whole or in part, or if anything is received by the plaintiff as a result of a judgment, compromise or settlement of an action or claim, except as hereinafter provided, the court may award the plaintiff reasonable expenses, including reasonable attorney's fees, and shall direct him to remit to the limited partnership the remainder of those proceeds received by him. On termination of the derivative action, the court may require the plaintiff to pay any defendant's reasonable expenses, including reasonable attorney's fees, incurred in defending the action if it finds that the action was commenced without reasonable cause or the plaintiff did not fairly and adequately represent the interests of the limited partners and the partnership in enforcing the right of the partnership.</text>
</law>