<?xml version="1.0" encoding="utf-8"?>
<law xmlns:xs="http://www.w3.org/2001/XMLSchema" xmlns:orig="http://StatRev.xsd"
     xmlns:fn="http://localhost/">
   <structure>
      <unit label="title" identifier="15.2" level="1">Counties, Cities And Towns</unit>
      <unit label="subtitle" identifier="II" level="2">Powers Of Local Government</unit>
      <unit label="chapter" identifier="21" level="3">Franchises; Sale And Lease Of Certain Municipal Public Property; Public Utilities</unit>
      <unit label="article" identifier="2" level="4">General Provisions For Public Utilities</unit>
   </structure>
   <section_number>15.2-2118</section_number>
   <catch_line>Lien for water and sewer charges and taxes imposed by localities</catch_line>
   <history>Code 1950, § 15-717.1; 1950, p. 896; 1962, cc. 511, 623, § 15.1-295; 1977, c. 66; 1978, c. 478; 1980, c. 323; 1990, c. 382; 1991, c. 172; 1993, c. 359; 1994, c. 627; 1997, c. 587; 1998, cc. 313, 568; 1999, cc. 311, 767, 841; 2000, c. 287; 2002, c. 193; 2003, c. 191; 2004, cc. 24, 712; 2005, c. 730; 2006, cc. 645, 749; 2007, cc. 152, 886; 2008, cc. 332, 428; 2010, c. 631; 2011, cc. 340, 509, 533; 2012, cc. 354, 441, 620; 2014, cc. 430, 694.</history>
   <text>The governing body of any county adjoining a city lying wholly within the Commonwealth and with a population of more than 75,000 according to the 1970 or any subsequent census and any county having a density of population of more than 600 per square mile according to the 1960 or any subsequent census, Botetourt, Caroline, Culpeper, Cumberland, Franklin, Gloucester, Goochland, Hanover, Isle of Wight, New Kent, Orange and any town located therein, Prince George, Rockingham, Smyth, Spotsylvania, Stafford, and York Counties; the Cities of Fairfax, Manassas Park, Newport News, Petersburg, Richmond, Roanoke, and Suffolk; and the Towns of Abingdon, Blacksburg, Clifton Forge, Front Royal, Kenbridge, Onancock, and Urbanna may by ordinance provide that taxes or charges hereafter made, imposed, or incurred for water or sewers or use thereof within or outside such locality shall be a lien on the real estate served by such waterline or sewer. Where residential rental real estate is involved, no lien shall attach (i) unless the user of the water or sewer services is also the owner of the real estate or (ii) unless the owner of the real estate negotiated or executed the agreement by which such water or sewer services were provided to the property.</text>
</law>