<?xml version="1.0" encoding="utf-8"?>
<law xmlns:xs="http://www.w3.org/2001/XMLSchema" xmlns:orig="http://StatRev.xsd"
     xmlns:fn="http://localhost/">
   <structure>
      <unit label="title" identifier="35.1" level="1">Hotels, Restaurants, Summer Camps, And Campgrounds</unit>
      <unit label="chapter" identifier="4" level="2">Exemptions</unit>
   </structure>
   <section_number>35.1-26</section_number>
   <catch_line>Cities, counties, and towns may by ordinance exempt certain fairs</catch_line>
   <history>Code 1950, § 35-38.1; 1964, c. 462; 1981, c. 468; 1983, c. 251; 2011, c. 465; 2013, cc. 188, 317, 512.</history>
   <text>
      <section prefix="">The governing body of any county, city, or town may provide by ordinance that this title shall not apply to:<section prefix="1"> Food booths at fairs, if such booths are promoted or sponsored by any political subdivision of the Commonwealth or by any charitable nonprofit organization or group thereof.</section>
      </section>
      <section prefix="">The ordinance shall provide that the health officer of the county, city, or town in which the fair or activity is held, or a qualified person designated by him, shall exercise such supervision of the sale of food as the ordinance may prescribe.</section>
   </text>
</law>