<?xml version="1.0" encoding="utf-8"?>
<law xmlns:xs="http://www.w3.org/2001/XMLSchema" xmlns:orig="http://StatRev.xsd"
     xmlns:fn="http://localhost/">
   <structure>
      <unit label="title" identifier="43" level="1">Mechanics' And Certain Other Liens</unit>
      <unit label="chapter" identifier="1" level="2">Mechanics' And Materialmen's Liens</unit>
   </structure>
   <section_number>43-6</section_number>
   <catch_line>Repealed</catch_line>
   <history/>
   <text>Repealed by Acts 1968, c. 568.</text>
</law>