<?xml version="1.0" encoding="utf-8"?>
<law xmlns:xs="http://www.w3.org/2001/XMLSchema" xmlns:orig="http://StatRev.xsd"
     xmlns:fn="http://localhost/">
   <structure>
      <unit label="title" identifier="24.2" level="1">Elections</unit>
      <unit label="chapter" identifier="9.3" level="2">Campaign Finance Disclosure Act Of 2006</unit>
      <unit label="article" identifier="4.1" level="3">Out-of-state Political Committees</unit>
   </structure>
   <section_number>24.2-949.9:4</section_number>
   <catch_line>Certain contributions received from federal political action and out-of-state political committees; political committee responsibilities</catch_line>
   <history>2006, cc. 771, 805, § 24.2-910.4.</history>
   <text>Prior to accepting contributions of $ 10,000 or more in the aggregate in any calendar year from any one federal political action committee or out-of-state political committee, a political committee shall (i) request the federal political action committee's or out-of-state political committee's State Board of Elections registration number from the committee and (ii) verify that number with the State Board.</text>
</law>