<?xml version="1.0" encoding="utf-8"?>
<law xmlns:xs="http://www.w3.org/2001/XMLSchema" xmlns:orig="http://StatRev.xsd"
     xmlns:fn="http://localhost/">
   <structure>
      <unit label="title" identifier="53.1" level="1">Prisons And Other Methods Of Correction</unit>
      <unit label="chapter" identifier="1" level="2">Administration Generally</unit>
      <unit label="article" identifier="2" level="3">State Board Of Corrections</unit>
   </structure>
   <section_number>53.1-3</section_number>
   <catch_line>Persons ineligible for appointment</catch_line>
   <history>Code 1950, § 53-19.32; 1974, cc. 44, 45; 1982, c. 636.</history>
   <text>No director, officer or employee of an institution subject to the provisions of this title shall be appointed a member of the Board.</text>
</law>