<?xml version="1.0" encoding="utf-8"?>
<law xmlns:xs="http://www.w3.org/2001/XMLSchema" xmlns:orig="http://StatRev.xsd"
     xmlns:fn="http://localhost/">
   <structure>
      <unit label="title" identifier="32.1" level="1">Health</unit>
      <unit label="chapter" identifier="2" level="2">Disease Prevention And Control</unit>
      <unit label="article" identifier="6" level="3">Prevention Of Blindness From Ophthalmia Neonatorum</unit>
   </structure>
   <section_number>32.1-63</section_number>
   <catch_line>Duty of physician, midwife or nurse noting ophthalmia neonatorum</catch_line>
   <history>Code 1950, § 32-106; 1979, c. 711.</history>
   <text>It shall be the duty of any physician, midwife or nurse who notes ophthalmia neonatorum within two weeks after the birth of an infant to perform or cause to be performed such tests as are necessary to ascertain the cause of such inflammation and to institute or have instituted appropriate therapy. When the cause of such inflammation is ascertained to be gonococcus, such physician, nurse or midwife shall report the infection to the local health director or the Commissioner as provided in § 32.1-36.</text>
</law>