<?xml version="1.0" encoding="utf-8"?>
<law xmlns:xs="http://www.w3.org/2001/XMLSchema" xmlns:orig="http://StatRev.xsd"
     xmlns:fn="http://localhost/">
   <structure>
      <unit label="title" identifier="51.1" level="1">Pensions, Benefits, And Retirement</unit>
      <unit label="chapter" identifier="11" level="2">Sickness And Disability Program</unit>
      <unit label="article" identifier="3" level="3">Nonwork Related Disability Benefits</unit>
   </structure>
   <section_number>51.1-1116</section_number>
   <catch_line>Cessation of disability benefits</catch_line>
   <history>1998, c. 774; 1999, c. 144; 2001, c. 694; 2011, c. 722.</history>
   <text>
      <section prefix="">If not sooner terminated due to the end of the period of disability coverage as provided in subsection E of § 51.1-1110 or subsection F of § 51.1-1112, disability benefits shall cease to be paid to a participating employee upon the first to occur of the following:<section prefix="1"> The date of death of the participating employee;</section>
         <section prefix="2"> (i) The participating employee's normal retirement date if the employee is a member of the retirement system or (ii) the date the employee attains age sixty-five if the employee is not a member of the retirement system; or</section>
         <section prefix="3"> The effective date of the participating full-time employee's service retirement under any provision of this title.</section>
      </section>
   </text>
</law>