<?xml version="1.0" encoding="utf-8"?>
<law xmlns:xs="http://www.w3.org/2001/XMLSchema" xmlns:orig="http://StatRev.xsd"
     xmlns:fn="http://localhost/">
   <structure>
      <unit label="title" identifier="38.2" level="1">Insurance</unit>
      <unit label="chapter" identifier="38" level="2">Cooperative Nonprofit Life Benefit Companies</unit>
      <unit label="article" identifier="1" level="3">General Provisions</unit>
   </structure>
   <section_number>38.2-3805</section_number>
   <catch_line>General powers of company; limitation on increase in rates</catch_line>
   <history>Code 1950, § 38-478; 1952, c. 317, § 38.1-503; 1986, c. 562.</history>
   <text>Each company shall make a constitution, laws or bylaws for its government, the admission of its members, the management of its affairs and the fixing and readjustment of the rates of contribution of its members. It may change, add to, or amend the constitution, laws or bylaws and shall have the other powers necessary and incidental to effect the objects and purposes of the company. It may make refunds to its members from any surplus funds of the company, but it may only increase rates or make extra assessments against members whose contracts include provisions for rate increases and extra assessments.</text>
</law>