<?xml version="1.0" encoding="utf-8"?>
<law xmlns:xs="http://www.w3.org/2001/XMLSchema" xmlns:orig="http://StatRev.xsd"
     xmlns:fn="http://localhost/">
   <structure>
      <unit label="title" identifier="2.2" level="1">Administration Of Government</unit>
      <unit label="subtitle" identifier="I" level="2">Organization Of State Government</unit>
      <unit label="part" identifier="C" level="3">State Agencies Related To The General Operation Of Government</unit>
      <unit label="chapter" identifier="8" level="4">Department Of Accounts</unit>
      <unit label="article" identifier="1" level="5">General Provisions</unit>
   </structure>
   <section_number>2.2-810</section_number>
   <catch_line>Judges and clerks to certify to Supreme Court lists of all allowances made by courts</catch_line>
   <history>Code 1950, § 2-172; 1966, c. 677, § 2.1-204; 1978, c. 195; 1979, c. 509; 2001, c. 844.</history>
   <text>The judge of every court of the Commonwealth making an allowance for the payment of any sum out of the state treasury shall certify to the Supreme Court a list of all allowances at least monthly, the date of the making and the amount of such allowance, and to whom made. A certificate of all allowances made by such court shall be made up by the clerk of the court and forwarded to the Supreme Court. The form of the certificate shall be prescribed by the Supreme Court, and it shall be made on blanks prepared by them and furnished the judges and clerks of the several courts of the Commonwealth. The Comptroller shall not draw any warrant on the State Treasurer in satisfaction of any allowance made by any court of the Commonwealth until the Supreme Court has received notification of the allowance by the court of the claim and approved the allowance for payment.</text>
</law>