<?xml version="1.0" encoding="utf-8"?>
<law xmlns:xs="http://www.w3.org/2001/XMLSchema" xmlns:orig="http://StatRev.xsd"
     xmlns:fn="http://localhost/">
   <structure>
      <unit label="title" identifier="53.1" level="1">Prisons And Other Methods Of Correction</unit>
      <unit label="chapter" identifier="3" level="2">Local Correctional Facilities</unit>
      <unit label="article" identifier="5" level="3">Regional Jails And Jail Farms</unit>
   </structure>
   <section_number>53.1-113</section_number>
   <catch_line>Transportation of prisoners to jail or jail farm</catch_line>
   <history>Code 1950, § 53-206.10; 1956, c. 681; 1968, c. 525; 1982, c. 636.</history>
   <text>Except as provided in § 53.1-114, each political subdivision participating in a jail or jail farm shall bear the cost of transporting its prisoners to and from the jail or jail farm.</text>
</law>