<?xml version="1.0" encoding="utf-8"?>
<law xmlns:xs="http://www.w3.org/2001/XMLSchema" xmlns:orig="http://StatRev.xsd"
     xmlns:fn="http://localhost/">
   <structure>
      <unit label="title" identifier="45.1" level="1">Mines And Mining</unit>
      <unit label="chapter" identifier="14.2" level="2">Coal Mine Safety Act</unit>
      <unit label="article" identifier="11" level="3">Miner Training</unit>
   </structure>
   <section_number>45.1-161.104</section_number>
   <catch_line>Repealed</catch_line>
   <history/>
   <text>Repealed by Acts 1997, c. 390.</text>
</law>