<?xml version="1.0" encoding="utf-8"?>
<law xmlns:xs="http://www.w3.org/2001/XMLSchema" xmlns:orig="http://StatRev.xsd"
     xmlns:fn="http://localhost/">
   <structure>
      <unit label="title" identifier="29.1" level="1">Game, Inland Fisheries And Boating</unit>
      <unit label="chapter" identifier="8" level="2">Watercraft Dealer Licensing Act</unit>
      <unit label="article" identifier="2" level="3">Application, Issuance, Fees, Renewal, Revocation</unit>
   </structure>
   <section_number>29.1-809</section_number>
   <catch_line>Application for license</catch_line>
   <history>1988, c. 592.</history>
   <text>
      <section prefix="A"> Application for license shall be made to the Director at such time and in such form and shall contain such information as the Director shall require. The application shall be accompanied by the required fee. The application shall be accompanied by evidence, that the Director deems proper, showing that the applicant currently holds a valid watercraft titling tax collection certificate, a federal business identification number, a local business license and a dealer certificate of numbers issued by the Department.</section>
      <section prefix="B"> The Director shall require in such application, or otherwise, information relating to the matters set forth in § 29.1-819 as grounds for the refusing of licenses and to other pertinent matters requisite for the safeguarding of the public interest in the locality in which the applicant proposes to engage in business. If the applicant is a dealer in new watercraft with factory warranties, he shall also include with his application a copy of a current service agreement with the manufacturer or with the distributor, requiring the applicant to perform within a reasonable distance of his established place of business, the service, repair and replacement work required of the manufacturer or distributor by such watercraft warranty. All of this information shall be considered by the Director in determining the fitness of the applicant to engage in the business for which he seeks a license.</section>
   </text>
</law>