<?xml version="1.0" encoding="utf-8"?>
<law xmlns:xs="http://www.w3.org/2001/XMLSchema" xmlns:orig="http://StatRev.xsd"
     xmlns:fn="http://localhost/">
   <structure>
      <unit label="title" identifier="23" level="1">Educational Institutions</unit>
      <unit label="chapter" identifier="26" level="2">Establishment Of College Partnership Laboratory Schools</unit>
   </structure>
   <section_number>23-299.7</section_number>
   <catch_line>(Repealed effective October 1, 2016) College partnership laboratory school terms; renewals and revocations</catch_line>
   <history>2010, cc. 816, 871.</history>
   <text>
      <section prefix="A"> A college partnership laboratory school may be approved or renewed for a period not to exceed five school years. A college partnership laboratory school renewal application submitted to the Board of Education shall contain:<section prefix="1"> A report on the progress of the school in achieving the goals, objectives, program and performance standards for students, and such other conditions and terms as the Board of Education may require upon granting initial approval of the college partnership laboratory school application; and</section>
         <section prefix="2"> A financial statement, on forms prescribed by the Board, that discloses the costs of administration, instruction, and other spending categories for the school and that has been concisely and clearly written to enable the Board of Education and the public to compare such costs with those of other schools or comparable organizations.</section>
      </section>
      <section prefix="B"> The Board of Education may revoke a contract if the college partnership laboratory school does any of the following or otherwise fails to comply with the provisions of this chapter:<section prefix="1"> Commits a material and substantial violation of any of the terms, conditions, standards, or procedures required under this chapter or the contract;</section>
         <section prefix="2"> Fails to meet or make sufficient progress toward the performance expectations set forth in the contract;</section>
         <section prefix="3"> Fails to meet generally accepted standards of fiscal management; or</section>
         <section prefix="4"> Substantially violates any material provision of law from which the college partnership laboratory school was not exempted.</section>
      </section>
      <section prefix="C"> If the Board of Education revokes or does not renew a college partnership laboratory school contract, it shall clearly state, in a resolution, the reasons for the revocation or nonrenewal.</section>
   </text>
</law>