<?xml version="1.0" encoding="utf-8"?>
<law xmlns:xs="http://www.w3.org/2001/XMLSchema" xmlns:orig="http://StatRev.xsd"
     xmlns:fn="http://localhost/">
   <structure>
      <unit label="title" identifier="54.1" level="1">Professions And Occupations</unit>
      <unit label="subtitle" identifier="III" level="2">Professions And Occupations Regulated By Boards Within The Department Of Health Professions</unit>
      <unit label="chapter" identifier="24" level="3">General Provisions</unit>
   </structure>
   <section_number>54.1-2408.3</section_number>
   <catch_line>Practice pending appeal</catch_line>
   <history>2013, c. 115.</history>
   <text>Any practitioner or entity whose license, certificate, registration, or permit is suspended or revoked by a health regulatory board of the Department of Health Professions shall not engage in practice in the Commonwealth pending appeal of the board's order.</text>
</law>