<?xml version="1.0" encoding="utf-8"?>
<law xmlns:xs="http://www.w3.org/2001/XMLSchema" xmlns:orig="http://StatRev.xsd"
     xmlns:fn="http://localhost/">
   <structure>
      <unit label="title" identifier="58.1" level="1">Taxation</unit>
      <unit label="subtitle" identifier="I" level="2">Taxes Administered By The Department Of Taxation</unit>
      <unit label="chapter" identifier="10" level="3">Cigarette Tax</unit>
      <unit label="article" identifier="3" level="4">General Provisions</unit>
   </structure>
   <section_number>58.1-1022</section_number>
   <catch_line>Correction of erroneous assessments</catch_line>
   <history>Code 1950, § 58-757.23; 1960, c. 392, § 23; 1980, c. 633; 1984, c. 675.</history>
   <text>Erroneous assessments under this chapter may be corrected and refunds ordered as provided in Article 2 (§ 58.1-1820 et seq.), Chapter 18 of this title.</text>
</law>