<?xml version="1.0" encoding="utf-8"?>
<law xmlns:xs="http://www.w3.org/2001/XMLSchema" xmlns:orig="http://StatRev.xsd"
     xmlns:fn="http://localhost/">
   <structure>
      <unit label="title" identifier="18.2" level="1">Crimes And Offenses Generally</unit>
      <unit label="chapter" identifier="5" level="2">Crimes Against Property</unit>
      <unit label="article" identifier="7.1" level="3">Computer Crimes</unit>
   </structure>
   <section_number>18.2-152.6</section_number>
   <catch_line>Theft of computer services; penalties</catch_line>
   <history>1984, c. 751; 1985, c. 322; 2003, cc. 987, 1016; 2005, cc. 746, 761, 827.</history>
   <text>Any person who willfully obtains computer services without authority is guilty of the crime of theft of computer services, which shall be punishable as a Class 1 misdemeanor. If the theft of computer services is valued at $ 2,500 or more, he is guilty of a Class 6 felony.</text>
</law>