<?xml version="1.0" encoding="utf-8"?>
<law xmlns:xs="http://www.w3.org/2001/XMLSchema" xmlns:orig="http://StatRev.xsd"
     xmlns:fn="http://localhost/">
   <structure>
      <unit label="title" identifier="58.1" level="1">Taxation</unit>
      <unit label="subtitle" identifier="II" level="2">Taxes Administered By Other Agencies</unit>
      <unit label="chapter" identifier="22" level="3">Virginia Fuels Tax Act</unit>
      <unit label="article" identifier="7" level="4">Enforcement And Administration</unit>
   </structure>
   <section_number>58.1-2271</section_number>
   <catch_line>Payment of civil penalties; disposition; waiver</catch_line>
   <history>2000, cc. 729, 758; 2004, c. 340.</history>
   <text>Any civil penalty assessed pursuant to this chapter shall be payable to the Department, shall be in addition to any other penalty or tax that may be imposed as provided in this chapter, and shall be collectible by the Commissioner in the same manner as if it were part of the tax levied. The amount of any civil penalty imposed under this chapter shall bear interest at the rate of one percent per month until paid. All civil penalties imposed under this chapter shall be deposited as provided in § 58.1-2289. Notwithstanding any other provisions of this chapter, the Commissioner is authorized to reduce or waive any civil penalties under this chapter if the violation is due to a reasonable or good cause shown to the satisfaction of the Commissioner.</text>
</law>