<?xml version="1.0" encoding="utf-8"?>
<law xmlns:xs="http://www.w3.org/2001/XMLSchema" xmlns:orig="http://StatRev.xsd"
     xmlns:fn="http://localhost/">
   <structure>
      <unit label="title" identifier="23" level="1">Educational Institutions</unit>
      <unit label="chapter" identifier="4.4:1" level="2">Virginia Scholars Program [repealed]</unit>
   </structure>
   <section_number>23-38.53:1</section_number>
   <catch_line>Repealed</catch_line>
   <history/>
   <text>Repealed by Acts 2006, c. 50.</text>
</law>