<?xml version="1.0" encoding="utf-8"?>
<law xmlns:xs="http://www.w3.org/2001/XMLSchema" xmlns:orig="http://StatRev.xsd"
     xmlns:fn="http://localhost/">
   <structure>
      <unit label="title" identifier="46.2" level="1">Motor Vehicles</unit>
      <unit label="subtitle" identifier="III" level="2">Operation</unit>
      <unit label="chapter" identifier="10" level="3">Motor Vehicle And Equipment Safety</unit>
      <unit label="article" identifier="21" level="4">Safety Inspections</unit>
   </structure>
   <section_number>46.2-1158.02</section_number>
   <catch_line>Penalty for failure to have motor vehicle inspection</catch_line>
   <history>2011, c. 283.</history>
   <text>Notwithstanding the penalty provisions of § 46.2-1171, a violation of § 46.2-1158 constitutes a traffic infraction. The court may, in its discretion, dismiss a summons issued under § 46.2-1158 where correction of vehicle or safety equipment defects or proof of compliance with § 46.2-1158 is provided to the court subsequent to the issuance of the summons.</text>
</law>