<?xml version="1.0" encoding="utf-8"?>
<law xmlns:xs="http://www.w3.org/2001/XMLSchema" xmlns:orig="http://StatRev.xsd"
     xmlns:fn="http://localhost/">
   <structure>
      <unit label="title" identifier="46.2" level="1">Motor Vehicles</unit>
      <unit label="subtitle" identifier="V" level="2">Motor Carriers</unit>
      <unit label="chapter" identifier="29" level="3">Certified Escort Vehicle Drivers</unit>
   </structure>
   <section_number>46.2-2905</section_number>
   <catch_line>Knowledge test; waiting period prior to reexamination</catch_line>
   <history>2013, cc. 312, 477.</history>
   <text>The Department shall examine every applicant for an escort vehicle driver certificate before issuing a Virginia escort vehicle driver certificate. Every applicant shall be required to take and pass an escort vehicle driver knowledge test. Prior to taking the knowledge test, the applicant shall present evidence that he has completed a state-approved escort vehicle driver certification training course pursuant to the provisions of § 46.2-2904.Any person who applies for an escort vehicle driver certificate under § 46.2-2906 and fails the knowledge test administered pursuant to that section three times shall not be eligible for retesting for at least 30 days. A reexamination fee of $ 2 shall be charged for the second and subsequent test in the same manner as provided for driver license testing under the provisions of § 46.2-332.</text>
</law>