<?xml version="1.0" encoding="utf-8"?>
<law xmlns:xs="http://www.w3.org/2001/XMLSchema" xmlns:orig="http://StatRev.xsd"
     xmlns:fn="http://localhost/">
   <structure>
      <unit label="title" identifier="56" level="1">Public Service Companies</unit>
      <unit label="chapter" identifier="13" level="2">Railroad Corporations</unit>
      <unit label="article" identifier="6" level="3">Highway Crossings</unit>
   </structure>
   <section_number>56-412.2</section_number>
   <catch_line>Ordinances conflicting with § 56-412.1</catch_line>
   <history>1958, c. 242.</history>
   <text>No city, town or county shall adopt any ordinance, order or resolution in conflict with the provisions of § 56-412.1 and all ordinances, orders or resolutions of any city, town or county heretofore adopted in conflict with such section are hereby repealed to the extent of such conflict.</text>
</law>