<?xml version="1.0" encoding="utf-8"?>
<law xmlns:xs="http://www.w3.org/2001/XMLSchema" xmlns:orig="http://StatRev.xsd"
     xmlns:fn="http://localhost/">
   <structure>
      <unit label="title" identifier="15.2" level="1">Counties, Cities And Towns</unit>
      <unit label="subtitle" identifier="II" level="2">Powers Of Local Government</unit>
      <unit label="chapter" identifier="26" level="3">Public Finance Act</unit>
      <unit label="article" identifier="2" level="4">Provisions Applicable To All Bonds</unit>
   </structure>
   <section_number>15.2-2607</section_number>
   <catch_line>Provisions which may be embodied in bond ordinances or resolution; adoption; filing copy with court</catch_line>
   <history>Code 1950, § 15-666.40; 1958, c. 640; 1962, c. 623, § 15.1-199; 1973, c. 513; 1991, c. 668, § 15.1-227.9; 1994, c. 714; 1997, c. 587.</history>
   <text>
      <section prefix="">The governing body of any locality, subject to the approval of a majority of the qualified voters of the locality voting on the issuance of such bonds if required by the Constitution of Virginia or by this chapter, is authorized to provide by ordinance or resolution for the issuance, at one time or from time to time, of bonds of the locality for the purposes set forth in and subject to the provisions of this chapter.Any such ordinance or resolution may contain provisions which shall be a part of the contract with the owners of the bonds as to:<section prefix="1"> The payment of the principal of and premium, if any, and the interest on bonds from ad valorem taxes to be levied without limitation as to rate or amount on all property subject to taxation and the pledging of the full faith and credit of the locality to secure the payment of bonds;</section>
         <section prefix="2"> The pledge of specified revenues of the locality, other than taxes, ad valorem or otherwise, including, without limitation, the pledge of the revenues of any revenue-producing undertaking or undertakings, to the payment of the principal of and premium, if any, and interest on bonds;</section>
         <section prefix="3"> The granting of a mortgage or deed of trust lien on any specific revenue-producing undertaking or undertakings to secure the payment of the principal of and premium, if any, and interest on bonds issued to finance in whole or in part the costs of the undertaking or undertakings, but only if the full faith and credit of the locality is not pledged to the payment of the bonds;</section>
         <section prefix="4"> The securing of the payment of the principal of and premium, if any, and interest on bonds by an ordinance resolution, trust agreement, indenture or other instrument, which may (i) appoint any trust company or bank having the powers of a trust company within or outside the Commonwealth as corporate trustee, (ii) set forth the rights and remedies of the bondholders and of the trustee, (iii) restrict the individual right of action by bondholders, and (iv) contain any other provisions as the governing body of the locality deems reasonable and proper for the security of the bondholders;</section>
         <section prefix="5"> The payment of the principal of and premium, if any, and the interest on bonds from any one or more of the sources of funds provided for in this section or any combination of them and the pledging of any one or more of the sources of funds or any combination of them to secure the payment of the principal of and premium, if any and interest on bonds;</section>
         <section prefix="6"> The rates, rents, fees, charges, taxes and other revenues or receipts of any revenue-producing undertaking or undertakings and the amounts to be raised in each year by them, and the use and disposition of such rates, rents, fees, charges, taxes and other revenues and receipts of any undertaking or undertakings;</section>
         <section prefix="7"> The setting aside of reserves or sinking funds and the regulation and disposition of them;</section>
         <section prefix="8"> Limitations on the right of the locality to restrict and regulate the use of any project;</section>
         <section prefix="9"> Limitations on the purpose to which the proceeds of sale of any bonds may be applied;</section>
         <section prefix="10"> Limitations on issuance of additional revenue bonds;</section>
         <section prefix="11"> The procedure, if any, by which the terms of any contract with bondholders may be amended or discharged, the amount of bonds the owners of which shall consent to the amendment or abrogation, and the manner in which the consent must be given;</section>
         <section prefix="12"> Conferring upon the bondholders or the trustee under any ordinance, resolution, trust agreement, indenture or other instrument remedies for enforcing the rights of the bondholders and requiring the governing body to carry out any agreement with the bondholders;</section>
         <section prefix="13"> Any other matter required by any state or federal agency as a condition precedent to the obtaining of a direct grant or grants of money for or in aid of any project or to defray or partially to defray the cost of the labor and materials employed upon any project, or to obtain a loan or loans of money for or in aid of any project from any state or federal agency; and</section>
         <section prefix="14"> Any provisions necessary to qualify the interest on the bonds for exclusion from gross income for federal income tax purposes and to maintain that exclusion.</section>
      </section>
      <section prefix="">Any ordinance or resolution authorizing the issuance of bonds may be finally adopted at the meeting at which it is introduced, which may be a regular or special meeting, by a majority of the members of the governing body. A certified copy of each such ordinance or resolution shall be filed in the circuit court having jurisdiction over the locality. When any town is situated partly in two or more counties, the certified copy of the ordinance or resolution may be presented to the circuit court for any of the counties. Except as expressly required by this article, the ordinance or resolution need not be published, posted or advertised.</section>
   </text>
</law>