<?xml version="1.0" encoding="utf-8"?>
<law xmlns:xs="http://www.w3.org/2001/XMLSchema" xmlns:orig="http://StatRev.xsd"
     xmlns:fn="http://localhost/">
   <structure>
      <unit label="title" identifier="46.2" level="1">Motor Vehicles</unit>
      <unit label="subtitle" identifier="I" level="2">General Provisions; Department Of Motor Vehicles</unit>
      <unit label="chapter" identifier="1" level="3">General Provisions</unit>
   </structure>
   <section_number>46.2-101</section_number>
   <catch_line>Applicability of title to vehicles on certain toll roads and parking facilities</catch_line>
   <history>1958, c. 541, § 46.1-21; 1989, c. 727.</history>
   <text>This title shall apply to any vehicle and any person operating or owning a vehicle operated on any toll facility controlled by the Department of Transportation or any political subdivision of the Commonwealth.This title shall also apply to any vehicle and any person operating or owning a vehicle operated on or in parking lots, parking garages, or other parking facilities owned, controlled, or leased by the Commonwealth or any of its agencies, instrumentalities, or political subdivisions.</text>
</law>