<?xml version="1.0" encoding="utf-8"?>
<law xmlns:xs="http://www.w3.org/2001/XMLSchema" xmlns:orig="http://StatRev.xsd"
     xmlns:fn="http://localhost/">
   <structure>
      <unit label="title" identifier="63.2" level="1">Welfare (social Services)</unit>
      <unit label="subtitle" identifier="I" level="2">General Provisions Relating To Social Services</unit>
      <unit label="chapter" identifier="3" level="3">Local Social Services</unit>
      <unit label="article" identifier="2" level="4">Local Departments And Local Directors Of Social Services</unit>
   </structure>
   <section_number>63.2-330</section_number>
   <catch_line>Compensation</catch_line>
   <history>Code 1950, § 63-82; 1964, c. 359; 1968, cc. 467, 578, § 63.1-66; 2002, c. 747.</history>
   <text>The local director and other persons employed to administer the provisions of this title in each county or city shall be paid such compensation by such county or city as shall be fixed by the local board or other appointing authority within the compensation plan provided in the merit system plan. With the approval of the Board and the local governing body, the local board may provide that the local director and such other employees shall be paid compensation in excess of the maximums permitted in the compensation plan. Such excess compensation shall be paid wholly from the funds of such county or city and any federal funds that are available and appropriate for such use.</text>
</law>