<?xml version="1.0" encoding="utf-8"?>
<law xmlns:xs="http://www.w3.org/2001/XMLSchema" xmlns:orig="http://StatRev.xsd"
     xmlns:fn="http://localhost/">
   <structure>
      <unit label="title" identifier="23.1" level="1">Institutions Of Higher Education; Other Educational And Cultural Institutions</unit>
      <unit label="subtitle" identifier="II" level="2">Students And Campus</unit>
      <unit label="chapter" identifier="8" level="3">Health And Campus Safety</unit>
      <unit label="article" identifier="3" level="4">Campus Safety; Campus Police Departments.</unit>
   </structure>
   <section_number>23.1-811</section_number>
   <catch_line>(Effective October 1, 2016) Establishment of auxiliary police forces</catch_line>
   <history>1991, c. 711, § 23-233.1; 2016, c. 588.</history>
   <text>The governing board of each public institution of higher education and private institution of higher education, for the further preservation of public peace, safety, and good order of the campus community, may establish, equip, and maintain an auxiliary police force. When called into service pursuant to procedures established by the governing board, members of such auxiliary police forces have all the powers, authority, and immunities of campus police officers at public institutions of higher education.</text>
</law>