<?xml version="1.0" encoding="utf-8"?>
<law xmlns:xs="http://www.w3.org/2001/XMLSchema" xmlns:orig="http://StatRev.xsd"
     xmlns:fn="http://localhost/">
   <structure>
      <unit label="title" identifier="6.2" level="1">Financial Institutions And Services</unit>
      <unit label="subtitle" identifier="II" level="2">Depository Institutions And Trust Organizations</unit>
      <unit label="chapter" identifier="8" level="3">Banks</unit>
      <unit label="article" identifier="7" level="4">Interstate Bank Mergers.</unit>
   </structure>
   <section_number>6.2-851</section_number>
   <catch_line>Interstate merger transactions and branching permitted</catch_line>
   <history>1995, c. 301, § 6.1-44.18; 2010, c. 794.</history>
   <text>Virginia banks may merge with out-of-state banks under this article, and an out-of-state bank resulting from such an interstate merger transaction may maintain and operate the branches in the Commonwealth of a merged Virginia bank, provided the requirements of this article are met.</text>
</law>