<?xml version="1.0" encoding="utf-8"?>
<law xmlns:xs="http://www.w3.org/2001/XMLSchema" xmlns:orig="http://StatRev.xsd"
     xmlns:fn="http://localhost/">
   <structure>
      <unit label="title" identifier="46.2" level="1">Motor Vehicles</unit>
      <unit label="subtitle" identifier="III" level="2">Operation</unit>
      <unit label="chapter" identifier="8" level="3">Regulation Of Traffic</unit>
      <unit label="article" identifier="11" level="4">Accidents</unit>
   </structure>
   <section_number>46.2-901</section_number>
   <catch_line>Suspension of driver's license for failure to report certain accidents</catch_line>
   <history>1968, c. 493, § 46.1-177.1; 1984, c. 780; 1989, c. 727; 2001, c. 808.</history>
   <text>Any person convicted of violating the provisions of §§ 46.2-894 through 46.2-897 may be punished, in addition to the penalties provided in §§ 46.2-894 and 46.2-900, if such accident resulted only in damage to property and such damage exceeded $ 500, by suspension of his license or privilege to operate a motor vehicle on the highways of the Commonwealth for a period not to exceed six months by the court. This section shall in no case be construed to limit the authority or duty of the Commissioner with respect to revocation of licenses for violation of §§ 46.2-894 through 46.2-897 as provided in Article 10 (§ 46.2-364 et seq.) of Chapter 3 of this title. Any license revoked under the provisions of this section shall be surrendered to the court to be disposed of in accordance with the provisions of § 46.2-398.</text>
</law>