<?xml version="1.0" encoding="utf-8"?>
<law xmlns:xs="http://www.w3.org/2001/XMLSchema" xmlns:orig="http://StatRev.xsd"
     xmlns:fn="http://localhost/">
   <structure>
      <unit label="title" identifier="55" level="1">Property And Conveyances</unit>
      <unit label="chapter" identifier="1" level="2">Creation And Limitation Of Estates; Their Qualities</unit>
   </structure>
   <section_number>55-2</section_number>
   <catch_line>When deed or will necessary to convey estate; no parol partition or gift valid</catch_line>
   <history>Code 1919, § 5141.</history>
   <text>No estate of inheritance or freehold or for a term of more than five years in lands shall be conveyed unless by deed or will, nor shall any voluntary partition of lands by coparceners, having such an estate therein, be made, except by deed; nor shall any right to a conveyance of any such estate or term in land accrue to the donee of the land or those claiming under him, under a gift or promise of gift of the same not in writing, although such gift or promise be followed by possession thereunder and improvement of the land by the donee or those claiming under him.</text>
</law>