<?xml version="1.0" encoding="utf-8"?>
<law xmlns:xs="http://www.w3.org/2001/XMLSchema" xmlns:orig="http://StatRev.xsd"
     xmlns:fn="http://localhost/">
   <structure>
      <unit label="title" identifier="2.2" level="1">Administration Of Government</unit>
      <unit label="subtitle" identifier="I" level="2">Organization Of State Government</unit>
      <unit label="part" identifier="C" level="3">State Agencies Related To The General Operation Of Government</unit>
      <unit label="chapter" identifier="7" level="4">Department For The Aging [repealed]</unit>
   </structure>
   <section_number>2.2-700</section_number>
   <catch_line>Repealed</catch_line>
   <history/>
   <text>Repealed by Acts 2012, cc. 803 and 835, cl. 60.</text>
</law>