<?xml version="1.0" encoding="utf-8"?>
<law xmlns:xs="http://www.w3.org/2001/XMLSchema" xmlns:orig="http://StatRev.xsd"
     xmlns:fn="http://localhost/">
   <structure>
      <unit label="title" identifier="33.2" level="1">Highways And Other Surface Transportation Systems</unit>
      <unit label="subtitle" identifier="II" level="2">Modes Of Transportation: Highways, Bridges, Ferries, Rail, And Public Transportation</unit>
      <unit label="chapter" identifier="9" level="3">Abandonment And Discontinuance Of Highways And Roads</unit>
      <unit label="article" identifier="3" level="4">Abandonment Of Roads Not In Primary Or Secondary State Highway System</unit>
   </structure>
   <section_number>33.2-914</section_number>
   <catch_line>County roads not part of primary or secondary state highway system; definitions</catch_line>
   <history>Code 1950, § 33-76.13; 1950, p. 734; 1970, c. 322, § 33.1-156; 2014, c. 805.</history>
   <text>
      <section prefix="A"> The provisions of this article shall apply mutatis mutandis to county roads maintained by a county and not part of the secondary state highway system and to roads dedicated to public use but that are not part of the primary or secondary state highway system.</section>
      <section prefix="B"> For the purposes of this article:"Governing body" means the governing body of a county."Road" includes streets and alleys dedicated to public use and any existing crossing by the lines of a railroad company of such road and a railroad crossing by such road of the lines of a railroad company.</section>
   </text>
</law>