<?xml version="1.0" encoding="utf-8"?>
<law xmlns:xs="http://www.w3.org/2001/XMLSchema" xmlns:orig="http://StatRev.xsd"
     xmlns:fn="http://localhost/">
   <structure>
      <unit label="title" identifier="63.2" level="1">Welfare (social Services)</unit>
      <unit label="subtitle" identifier="V" level="2">Administrative Child Support</unit>
      <unit label="chapter" identifier="19" level="3">Child Support Enforcement</unit>
      <unit label="article" identifier="5" level="4">Income Withholding</unit>
   </structure>
   <section_number>63.2-1925</section_number>
   <catch_line>Certain amount of income that may be withheld by lien or order</catch_line>
   <history>1974, c. 413, § 63.1-257; 1976, c. 357; 1978, c. 564; 1982, c. 402; 1985, c. 488; 1998, c. 727; 2002, c. 747; 2003, c. 469; 2016, c. 29.</history>
   <text>Whenever a support lien, order to withhold and deliver property or order for withholding of income is served upon any person, firm, corporation, association, political subdivision or department of this Commonwealth asserting a support debt against income and there is any such income in the possession of such person, then that person shall withhold from the disposable income as defined in § 63.2-100 (i) the amount stated in the lien, the order to withhold and deliver property, or the order for withholding of income; or (ii) the maximum amount permitted under § 34-29, whichever is less. The order shall show the maximum percentage of disposable income which may be withheld pursuant to § 34-29. The lien or order to withhold and deliver shall continue to operate and require such person, firm, corporation, association, political subdivision, or department of this Commonwealth to withhold the nonexempt portion of income at each succeeding income disbursement interval until the entire amount of the support debt stated in the lien has been withheld. The order for withholding of income continues until further notice by first-class or certified mail, return receipt requested, or by electronic means from the Department is received by the employer.</text>
</law>