<?xml version="1.0" encoding="utf-8"?>
<law xmlns:xs="http://www.w3.org/2001/XMLSchema" xmlns:orig="http://StatRev.xsd"
     xmlns:fn="http://localhost/">
   <structure>
      <unit label="title" identifier="21" level="1">Drainage, Soil Conservation, Sanitation And Public Facilities Districts</unit>
      <unit label="chapter" identifier="3" level="2">Sanitation Districts Law Of 1938 -- Tidal Waters</unit>
      <unit label="article" identifier="2" level="3">Creation Of Districts</unit>
   </structure>
   <section_number>21-150</section_number>
   <catch_line>Order when election favors establishment</catch_line>
   <history>1938, p. 513; Michie Code 1942, § 1560jj.</history>
   <text>If upon the certification of the result of such election made by the Secretary of the Commonwealth to such court, it shall appear that a majority of the qualified voters of the proposed sanitation district voting at the election shall have voted "yes" and in favor of the creation of the proposed sanitation district, the court shall make and enter of record an order stating such result, and thereupon the territory defined in the petition, less such parts thereof as shall be excluded pursuant to the provisions of § 21-151, shall be and constitute a sanitation district for all the purposes of this article, known and designated by the name stated in the petition.</text>
</law>