<?xml version="1.0" encoding="utf-8"?>
<law xmlns:xs="http://www.w3.org/2001/XMLSchema" xmlns:orig="http://StatRev.xsd"
     xmlns:fn="http://localhost/">
   <structure>
      <unit label="title" identifier="15.2" level="1">Counties, Cities And Towns</unit>
      <unit label="subtitle" identifier="II" level="2">Powers Of Local Government</unit>
      <unit label="chapter" identifier="21" level="3">Franchises; Sale And Lease Of Certain Municipal Public Property; Public Utilities</unit>
      <unit label="article" identifier="2" level="4">General Provisions For Public Utilities</unit>
   </structure>
   <section_number>15.2-2121</section_number>
   <catch_line>Regulations as to water, sewer and other facilities in subdivisions and development plans</catch_line>
   <history>Code 1950, § 15-719.1; 1954, c. 592; 1962, c. 623, § 15.1-299; 1970, c. 572; 1997, c. 587; 2005, c. 567.</history>
   <text>Any locality which has adopted regulations under Chapter 22 (§ 15.2-2200 et seq.) governing the use and development of land may also adopt regulations, subject to the provisions of Chapter 3.1 (§ 62.1-44.2 et seq.) of Title 62.1, fixing requirements as to the extent to which and the manner in which water, sewer and other utility mains, piping, conduits, connections, pumping stations and other facilities in connection therewith shall be installed as a condition precedent to the approval of an original plat of a subdivision or a development plan adopted pursuant to § 15.2-2286, or alteration of any such plat or a development plan adopted pursuant to § 15.2-2286. Such regulations may (i) require the water source to be an approved source of supply capable of furnishing the needs of the eventual inhabitants of such subdivision proposed to be served thereby, (ii) include requirements as to the size and nature of the water and sewer and other utility mains, pipes, conduits, connections, pumping stations or other facilities installed or to be installed in connection with the proposed water or sewer systems and (iii) include requirements to extend and connect to abutting or adjacent public water or sewer systems.</text>
</law>