<?xml version="1.0" encoding="utf-8"?>
<law xmlns:xs="http://www.w3.org/2001/XMLSchema" xmlns:orig="http://StatRev.xsd"
     xmlns:fn="http://localhost/">
   <structure>
      <unit label="title" identifier="67" level="1">Virginia Energy Plan</unit>
      <unit label="chapter" identifier="14" level="2">Virginia Nuclear Energy Consortium</unit>
   </structure>
   <section_number>67-1404</section_number>
   <catch_line>Establishment of the Consortium</catch_line>
   <history>2013, cc. 57, 394.</history>
   <text>
      <section prefix="A"> The Board shall provide for the formation, by January 1, 2014, of a nonstock corporation under Chapter 10 (§ 13.1-801 et seq.) of Title 13.1, not organized for profit, which corporation shall include in its name the words "Virginia Nuclear Energy Consortium," or some variation thereof that is approved by the Board.</section>
      <section prefix="B"> The Consortium shall be established for the purpose of conducting activities useful in (i) making the Commonwealth a leader in nuclear energy; (ii) serving as an interdisciplinary study, research, and information resource for the Commonwealth on nuclear energy issues; and (iii) carrying out the provisions of this chapter, including raising money on behalf of the Authority in the corporate and nonprofit community and from other nonstate sources.</section>
      <section prefix="C"> The membership of the Consortium shall be open to:<section prefix="1"> Public or private institutions of higher education in the Commonwealth;</section>
         <section prefix="2"> Virginia-based federal research laboratories;</section>
         <section prefix="3"> Nuclear energy-related nonprofit organizations;</section>
         <section prefix="4"> Business entities with operating facilities located in the Commonwealth that are engaged in activities directly related to the nuclear energy industry; and</section>
         <section prefix="5"> Other individuals or entities whose membership is approved by the board of directors of the Consortium through a process established by the bylaws of the Consortium.</section>
      </section>
      <section prefix="D"> The board of directors of the Consortium shall consist of members selected and approved by the Consortium pursuant to a process established by its bylaws.</section>
      <section prefix="E"> The board of directors of the Consortium shall appoint an executive director to serve as the principal administrative officer of the Consortium. The executive director shall carry out the specific duties assigned to him by the board of directors, develop appropriate policies and procedures for the operation of the Consortium; employ such persons and secure such services as may be required to carry out the purposes of the Consortium; expend funds as authorized by the Authority; and accept moneys from federal or private sources on behalf of the Authority, including moneys contributed by Consortium members to the Authority, for cost-sharing on nuclear energy research or projects. The executive director and any other employee of the Consortium (i) shall be compensated in the manner provided by the board of directors of the Authority, (ii) shall not be subject to the provisions of the Virginia Personnel Act (§ 2.2-2900 et seq.), and (iii) shall not be deemed to be an officer or employee for purposes of the State and Local Government Conflict of Interests Act (§ 2.2-3100 et seq.).</section>
      <section prefix="F"> The articles of incorporation of the Consortium shall provide that upon dissolution the net assets of the Consortium shall be transferred to the Authority.</section>
      <section prefix="G"> The Consortium shall not be deemed to be a state or governmental agency, advisory agency, public body, or agency or instrumentality for purposes of Chapters 8 (§ 2.2-800 et seq.), 18 (§ 2.2-1800 et seq.), 24 (§ 2.2-2400 et seq.), 29 (§ 2.2-2900 et seq.), 31 (§ 2.2-3100 et seq.), 37 (§ 2.2-3700 et seq.), 38 (§ 2.2-3800 et seq.), 43 (§ 2.2-4300 et seq.), 44 (§ 2.2-4400 et seq.), 45 (§ 2.2-4500 et seq.), 46 (§ 2.2-4600 et seq.), and 47 (§ 2.2-4700 et seq.) of Title 2.2, Chapter 14 (§ 30-130 et seq.) of Title 30, or Chapter 1 (§ 51.1-124.1 et seq.) of Title 51.1.</section>
      <section prefix="H"> The board of directors of the Consortium shall adopt, alter, and repeal bylaws governing the manner in which its business shall be transacted and the manner in which the activities of the Consortium shall be conducted.</section>
      <section prefix="I"> The Consortium shall report on all of its non-proprietary activities at least twice a year to the Authority.</section>
   </text>
</law>