<?xml version="1.0" encoding="utf-8"?>
<law xmlns:xs="http://www.w3.org/2001/XMLSchema" xmlns:orig="http://StatRev.xsd"
     xmlns:fn="http://localhost/">
   <structure>
      <unit label="title" identifier="32.1" level="1">Health</unit>
      <unit label="chapter" identifier="5" level="2">Regulation Of Medical Care Facilities And Services</unit>
      <unit label="article" identifier="1.2" level="3">Utilization Review Standards And Appeals</unit>
   </structure>
   <section_number>32.1-137.12</section_number>
   <catch_line>Emergencies; extensions; access to and confidentiality of patient-specific medical records and information</catch_line>
   <history>1998, c. 891.</history>
   <text>
      <section prefix="A"> For emergency health care, authorization may be requested by the covered person, his representative, or his provider either within forty-eight hours of or by the end of the first business day following the rendering of the emergency health care, whichever is later.</section>
      <section prefix="B"> An entity shall promptly review a request from the covered person, his representative, or his provider for an extension of the original approved duration of health care or hospitalization. If the entity fails to confirm that termination of health care or hospitalization will occur on the original date authorized, the entity shall review retrospectively whether the extension of health care or hospitalization was medically appropriate.</section>
      <section prefix="C"> Each entity shall have reasonable access to patient-specific medical records and information.</section>
   </text>
</law>