<?xml version="1.0" encoding="utf-8"?>
<law xmlns:xs="http://www.w3.org/2001/XMLSchema" xmlns:orig="http://StatRev.xsd"
     xmlns:fn="http://localhost/">
   <structure>
      <unit label="title" identifier="23.1" level="1">Institutions Of Higher Education; Other Educational And Cultural Institutions</unit>
      <unit label="subtitle" identifier="IV" level="2">Public Institutions Of Higher Education</unit>
      <unit label="chapter" identifier="27" level="3">Virginia State University</unit>
   </structure>
   <section_number>23.1-2700</section_number>
   <catch_line>(Effective October 1, 2016) Corporate name; name of the University</catch_line>
   <history>Code 1919, §§ 948, 969, §§ 23-165.1, 23-165.2, 23-166, 23-174; 1930, pp. 768, 769; 1946, p. 74; 1964, c. 70; 1979, c. 147; 2016, c. 588.</history>
   <text>
      <section prefix="A"> The board of visitors of Virginia State University (the board) is a corporation under the name and style of "The Visitors of Virginia State University" and has, in addition to its other powers, all the corporate powers given to corporations by the provisions of Title 13.1 except those powers that are confined to corporations created pursuant to Title 13.1. The board shall at all times be under the control of the General Assembly.</section>
      <section prefix="B"> The institution shall be known as Virginia State University (the University).</section>
      <section prefix="C"> All laws relating to Virginia State College or the board of visitors of Virginia State College shall be construed as relating to the University or the board, respectively.</section>
   </text>
</law>