<?xml version="1.0" encoding="utf-8"?>
<law xmlns:xs="http://www.w3.org/2001/XMLSchema" xmlns:orig="http://StatRev.xsd"
     xmlns:fn="http://localhost/">
   <structure>
      <unit label="title" identifier="8.01" level="1">Civil Remedies And Procedure</unit>
      <unit label="chapter" identifier="21" level="2">Arbitration And Award</unit>
      <unit label="article" identifier="2" level="3">Uniform Arbitration Act</unit>
   </structure>
   <section_number>8.01-581.015</section_number>
   <catch_line>Venue</catch_line>
   <history>1986, c. 614; 1991, c. 489.</history>
   <text>Except as provided in subsection B of § 8.01-262.1, an initial application shall be made to the court of the county or city in which the agreement provides the arbitration hearing shall be held or, if the hearing has been held, in the county or city in which it was held. Otherwise, venue of the application shall be as provided in Chapter 5 (§ 8.01-257 et seq.) of this title.  All subsequent applications shall be made to the court hearing the initial application unless the court otherwise directs.</text>
</law>