<?xml version="1.0" encoding="utf-8"?>
<law xmlns:xs="http://www.w3.org/2001/XMLSchema" xmlns:orig="http://StatRev.xsd"
     xmlns:fn="http://localhost/">
   <structure>
      <unit label="title" identifier="10.1" level="1">Conservation</unit>
      <unit label="subtitle" identifier="I" level="2">Activities Administered By The Department Of Conservation And Recreation</unit>
      <unit label="chapter" identifier="6" level="3">Flood Protection And Dam Safety</unit>
      <unit label="article" identifier="6" level="4">Comprehensive Flood Control Program</unit>
   </structure>
   <section_number>10.1-658</section_number>
   <catch_line>State interest in flood control</catch_line>
   <history>1989, cc. 468, 497.</history>
   <text>
      <section prefix="A"> The General Assembly declares that storm events cause recurrent flooding of Virginia's land resources and result in the loss of life, damage to property, unsafe and unsanitary conditions and the disruption of commerce and government services, placing at risk the health, safety and welfare of those citizens living in flood-prone areas of the Commonwealth.  Flood waters disregard jurisdictional boundaries, and the public interest requires the management of flood-prone areas in a manner which prevents injuries to persons, damage to property and pollution of state waters.</section>
      <section prefix="B"> The General Assembly, therefore, supports and encourages those measures which prevent, mitigate and alleviate the effects of stormwater surges and flooding, and declares that the expenditure of public funds and any obligations incurred in the development of flood control and other civil works projects, the benefits of which may accrue to any county, municipality or region in the Commonwealth, are necessary expenses of local and state government.</section>
   </text>
</law>