<?xml version="1.0" encoding="utf-8"?>
<law xmlns:xs="http://www.w3.org/2001/XMLSchema" xmlns:orig="http://StatRev.xsd"
     xmlns:fn="http://localhost/">
   <structure>
      <unit label="title" identifier="59.1" level="1">Trade And Commerce</unit>
      <unit label="chapter" identifier="18.1" level="2">Bad Faith Assertions Of Patent Infringement</unit>
   </structure>
   <section_number>59.1-215.4</section_number>
   <catch_line>Exemptions</catch_line>
   <history>2014, cc. 810, 819.</history>
   <text>A demand letter or assertion of patent infringement that includes a claim for relief arising under 35 U.S.C. § 271(e)(2) or 42 U.S.C. § 262 shall not be subject to the provisions of this chapter.</text>
</law>