<?xml version="1.0" encoding="utf-8"?>
<law xmlns:xs="http://www.w3.org/2001/XMLSchema" xmlns:orig="http://StatRev.xsd"
     xmlns:fn="http://localhost/">
   <structure>
      <unit label="title" identifier="46.2" level="1">Motor Vehicles</unit>
      <unit label="subtitle" identifier="III" level="2">Operation</unit>
      <unit label="chapter" identifier="8" level="3">Regulation Of Traffic</unit>
      <unit label="article" identifier="8" level="4">Speed</unit>
   </structure>
   <section_number>46.2-879</section_number>
   <catch_line>No conviction for speeding in certain areas unless markers installed</catch_line>
   <history>Code 1950, § 46-212.1; 1954, c. 643; 1958, c. 541, § 46.1-194; 1962, c. 307; 1989, c. 727.</history>
   <text>No person shall be convicted of a violation of a statute or an ordinance enacted by local authorities pursuant to the provisions of § 46.2-1300 decreasing the speed limit established in this article when such person has exceeded the speed limit in an area where the speed limit has been decreased unless such area is clearly indicated by a conspicuous marker at the termini of such area.</text>
</law>