<?xml version="1.0" encoding="utf-8"?>
<law xmlns:xs="http://www.w3.org/2001/XMLSchema" xmlns:orig="http://StatRev.xsd"
     xmlns:fn="http://localhost/">
   <structure>
      <unit label="title" identifier="15.2" level="1">Counties, Cities And Towns</unit>
      <unit label="subtitle" identifier="IV" level="2">Other Governmental Entities</unit>
      <unit label="chapter" identifier="66.1" level="3">Northern Neck Chesapeake Bay Public Access Authority Act</unit>
   </structure>
   <section_number>15.2-6644</section_number>
   <catch_line>Bonds as legal investments</catch_line>
   <history>2005, c. 842.</history>
   <text>Bonds issued by the Authority under the provisions of this act are hereby made securities in which all public officers and public bodies of the Commonwealth and its political subdivisions, all insurance companies, trust companies, banking associations, investment companies, executors, administrators, trustees, and other fiduciaries may properly and legally invest funds, including capital, in their control or belonging to them. Such bonds are hereby made securities that may properly and legally be deposited with and received by any state or municipal officer or any agency or political subdivision of the Commonwealth for any purpose for which the deposit of bonds or obligations is now or may hereafter be authorized by law.</text>
</law>