<?xml version="1.0" encoding="utf-8"?>
<law xmlns:xs="http://www.w3.org/2001/XMLSchema" xmlns:orig="http://StatRev.xsd"
     xmlns:fn="http://localhost/">
   <structure>
      <unit label="title" identifier="37.2" level="1">Behavioral Health And Developmental Services</unit>
      <unit label="subtitle" identifier="3" level="2">Admissions And Dispositions</unit>
      <unit label="chapter" identifier="8" level="3">Emergency Custody And Voluntary And Involuntary Civil Admissions</unit>
      <unit label="article" identifier="5" level="4">Involuntary Admissions</unit>
   </structure>
   <section_number>37.2-817.1</section_number>
   <catch_line>Monitoring mandatory outpatient treatment; petition for hearing</catch_line>
   <history>2008, cc. 850, 870; 2010, cc. 330, 461.</history>
   <text>
      <section prefix="A"> The community services board where the person resides shall monitor the person's compliance with the mandatory outpatient treatment plan or discharge plan ordered by the court pursuant to § 37.2-817. Monitoring compliance shall include (i) contacting the service providers to determine if the person is complying with the mandatory outpatient treatment order or order authorizing discharge to mandatory outpatient treatment following inpatient treatment and (ii) notifying the court of the person's material noncompliance with the mandatory outpatient treatment order or order authorizing discharge to mandatory outpatient treatment following inpatient treatment. Providers of services identified in the plan shall report any material noncompliance to the community services board.</section>
      <section prefix="B"> If the community services board determines that the person materially failed to comply with the order, it shall petition the court for a review of the mandatory outpatient treatment order or order authorizing discharge to mandatory outpatient treatment following inpatient treatment as provided in § 37.2-817.2. The community services board shall petition the court for a review of the mandatory outpatient treatment order or order authorizing discharge to mandatory outpatient treatment following inpatient treatment within three days of making that determination, or within 24 hours if the person is being detained under a temporary detention order, and shall recommend an appropriate disposition. Copies of the petition shall be sent to the person and the person's attorney.</section>
      <section prefix="C"> If the community services board determines that the person is not materially complying with the mandatory outpatient treatment order or order authorizing discharge to mandatory outpatient treatment following inpatient treatment or for any other reason, and there is a substantial likelihood that, as a result of the person's mental illness that the person will, in the near future, (i) cause serious physical harm to himself or others as evidenced by recent behavior causing, attempting or threatening harm and other relevant information, if any, or (ii) suffer serious harm due to his lack of capacity to protect himself from harm or to provide for his basic human needs, it shall immediately request that the magistrate issue an emergency custody order pursuant to § 37.2-808 or a temporary detention order pursuant to § 37.2-809.</section>
   </text>
</law>