<?xml version="1.0" encoding="utf-8"?>
<law xmlns:xs="http://www.w3.org/2001/XMLSchema" xmlns:orig="http://StatRev.xsd"
     xmlns:fn="http://localhost/">
   <structure>
      <unit label="title" identifier="59.1" level="1">Trade And Commerce</unit>
      <unit label="chapter" identifier="20" level="2">Virginia Motion Picture Fair Competition Act</unit>
   </structure>
   <section_number>59.1-255</section_number>
   <catch_line>Short title</catch_line>
   <history>1978, c. 764.</history>
   <text>This chapter may be known and cited as the "Virginia Motion Picture Fair Competition Act."</text>
</law>