<?xml version="1.0" encoding="utf-8"?>
<law xmlns:xs="http://www.w3.org/2001/XMLSchema" xmlns:orig="http://StatRev.xsd"
     xmlns:fn="http://localhost/">
   <structure>
      <unit label="title" identifier="58.1" level="1">Taxation</unit>
      <unit label="subtitle" identifier="I" level="2">Taxes Administered By The Department Of Taxation</unit>
      <unit label="chapter" identifier="3" level="3">Income Tax</unit>
      <unit label="article" identifier="1" level="4">General Provisions</unit>
   </structure>
   <section_number>58.1-301</section_number>
   <catch_line>Conformity to Internal Revenue Code</catch_line>
   <history>Code 1950, § 58-151.01; 1971, Ex. Sess., c. 171; 1980, c. 633; 1984, c. 675; 1994, c. 1; 2003, cc. 2, 163; 2004, c. 512; 2005, cc. 5, 26; 2006, cc. 63, 162; 2007, cc. 59, 782; 2008, cc. 1, 2; 2009, cc. 2, 3, 781; 2010, cc. 872, 874; 2011, cc. 2, 866, 890; 2012, cc. 2, 335, 480, 578; 2013, cc. 4, 693; 2014, c. 1; 2014, cc. 1, 2; 2015, cc. 1, 61; 2016, cc. 2, 19.</history>
   <text>
      <section prefix="A"> Any term used in this chapter shall have the same meaning as when used in a comparable context in the laws of the United States relating to federal income taxes, unless a different meaning is clearly required.</section>
      <section prefix="B"> Any reference in this chapter to the laws of the United States relating to federal income taxes shall mean the provisions of the Internal Revenue Code of 1954, and amendments thereto, and other provisions of the laws of the United States relating to federal income taxes, as they existed on December 31, 2015, except for:<section prefix="1"> The special depreciation allowance for certain property provided for under §§ 168(k), 168(l), 168(m), 1400L, and 1400N of the Internal Revenue Code;</section>
         <section prefix="2"> The carry-back of certain net operating losses for five years under § 172(b)(1)(H) of the Internal Revenue Code;</section>
         <section prefix="3"> The original issue discount on applicable high yield discount obligations under § 163(e)(5)(F) of the Internal Revenue Code;</section>
         <section prefix="4"> The deferral of certain income under § 108(i) of the Internal Revenue Code. For Virginia income tax purposes, income from the discharge of indebtedness in connection with the reacquisition of an "applicable debt instrument" (as defined under § 108(i) of the Internal Revenue Code) reacquired in the taxable year shall be fully included in the taxpayer's Virginia taxable income for the taxable year, unless the taxpayer elects to include such income in the taxpayer's Virginia taxable income ratably over a three-taxable-year period beginning with taxable year 2009 for transactions completed in taxable year 2009, or over a three-taxable-year period beginning with taxable year 2010 for transactions completed in taxable year 2010 on or before April 21, 2010. For purposes of such election, all other provisions of § 108(i) of the Internal Revenue Code shall apply mutatis mutandis. No other deferral shall be allowed for income from the discharge of indebtedness in connection with the reacquisition of an "applicable debt instrument"; and</section>
         <section prefix="5"> The amount of the deduction allowed for domestic production activities pursuant to § 199 of the Internal Revenue Code for taxable years beginning on or after January 1, 2010. For Virginia income tax purposes, two-thirds of the amount deducted pursuant to § 199 of the Internal Revenue Code for federal income tax purposes during the taxable year may be deducted for Virginia income tax purposes for taxable years beginning on and after January 1, 2010. For taxable years beginning on and after January 1, 2013, the entire amount of the deduction allowed for domestic production activities pursuant to § 199 of the Internal Revenue Code may be deducted for Virginia income tax purposes.The Department of Taxation is hereby authorized to develop procedures or guidelines for implementation of the provisions of this section, which procedures or guidelines shall be exempt from the provisions of the Administrative Process Act (§ 2.2-4000 et seq.).</section>
      </section>
   </text>
</law>