<?xml version="1.0" encoding="utf-8"?>
<law xmlns:xs="http://www.w3.org/2001/XMLSchema" xmlns:orig="http://StatRev.xsd"
     xmlns:fn="http://localhost/">
   <structure>
      <unit label="title" identifier="58.1" level="1">Taxation</unit>
      <unit label="subtitle" identifier="III" level="2">Local Taxes</unit>
      <unit label="chapter" identifier="39" level="3">Enforcement, Collection, Refunds, Remedies And Review Of Local Taxes</unit>
      <unit label="article" identifier="4" level="4">Bill In Equity For Sale Of Delinquent Tax Lands</unit>
   </structure>
   <section_number>58.1-3976</section_number>
   <catch_line>Repealed</catch_line>
   <history/>
   <text>Reserved.</text>
</law>