<?xml version="1.0" encoding="utf-8"?>
<law xmlns:xs="http://www.w3.org/2001/XMLSchema" xmlns:orig="http://StatRev.xsd"
     xmlns:fn="http://localhost/">
   <structure>
      <unit label="title" identifier="15.2" level="1">Counties, Cities And Towns</unit>
      <unit label="subtitle" identifier="III" level="2">Boundary Adjustments And Changes Of Status Of Counties, Cities And Towns</unit>
      <unit label="chapter" identifier="35" level="3">Consolidation Of Localities</unit>
      <unit label="article" identifier="1" level="4">Consolidation Of Like Units Of Local Government</unit>
   </structure>
   <section_number>15.2-3512</section_number>
   <catch_line>Suits and prosecutions</catch_line>
   <history>Code 1950, §§ 15-171, 15-216; 1962, c. 623, §§ 15.1-1080, 15.1-1126; 1997, c. 587.</history>
   <text>From and after the date when consolidation becomes effective, all indictments and prosecutions for crimes committed or ordinances violated and all suits or causes of action arising within the territory of the consolidated locality may be instituted in the county, city or town with the same force and effect as if consolidation had always been effective.Suits may be brought and maintained against a consolidated locality in any of the courts of this Commonwealth in the same manner as against any other locality.Any action or proceeding pending by or against any of the consolidating localities may be prosecuted to judgment as if such consolidation had not taken place, or the consolidated locality may be substituted in its place.</text>
</law>