<?xml version="1.0" encoding="utf-8"?>
<law xmlns:xs="http://www.w3.org/2001/XMLSchema" xmlns:orig="http://StatRev.xsd"
     xmlns:fn="http://localhost/">
   <structure>
      <unit label="title" identifier="8.01" level="1">Civil Remedies And Procedure</unit>
      <unit label="chapter" identifier="18" level="2">Executions And Other Means Of Recovery</unit>
      <unit label="article" identifier="1" level="3">Issue And Form; Motion To Quash</unit>
   </structure>
   <section_number>8.01-477.1</section_number>
   <catch_line>Claims of exemption from execution</catch_line>
   <history>1986, c. 341.</history>
   <text>The procedures specified in § 8.01-546.2 shall govern further proceedings regarding claims of exemption from levy.</text>
</law>