<?xml version="1.0" encoding="utf-8"?>
<law xmlns:xs="http://www.w3.org/2001/XMLSchema" xmlns:orig="http://StatRev.xsd"
     xmlns:fn="http://localhost/">
   <structure>
      <unit label="title" identifier="45.1" level="1">Mines And Mining</unit>
      <unit label="chapter" identifier="14.2" level="2">Coal Mine Safety Act</unit>
      <unit label="article" identifier="7" level="3">Mine Explosions; Mine Fires; Accidents</unit>
   </structure>
   <section_number>45.1-161.77</section_number>
   <catch_line>Reports of explosions and mine fires; procedure</catch_line>
   <history>Code 1950, § 45-14; 1954, c. 191; 1966, c. 594, § 45.1-6; 1984, c. 590; 1994, c. 28; 1997, c. 390; 1999, c. 256; 2011, cc. 826, 862.</history>
   <text>
      <section prefix="A"> If an explosion or mine fire occurs in a mine, the operator shall notify the Department by the quickest available means. All facilities of the mine shall be made available for rescue and recovery operations and firefighting.</section>
      <section prefix="B"> No work other than rescue and recovery work and firefighting may be attempted or started until and unless it is authorized by the Department.</section>
      <section prefix="C"> If an explosion occurs in an underground mine, the fan shall not be reversed except by authority of the officials in charge of rescue and recovery work, and then only after a study of the effect of reversing the fan on any persons who may have survived the explosion and are still underground.</section>
      <section prefix="D"> The Department shall make available all the facilities at its disposal in effecting rescue and recovery work. The Chief shall act as consultant, or take personal charge, where in his opinion the circumstances of any mine explosion, fire or other accident warrant.</section>
      <section prefix="E"> The orders of the official in charge of rescue and recovery work shall be respected and obeyed by all persons engaged in rescue and recovery work.</section>
      <section prefix="F"> The Chief shall maintain an up-to-date rescue and recovery plan for prompt and adequate employment at any coal mine in the Commonwealth. All employees of the Department shall be kept fully informed and trained in their respective duties in executing rescue and recovery plans. The Department's plan shall be reviewed annually. Any changes in the plan shall be published promptly and made available to all operators of mines.</section>
   </text>
</law>