<?xml version="1.0" encoding="utf-8"?>
<law xmlns:xs="http://www.w3.org/2001/XMLSchema" xmlns:orig="http://StatRev.xsd"
     xmlns:fn="http://localhost/">
   <structure>
      <unit label="title" identifier="59.1" level="1">Trade And Commerce</unit>
      <unit label="chapter" identifier="28" level="2">Heavy Equipment Dealer Act</unit>
   </structure>
   <section_number>59.1-359</section_number>
   <catch_line>Management</catch_line>
   <history>1988, c. 73.</history>
   <text>No supplier shall require or prohibit any change in management or personnel of any dealer unless the current or potential management or personnel fails to meet reasonable qualifications and standards required by the supplier for its dealers.</text>
</law>