<?xml version="1.0" encoding="utf-8"?>
<law xmlns:xs="http://www.w3.org/2001/XMLSchema" xmlns:orig="http://StatRev.xsd"
     xmlns:fn="http://localhost/">
   <structure>
      <unit label="title" identifier="22.1" level="1">Education</unit>
      <unit label="chapter" identifier="6" level="2">Division Superintendents</unit>
   </structure>
   <section_number>22.1-70.1</section_number>
   <catch_line>Reports of certain ratios to local school boards</catch_line>
   <history>1998, c. 815.</history>
   <text>The division superintendent shall report annually to the local school board regarding divisionwide ratios of students in average daily membership to full-time equivalent teaching positions. The report shall indicate, among other things, the ratio of regular classroom teachers, excluding resource teachers, to students in average daily membership in each of the grades for all public schools in the division. The ratio of regular classroom teachers, including resource teachers, to students in average daily membership in each of the grades for all public schools in the division shall be indicated separately in the same annual report.</text>
</law>