<?xml version="1.0" encoding="utf-8"?>
<law xmlns:xs="http://www.w3.org/2001/XMLSchema" xmlns:orig="http://StatRev.xsd"
     xmlns:fn="http://localhost/">
   <structure>
      <unit label="title" identifier="15.2" level="1">Counties, Cities And Towns</unit>
      <unit label="subtitle" identifier="III" level="2">Boundary Adjustments And Changes Of Status Of Counties, Cities And Towns</unit>
      <unit label="chapter" identifier="39" level="3">Transition Of Counties To Cities</unit>
   </structure>
   <section_number>15.2-3901</section_number>
   <catch_line>Ordinance petitioning court to declare eligibility</catch_line>
   <history>1979, c. 85, § 15.1-977.2; 1997, c. 587.</history>
   <text>The governing body of any county may, by ordinance passed by a recorded majority vote of all the members thereof, petition the circuit court for the county, alleging that the county meets the criteria set out in § 15.2-3907, for an order declaring the county eligible for city status. The circuit court with which the petition is filed shall notify the Supreme Court, which shall appoint a special court to hear the case as prescribed by Chapter 30 (§ 15.2-3000 et seq.) of this title.</text>
</law>