<?xml version="1.0" encoding="utf-8"?>
<law xmlns:xs="http://www.w3.org/2001/XMLSchema" xmlns:orig="http://StatRev.xsd"
     xmlns:fn="http://localhost/">
   <structure>
      <unit label="title" identifier="2.2" level="1">Administration Of Government</unit>
      <unit label="subtitle" identifier="I" level="2">Organization Of State Government</unit>
      <unit label="part" identifier="A" level="3">Office Of The Governor</unit>
      <unit label="chapter" identifier="3.2" level="4">Office Of The State Inspector General</unit>
      <unit label="article" identifier="6" level="5">Tobacco Indemnification And Community Revitalization</unit>
   </structure>
   <section_number>2.2-322</section_number>
   <catch_line>Repealed</catch_line>
   <history/>
   <text>Repealed by Acts 2013, cc. 717 and 723, cl. 2.</text>
</law>