<?xml version="1.0" encoding="utf-8"?>
<law xmlns:xs="http://www.w3.org/2001/XMLSchema" xmlns:orig="http://StatRev.xsd"
     xmlns:fn="http://localhost/">
   <structure>
      <unit label="title" identifier="44" level="1">Military And Emergency Laws</unit>
      <unit label="chapter" identifier="1" level="2">Military Laws Of Virginia</unit>
      <unit label="article" identifier="2" level="3">General Administrative Officers</unit>
   </structure>
   <section_number>44-23</section_number>
   <catch_line>Repealed</catch_line>
   <history/>
   <text>Repealed by Acts 1984, c. 734.</text>
</law>