<?xml version="1.0" encoding="utf-8"?>
<law xmlns:xs="http://www.w3.org/2001/XMLSchema" xmlns:orig="http://StatRev.xsd"
     xmlns:fn="http://localhost/">
   <structure>
      <unit label="title" identifier="38.2" level="1">Insurance</unit>
      <unit label="chapter" identifier="4" level="2">Assessment For Administration Of Insurance Laws And Declarations Of Estimated Assessments By Insurers</unit>
   </structure>
   <section_number>38.2-407</section_number>
   <catch_line>Repealed</catch_line>
   <history/>
   <text>Repealed by Acts 2012, c. 584, cl. 2.</text>
</law>