<?xml version="1.0" encoding="utf-8"?>
<law xmlns:xs="http://www.w3.org/2001/XMLSchema" xmlns:orig="http://StatRev.xsd"
     xmlns:fn="http://localhost/">
   <structure>
      <unit label="title" identifier="38.2" level="1">Insurance</unit>
      <unit label="chapter" identifier="35" level="2">Accident And Sickness Insurance Policies</unit>
      <unit label="article" identifier="3" level="3">Group Accident And Sickness Insurance Policies</unit>
   </structure>
   <section_number>38.2-3525</section_number>
   <catch_line>Group accident and sickness insurance coverages of spouses, dependent children or other persons</catch_line>
   <history>1986, c. 562; 1993, c. 306; 1998, c. 154; 2004, c. 771; 2005, c. 871; 2007, c. 428; 2008, c. 209; 2011, c. 882.</history>
   <text>
      <section prefix="A"> Coverage under a group accident and sickness insurance policy, except a policy issued pursuant to subsection B of § 38.2-3521.1, may be extended to insure:<section prefix="1"> The spouse and any child who is (i) under the age of 19 years, (ii) who is a dependent and under the age of 25 years, or (iii) who is a dependent and a full-time student under 25 years of age, without regard to whether such child resides in the same household as the insured group member, or any class of spouse and dependent children, of each insured group member who so elects; and</section>
         <section prefix="2"> Any other class of persons as may mutually be agreed upon by the insurer and the group policyholder.</section>
      </section>
      <section prefix="B"> The amount of accident and sickness insurance for the spouse, dependent child or other person shall not exceed the amount of accident and sickness insurance for the insured group member.</section>
      <section prefix="C"> At the insurer's option and subject to the policyholder's election, the coverage for children of the insured group member may be extended beyond the ages established in subsection A. Any such extension of coverage shall be as mutually agreed upon by the insurer and the group policyholder.</section>
      <section prefix="D"> Notwithstanding the provisions of § 38.2-3538, one certificate may be issued for each insured group member if a statement concerning any spouse's, dependent child's, or other person's coverage is included in the certificate.</section>
      <section prefix="E"> When a policy provides coverage for a dependent child who is enrolled based upon the child's status as a full-time student and such child is unable due to a medical condition to continue as a full-time student, coverage under the policy for such child nevertheless shall continue in force provided the child's treating physician certifies to the insurer at the time the child withdraws as a full-time student that the child's absence is medically necessary. Coverage for such child shall continue in force until the earlier of (i) the date that is 12 months from the date the child ceases to be a full-time student or (ii) the date the child no longer qualifies as a dependent child under the terms of the group policy. A child's status as a full-time student shall be determined in accordance with the criteria specified by the institution in which the child is enrolled.</section>
      <section prefix="F"> The provisions of this section shall not apply in any instance in which the provisions of this section are inconsistent or in conflict with a provision of Article 6 (§ 38.2-3438 et seq.) of Chapter 34.</section>
   </text>
</law>