<?xml version="1.0" encoding="utf-8"?>
<law xmlns:xs="http://www.w3.org/2001/XMLSchema" xmlns:orig="http://StatRev.xsd"
     xmlns:fn="http://localhost/">
   <structure>
      <unit label="title" identifier="59.1" level="1">Trade And Commerce</unit>
      <unit label="chapter" identifier="7" level="2">Names, Marks And Devices On Certain Containers And Other Articles</unit>
   </structure>
   <section_number>59.1-93</section_number>
   <catch_line>"Person" defined</catch_line>
   <history>Code 1950, § 59-190; 1968, c. 439.</history>
   <text>The word "person" as used in this chapter shall mean an individual, firm or corporation.</text>
</law>