<?xml version="1.0" encoding="utf-8"?>
<law xmlns:xs="http://www.w3.org/2001/XMLSchema" xmlns:orig="http://StatRev.xsd"
     xmlns:fn="http://localhost/">
   <structure>
      <unit label="title" identifier="19.2" level="1">Criminal Procedure</unit>
      <unit label="chapter" identifier="18" level="2">Sentence; Judgment; Execution Of Sentence</unit>
      <unit label="article" identifier="1" level="3">General Provisions</unit>
   </structure>
   <section_number>19.2-303.2</section_number>
   <catch_line>Persons charged with first offense may be placed on probation</catch_line>
   <history>1985, c. 617.</history>
   <text>Whenever any person who has not previously been convicted of any felony pleads guilty to or enters a plea of not guilty to any crime against property constituting a misdemeanor, under Articles 5, 6, 7 and 8 of Chapter 5 (§ 18.2-119 et seq.) of Title 18.2, the court, upon such plea if the facts found by the court would justify a finding of guilt, without entering a judgment of guilt and with the consent of the accused, may defer further proceedings and place him on probation subject to terms and conditions, which may include restitution for losses caused, set by the court. Upon violation of a term or condition, the court may enter an adjudication of guilt and proceed as otherwise provided. Upon fulfillment of the terms and conditions, the court shall discharge the person and dismiss the proceedings against him. Discharge and dismissal under this section shall be without adjudication of guilt and is a conviction only for the purpose of applying this section in subsequent proceedings.</text>
</law>