<?xml version="1.0" encoding="utf-8"?>
<law xmlns:xs="http://www.w3.org/2001/XMLSchema" xmlns:orig="http://StatRev.xsd"
     xmlns:fn="http://localhost/">
   <structure>
      <unit label="title" identifier="23.1" level="1">Institutions Of Higher Education; Other Educational And Cultural Institutions</unit>
      <unit label="subtitle" identifier="II" level="2">Students And Campus</unit>
      <unit label="chapter" identifier="8" level="3">Health And Campus Safety</unit>
      <unit label="article" identifier="3" level="4">Campus Safety; Campus Police Departments.</unit>
   </structure>
   <section_number>23.1-818</section_number>
   <catch_line>(Effective October 1, 2016) Security departments and other security services</catch_line>
   <history>1977, c. 79, § 23-238; 2016, c. 588.</history>
   <text>Nothing in this article shall abridge the authority of the governing board of a public institution of higher education or private institution of higher education to establish security departments, whose officers and employees shall not have the powers and duties set forth in § 23.1-815, in place of or in addition to campus police departments, rely upon local or state police forces, or contract for security services from private parties.</text>
</law>