<?xml version="1.0" encoding="utf-8"?>
<law xmlns:xs="http://www.w3.org/2001/XMLSchema" xmlns:orig="http://StatRev.xsd"
     xmlns:fn="http://localhost/">
   <structure>
      <unit label="title" identifier="47.1" level="1">Notaries And Out-of-state Commissioners</unit>
      <unit label="chapter" identifier="4" level="2">Term Of Office</unit>
   </structure>
   <section_number>47.1-21</section_number>
   <catch_line>Commission as notary</catch_line>
   <history>1980, c. 580; 1989, c. 594; 2007, cc. 269, 590.</history>
   <text>The commission of a notary public shall be four years, except as shall be otherwise provided in this title. The commission of a notary public shall expire in the fourth calendar year after issuance of his commission on the last day of the month in which the notary was born.</text>
</law>