<?xml version="1.0" encoding="utf-8"?>
<law xmlns:xs="http://www.w3.org/2001/XMLSchema" xmlns:orig="http://StatRev.xsd"
     xmlns:fn="http://localhost/">
   <structure>
      <unit label="title" identifier="22.1" level="1">Education</unit>
      <unit label="chapter" identifier="15" level="2">Teachers, Officers And Employees</unit>
      <unit label="article" identifier="5" level="3">Interstate Agreement On Qualification Of Educational Personnel</unit>
   </structure>
   <section_number>22.1-317</section_number>
   <catch_line>Superintendent of Public Instruction to be "designated state official."</catch_line>
   <history>Code 1950, § 22-349; 1970, c. 193; 1980, c. 559.</history>
   <text>The "designated state official" for this Commonwealth for the purposes of the Interstate Agreement on Qualification of Educational Personnel shall be the Superintendent of Public Instruction. The Superintendent of Public Instruction shall enter into contracts pursuant to Article III of the Agreement only with the approval of the specific text thereof by the Board of Education.</text>
</law>