<?xml version="1.0" encoding="utf-8"?>
<law xmlns:xs="http://www.w3.org/2001/XMLSchema" xmlns:orig="http://StatRev.xsd"
     xmlns:fn="http://localhost/">
   <structure>
      <unit label="title" identifier="54.1" level="1">Professions And Occupations</unit>
      <unit label="subtitle" identifier="III" level="2">Professions And Occupations Regulated By Boards Within The Department Of Health Professions</unit>
      <unit label="chapter" identifier="36" level="3">Psychology</unit>
   </structure>
   <section_number>54.1-3614</section_number>
   <catch_line>Delegation to unlicensed persons</catch_line>
   <history>1996, cc. 937, 980.</history>
   <text>Any licensed psychologist may delegate to unlicensed personnel supervised by him such activities or functions as are nondiscretionary and do not require the exercise of professional judgment for their performance and which are usually or customarily delegated to such persons by psychologists, if such activities or functions are authorized by and performed for such psychologist and responsibility for such activities or functions is assumed by such psychologist.</text>
</law>