<?xml version="1.0" encoding="utf-8"?>
<law xmlns:xs="http://www.w3.org/2001/XMLSchema" xmlns:orig="http://StatRev.xsd"
     xmlns:fn="http://localhost/">
   <structure>
      <unit label="title" identifier="59.1" level="1">Trade And Commerce</unit>
      <unit label="chapter" identifier="2" level="2">Unfair Sales Act [repealed]</unit>
   </structure>
   <section_number>59.1-10</section_number>
   <catch_line>Repealed</catch_line>
   <history/>
   <text>Repealed by Acts 1984, c. 582.</text>
</law>