<?xml version="1.0" encoding="utf-8"?>
<law xmlns:xs="http://www.w3.org/2001/XMLSchema" xmlns:orig="http://StatRev.xsd"
     xmlns:fn="http://localhost/">
   <structure>
      <unit label="title" identifier="64.2" level="1">Wills, Trusts, And Fiduciaries</unit>
      <unit label="subtitle" identifier="II" level="2">Wills And Decedents' Estates</unit>
      <unit label="chapter" identifier="4" level="3">Wills</unit>
      <unit label="article" identifier="4" level="4">Uniform International Wills Act.</unit>
   </structure>
   <section_number>64.2-436</section_number>
   <catch_line>Other points of form</catch_line>
   <history>1995, c. 443, § 64.1-96.5; 2012, c. 614.</history>
   <text>
      <section prefix="A"> The signatures shall be placed at the end of the will. If the will consists of several sheets, each sheet shall be signed by the testator or, if he is unable to sign, by the person signing on his behalf or, if there is no such person, by the authorized person. In addition, each sheet shall be numbered.</section>
      <section prefix="B"> The date of the will shall be the date of its signature by the authorized person. That date shall be noted at the end of the will by the authorized person.</section>
      <section prefix="C"> The authorized person shall ask the testator whether he wishes to make a declaration concerning the safekeeping of his will. If so, and at the express request of the testator, the place where he intends to have his will kept shall be mentioned in the certificate provided for in § 64.2-437.</section>
      <section prefix="D"> A will executed in compliance with § 64.2-435 shall not be invalid merely because it does not comply with this section.</section>
   </text>
</law>