<?xml version="1.0" encoding="utf-8"?>
<law xmlns:xs="http://www.w3.org/2001/XMLSchema" xmlns:orig="http://StatRev.xsd"
     xmlns:fn="http://localhost/">
   <structure>
      <unit label="title" identifier="60.2" level="1">Unemployment Compensation</unit>
      <unit label="chapter" identifier="2" level="2">Definitions</unit>
   </structure>
   <section_number>60.2-221</section_number>
   <catch_line>Hospital</catch_line>
   <history>1971, Ex. Sess., c. 235, § 60.1-14.2; 1986, c. 480.</history>
   <text>"Hospital" means an institution as defined in §§ 32.1-123 and 37.2-100.</text>
</law>