<?xml version="1.0" encoding="utf-8"?>
<law xmlns:xs="http://www.w3.org/2001/XMLSchema" xmlns:orig="http://StatRev.xsd"
     xmlns:fn="http://localhost/">
   <structure>
      <unit label="title" identifier="3.2" level="1">Agriculture, Animal Care, And Food</unit>
      <unit label="subtitle" identifier="III" level="2">Production And Sale Of Agricultural Products.</unit>
      <unit label="chapter" identifier="47" level="3">Sale Of Farm Produce</unit>
      <unit label="article" identifier="2" level="4">Commission Merchants.</unit>
   </structure>
   <section_number>3.2-4726</section_number>
   <catch_line>Failure to comply with orders of Commissioner constitutes contempt</catch_line>
   <history>Code 1950, § 3-549; 1966, c. 702, § 3.1-707; 2008, c. 860.</history>
   <text>All parties disobeying the orders or subpoenas of the Commissioner are guilty of contempt and shall be certified to an appropriate court for punishment.</text>
</law>