<?xml version="1.0" encoding="utf-8"?>
<law xmlns:xs="http://www.w3.org/2001/XMLSchema" xmlns:orig="http://StatRev.xsd"
     xmlns:fn="http://localhost/">
   <structure>
      <unit label="title" identifier="22.1" level="1">Education</unit>
      <unit label="chapter" identifier="8" level="2">Public School Funds</unit>
      <unit label="article" identifier="1" level="3">State And Local Funds</unit>
   </structure>
   <section_number>22.1-88</section_number>
   <catch_line>Of what school funds to consist</catch_line>
   <history>Code 1950, § 22-116; 1971, Ex. Sess., c. 162; 1980, c. 559; 1988, c. 576.</history>
   <text>The funds available to the school board of a school division for the establishment, support and maintenance of the public schools in the school division shall consist of state funds appropriated for public school purposes and apportioned to the school board, federal funds appropriated for educational purposes and apportioned to the school board, local funds appropriated to the school board by a local governing body or such funds as shall be raised by local levy as authorized by law, donations or the income arising therefrom, and any other funds that may be set apart for public school purposes.</text>
</law>