<?xml version="1.0" encoding="utf-8"?>
<law xmlns:xs="http://www.w3.org/2001/XMLSchema" xmlns:orig="http://StatRev.xsd"
     xmlns:fn="http://localhost/">
   <structure>
      <unit label="title" identifier="4.1" level="1">Alcoholic Beverage Control Act</unit>
      <unit label="chapter" identifier="1" level="2">Definitions And General Provisions</unit>
   </structure>
   <section_number>4.1-108</section_number>
   <catch_line>Hearings; representation by counsel</catch_line>
   <history>1989, c. 266, § 4-10.1; 1993, c. 866.</history>
   <text>Any licensee or applicant for any license granted by the Board shall have the right to be represented by counsel at any Board hearing for which he has received notice.  The licensee or applicant shall not be required to be represented by counsel during such hearing.  Any officer or director of a corporation may examine, cross-examine and question witnesses; present evidence on behalf of the corporation; and draw conclusions and make arguments before the Board or hearing officers without being in violation of the provisions of § 54.1-3904.</text>
</law>