<?xml version="1.0" encoding="utf-8"?>
<law xmlns:xs="http://www.w3.org/2001/XMLSchema" xmlns:orig="http://StatRev.xsd"
     xmlns:fn="http://localhost/">
   <structure>
      <unit label="title" identifier="15.2" level="1">Counties, Cities And Towns</unit>
      <unit label="subtitle" identifier="II" level="2">Powers Of Local Government</unit>
      <unit label="chapter" identifier="22" level="3">Planning, Subdivision Of Land And Zoning</unit>
      <unit label="article" identifier="7" level="4">Zoning</unit>
   </structure>
   <section_number>15.2-2283.1</section_number>
   <catch_line>Prohibition of sexual offender treatment office in residentially zoned subdivision</catch_line>
   <history>2007, c. 878.</history>
   <text>Notwithstanding any other provision of law, no individual shall knowingly provide sex offender treatment services to a convicted sex offender in an office or similar facility located in a residentially zoned subdivision.</text>
</law>