<?xml version="1.0" encoding="utf-8"?>
<law xmlns:xs="http://www.w3.org/2001/XMLSchema" xmlns:orig="http://StatRev.xsd"
     xmlns:fn="http://localhost/">
   <structure>
      <unit label="title" identifier="32.1" level="1">Health</unit>
      <unit label="chapter" identifier="4" level="2">Health Care Planning</unit>
      <unit label="article" identifier="6" level="3">Primary Health Care System</unit>
   </structure>
   <section_number>32.1-122.5</section_number>
   <catch_line>Criteria to identify underserved areas</catch_line>
   <history>1990, cc. 874, 877; 2009, cc. 813, 840.</history>
   <text>The Board of Health shall establish criteria to identify medically underserved areas within the Commonwealth. These criteria shall consist of quantifiable measures sensitive to the unique characteristics of urban and rural jurisdictions which may include the incidence of infant mortality, the availability of primary care resources, poverty levels, and other measures indicating the inadequacy of the primary health care system as determined by the Board. The Board shall also include in these criteria the need for medical care services in the state facilities operated by the Departments of Corrections, Juvenile Justice, and Behavioral Health and Developmental Services.</text>
</law>