<?xml version="1.0" encoding="utf-8"?>
<law xmlns:xs="http://www.w3.org/2001/XMLSchema" xmlns:orig="http://StatRev.xsd"
     xmlns:fn="http://localhost/">
   <structure>
      <unit label="title" identifier="24.2" level="1">Elections</unit>
      <unit label="chapter" identifier="2" level="2">Federal, Commonwealth, And Local Officers</unit>
      <unit label="article" identifier="5" level="3">Constitutional And Local Officers</unit>
   </structure>
   <section_number>24.2-223</section_number>
   <catch_line>Election and term of school board members</catch_line>
   <history>1993, c. 641; 2000, c. 1045.</history>
   <text>In any county, city or town wherein members of the school board are elected, pursuant to Article 7 (§ 22.1-57.1 et seq.) of Chapter 5 of Title 22.1, elections shall be held to coincide with the election of members of the governing body at the regular general election in November or the regular general election in May, as the case may be. Elected school board members shall serve terms which are the same as those of the governing body, to commence on January 1 following their election or July 1 following their election, as the case may be.</text>
</law>