<?xml version="1.0" encoding="utf-8"?>
<law xmlns:xs="http://www.w3.org/2001/XMLSchema" xmlns:orig="http://StatRev.xsd"
     xmlns:fn="http://localhost/">
   <structure>
      <unit label="title" identifier="22.1" level="1">Education</unit>
      <unit label="chapter" identifier="13" level="2">Programs, Courses Of Instruction And Textbooks</unit>
      <unit label="article" identifier="5" level="3">Career And Technical Education Projects</unit>
   </structure>
   <section_number>22.1-237</section_number>
   <catch_line>Academic credit</catch_line>
   <history>Code 1950, § 22-330.47; 1974, c. 336; 1980, c. 559; 2001, c. 483.</history>
   <text>The Board of Education may regulate the awarding of academic credit for participation in career and technical education projects.</text>
</law>