<?xml version="1.0" encoding="utf-8"?>
<law xmlns:xs="http://www.w3.org/2001/XMLSchema" xmlns:orig="http://StatRev.xsd"
     xmlns:fn="http://localhost/">
   <structure>
      <unit label="title" identifier="8.01" level="1">Civil Remedies And Procedure</unit>
      <unit label="chapter" identifier="4" level="2">Limitations Of Actions</unit>
      <unit label="article" identifier="2" level="3">Limitations On Recovery Of Realty And Enforcement Of Certain Liens Relating To Realty</unit>
   </structure>
   <section_number>8.01-242</section_number>
   <catch_line>Same; when no maturity date is given; credit line deeds of trust</catch_line>
   <history>Code 1950, § 8-12; 1977, c. 617; 1994, c. 547; 1999, c. 788.</history>
   <text>No deed of trust or mortgage given to secure the payment of money, other than credit line deeds of trust described in § 55-58.2, and no lien reserved to secure the payment of unpaid purchase money, in which no date is fixed for the maturity of the debt secured by such deed of trust, mortgage, or lien, shall be enforced after twenty years from the date of the deed of trust, mortgage, or other lien; provided that the period of one year from the death of any party in interest shall be excluded from the computation of time, and provided further that the limitation may be extended by recordation of a certificate within the twenty-year period in the manner set forth in § 8.01-241. No credit line deed of trust described in § 55-58.2 in which no date is fixed for the maturity of the debt secured thereby shall be enforced after forty years from the date of the credit line deed of trust; provided that the period of one year from the death of any party in interest shall be excluded from the computation of time.</text>
</law>