<?xml version="1.0" encoding="utf-8"?>
<law xmlns:xs="http://www.w3.org/2001/XMLSchema" xmlns:orig="http://StatRev.xsd"
     xmlns:fn="http://localhost/">
   <structure>
      <unit label="title" identifier="63.2" level="1">Welfare (social Services)</unit>
      <unit label="subtitle" identifier="I" level="2">General Provisions Relating To Social Services</unit>
      <unit label="chapter" identifier="3" level="3">Local Social Services</unit>
      <unit label="article" identifier="2" level="4">Local Departments And Local Directors Of Social Services</unit>
   </structure>
   <section_number>63.2-334</section_number>
   <catch_line>Cooperation with private agencies</catch_line>
   <history>Code 1950, § 63-97; 1968, c. 578, § 63.1-67.5; 2002, c. 747.</history>
   <text>The local director shall foster cooperation between all public and private charitable and social agencies in the county or city to the end that public resources may be conserved and the social services needs of the county or city be adequately met.</text>
</law>