<?xml version="1.0" encoding="utf-8"?>
<law xmlns:xs="http://www.w3.org/2001/XMLSchema" xmlns:orig="http://StatRev.xsd"
     xmlns:fn="http://localhost/">
   <structure>
      <unit label="title" identifier="33.2" level="1">Highways And Other Surface Transportation Systems</unit>
      <unit label="subtitle" identifier="II" level="2">Modes Of Transportation: Highways, Bridges, Ferries, Rail, And Public Transportation</unit>
      <unit label="chapter" identifier="3" level="3">Highway Systems</unit>
      <unit label="article" identifier="5" level="4">Allocation Of Highway Funds</unit>
   </structure>
   <section_number>33.2-351</section_number>
   <catch_line>Definition of "allocation."</catch_line>
   <history>1982, c. 418, § 33.1-23.01; 2014, c. 805.</history>
   <text>For the purposes of this article, "allocation" means a commitment to expend funds available for construction during each fiscal year. Funds that cannot be expended as allocated within each fiscal year shall be identified as part of future commitments, and the reason for the failure to spend allocations shall be specifically included in the annual construction improvement program.</text>
</law>