<?xml version="1.0" encoding="utf-8"?>
<law xmlns:xs="http://www.w3.org/2001/XMLSchema" xmlns:orig="http://StatRev.xsd"
     xmlns:fn="http://localhost/">
   <structure>
      <unit label="title" identifier="21" level="1">Drainage, Soil Conservation, Sanitation And Public Facilities Districts</unit>
      <unit label="chapter" identifier="8" level="2">Proceedings To Acquire Drainage Rights</unit>
   </structure>
   <section_number>21-429</section_number>
   <catch_line>Damages to be ascertained by commissioners; notice to be given</catch_line>
   <history>Code 1919, § 5294.</history>
   <text>If the court, on hearing the matter, thinks it proper, it shall issue its order appointing five commissioners, who shall be freeholders, any three of whom may act, who shall, on being served with a copy of the order, go upon the land, and after being duly sworn, ascertain and report what damages, if any, may be sustained by the party or parties through whose lands the drain is to be run; but the commissioners, before proceeding to execute the order, shall give to the parties interested, and to the tenants in possession, at least ten days' notice of the time appointed by them for the execution of the same in the manner prescribed by § 21-428.</text>
</law>