<?xml version="1.0" encoding="utf-8"?>
<law xmlns:xs="http://www.w3.org/2001/XMLSchema" xmlns:orig="http://StatRev.xsd"
     xmlns:fn="http://localhost/">
   <structure>
      <unit label="title" identifier="5.1" level="1">Aviation</unit>
      <unit label="chapter" identifier="10" level="2">Metropolitan Washington Airports Authority</unit>
   </structure>
   <section_number>5.1-170</section_number>
   <catch_line>Annual audit</catch_line>
   <history>2001, c. 342.</history>
   <text>The Authority shall keep suitable records of all its financial transactions and shall have the same audited annually. Copies of such audit shall be furnished to the Governor of the Commonwealth of Virginia and to the Mayor of the District of Columbia and shall be open to public inspection.</text>
</law>