<?xml version="1.0" encoding="utf-8"?>
<law xmlns:xs="http://www.w3.org/2001/XMLSchema" xmlns:orig="http://StatRev.xsd"
     xmlns:fn="http://localhost/">
   <structure>
      <unit label="title" identifier="55" level="1">Property And Conveyances</unit>
      <unit label="chapter" identifier="6" level="2">Recordation Of Documents</unit>
      <unit label="article" identifier="2.1" level="3">Uniform Recognition Of Acknowledgments Act</unit>
   </structure>
   <section_number>55-118.5</section_number>
   <catch_line>Meaning of "acknowledged before me."</catch_line>
   <history>1970, c. 719; 1997, c. 801.</history>
   <text>
      <section prefix="">The words "acknowledged before me" mean<section prefix="(1"> That the person acknowledging appeared before the person taking the acknowledgment,</section>
         <section prefix="(2"> That he acknowledged he executed the instrument,</section>
         <section prefix="(3"> That, in the case of:<section prefix="(i"> A natural person, he executed the instrument for the purposes therein stated;</section>
            <section prefix="(ii"> A corporation, the officer or agent acknowledged he held the position or title set forth in the instrument and certificate, he signed the instrument on behalf of the corporation by proper authority, and the instrument was the act of the corporation for the purpose therein stated;</section>
            <section prefix="(iii"> A partnership, the partner or agent acknowledged he signed the instrument on behalf of the partnership by proper authority and he executed the instrument as the act of the partnership for the purposes therein stated;</section>
            <section prefix="(iv"> A person acknowledging as principal by an attorney in fact, he executed the instrument by proper authority as the act of the principal for the purposes therein stated; or</section>
            <section prefix="(v"> A person acknowledging as a public officer, trustee, administrator, guardian, conservator or other representative, he signed the instrument by proper authority and he executed the instrument in the capacity and for the purposes therein stated, and</section>
         </section>
         <section prefix="(4"> That the person taking the acknowledgment either knew or had satisfactory evidence that the person acknowledging was the person named in the instrument or certificate.</section>
      </section>
   </text>
</law>