<?xml version="1.0" encoding="utf-8"?>
<law xmlns:xs="http://www.w3.org/2001/XMLSchema" xmlns:orig="http://StatRev.xsd"
     xmlns:fn="http://localhost/">
   <structure>
      <unit label="title" identifier="20" level="1">Domestic Relations</unit>
      <unit label="chapter" identifier="7.1" level="2">Uniform Child Custody Jurisdiction And Enforcement Act</unit>
      <unit label="article" identifier="3" level="3">Enforcement</unit>
   </structure>
   <section_number>20-146.22</section_number>
   <catch_line>Definitions</catch_line>
   <history>2001, c. 305.</history>
   <text>In this article:"Petitioner" means a person who seeks enforcement of an order for return of a child under the Hague Convention on the Civil Aspects of International Child Abduction or enforcement of a child custody determination."Respondent" means a person against whom a proceeding has been commenced for enforcement of an order for return of a child under the Hague Convention on the Civil Aspects of International Child Abduction or enforcement of a child custody determination.</text>
</law>