<?xml version="1.0" encoding="utf-8"?>
<law xmlns:xs="http://www.w3.org/2001/XMLSchema" xmlns:orig="http://StatRev.xsd"
     xmlns:fn="http://localhost/">
   <structure>
      <unit label="title" identifier="38.2" level="1">Insurance</unit>
      <unit label="chapter" identifier="20" level="2">Regulation Of Rates For Certain Types Of Insurance</unit>
      <unit label="article" identifier="2" level="3">Rate Filings And Making Of Rates</unit>
   </structure>
   <section_number>38.2-2009</section_number>
   <catch_line>Repealed</catch_line>
   <history/>
   <text>Repealed by Acts 1993, c. 985, effective January 1, 1994.</text>
</law>