<?xml version="1.0" encoding="utf-8"?>
<law xmlns:xs="http://www.w3.org/2001/XMLSchema" xmlns:orig="http://StatRev.xsd"
     xmlns:fn="http://localhost/">
   <structure>
      <unit label="title" identifier="30" level="1">General Assembly</unit>
      <unit label="chapter" identifier="16" level="2">Virginia Crime Commission</unit>
   </structure>
   <section_number>30-157</section_number>
   <catch_line>Executive director, counsel and other personnel</catch_line>
   <history>1972, c. 766, § 9-131; 2001, c. 844.</history>
   <text>The Commission may appoint and employ and, at pleasure remove, an executive director, counsel, and such other persons as it deems necessary; and to determine their duties and fix their salaries or compensation within the amounts appropriated therefor.</text>
</law>