<?xml version="1.0" encoding="utf-8"?>
<law xmlns:xs="http://www.w3.org/2001/XMLSchema" xmlns:orig="http://StatRev.xsd"
     xmlns:fn="http://localhost/">
   <structure>
      <unit label="title" identifier="8.9A" level="1">Commercial Code -- Secured Transactions</unit>
      <unit label="part" identifier="3" level="2">Perfection And Priority</unit>
      <unit label="part" identifier="2" level="3">Perfection</unit>
   </structure>
   <section_number>8.9a-315</section_number>
   <catch_line>Secured party's rights on disposition of collateral and in proceeds</catch_line>
   <history>1964, c. 219, § 8.9-306; 1973, c. 509; 1983, c. 204; 1996, c. 216; 2000, c. 1007.</history>
   <text>
      <section prefix="(a"> Except as otherwise provided in this title and in § 8.2-403 (2):<section prefix="(1"> a security interest or agricultural lien continues in collateral notwithstanding sale, lease, license, exchange, or other disposition thereof unless the secured party authorized the disposition free of the security interest or agricultural lien; and</section>
         <section prefix="(2"> a security interest attaches to any identifiable proceeds of collateral.</section>
      </section>
      <section prefix="(b"> Proceeds that are commingled with other property are identifiable proceeds:<section prefix="(1"> if the proceeds are goods, to the extent provided by § 8.9A-336; and</section>
         <section prefix="(2"> if the proceeds are not goods, to the extent that the secured party identifies the proceeds by a method of tracing, including application of equitable principles, that is permitted under law other than this title with respect to commingled property of the type involved.</section>
      </section>
      <section prefix="(c"> A security interest in proceeds is a perfected security interest if the security interest in the original collateral was perfected.</section>
      <section prefix="(d"> A perfected security interest in proceeds becomes unperfected on the twenty-first day after the security interest attaches to the proceeds unless:<section prefix="(1"> the following conditions are satisfied:<section prefix="(A"> a filed financing statement covers the original collateral;</section>
            <section prefix="(B"> the proceeds are collateral in which a security interest may be perfected by filing in the office in which the financing statement has been filed; and</section>
            <section prefix="(C"> the proceeds are not acquired with cash proceeds;</section>
         </section>
         <section prefix="(2"> the proceeds are identifiable cash proceeds; or</section>
         <section prefix="(3"> the security interest in the proceeds is perfected other than under subsection (c) when the security interest attaches to the proceeds or within twenty days thereafter.</section>
      </section>
      <section prefix="(e"> If a filed financing statement covers the original collateral, a security interest in proceeds which remains perfected under subsection (d) (1) becomes unperfected at the later of:<section prefix="(1"> when the effectiveness of the filed financing statement lapses under § 8.9A-515 or is terminated under § 8.9A-513; or</section>
         <section prefix="(2"> the twenty-first day after the security interest attaches to the proceeds.</section>
      </section>
   </text>
</law>