<?xml version="1.0" encoding="utf-8"?>
<law xmlns:xs="http://www.w3.org/2001/XMLSchema" xmlns:orig="http://StatRev.xsd"
     xmlns:fn="http://localhost/">
   <structure>
      <unit label="title" identifier="13.1" level="1">Corporations</unit>
      <unit label="chapter" identifier="10" level="2">Virginia Nonstock Corporation Act</unit>
      <unit label="article" identifier="1" level="3">General Provisions</unit>
   </structure>
   <section_number>13.1-812</section_number>
   <catch_line>Unlawful to transact or offer to transact business as a corporation unless authorized</catch_line>
   <history>Code 1950, § 13.1-296; 1958, c. 565; 1981, c. 320; 1985, c. 522; 2007, c. 925.</history>
   <text>It shall be unlawful for any person to transact business in the Commonwealth as a corporation or to offer or advertise to transact business in the Commonwealth as a corporation unless the alleged corporation is either a domestic corporation or a foreign corporation authorized to transact business in the Commonwealth. Any person who violates this section shall be guilty of a Class 1 misdemeanor.</text>
</law>