<?xml version="1.0" encoding="utf-8"?>
<law xmlns:xs="http://www.w3.org/2001/XMLSchema" xmlns:orig="http://StatRev.xsd"
     xmlns:fn="http://localhost/">
   <structure>
      <unit label="title" identifier="15.2" level="1">Counties, Cities And Towns</unit>
      <unit label="subtitle" identifier="I" level="2">General Provisions; Charters; Other Forms And Organization Of Counties</unit>
      <unit label="chapter" identifier="6" level="3">County Manager Form Of Government</unit>
      <unit label="article" identifier="3" level="4">Departments; County Manager Form</unit>
   </structure>
   <section_number>15.2-642</section_number>
   <catch_line>Officers not affected by adoption of plan</catch_line>
   <history>Code 1950, § 15-338; 1950, p. 974; 1952, c. 37; 1962, cc. 596, 623, § 15.1-662; 1973, c. 545; 1997, c. 587.</history>
   <text>
      <section prefix="">The following officers shall not, except as herein otherwise provided, be affected by the adoption of the county manager form:<section prefix="1"> Jury commissioners;</section>
         <section prefix="2"> County electoral boards;</section>
         <section prefix="3"> Registrars;</section>
         <section prefix="4"> Judges and clerks of elections; and</section>
         <section prefix="5"> Magistrates.</section>
      </section>
   </text>
</law>