<?xml version="1.0" encoding="utf-8"?>
<law xmlns:xs="http://www.w3.org/2001/XMLSchema" xmlns:orig="http://StatRev.xsd"
     xmlns:fn="http://localhost/">
   <structure>
      <unit label="title" identifier="10.1" level="1">Conservation</unit>
      <unit label="subtitle" identifier="I" level="2">Activities Administered By The Department Of Conservation And Recreation</unit>
      <unit label="chapter" identifier="6" level="3">Flood Protection And Dam Safety</unit>
      <unit label="article" identifier="1.2" level="4">Dam Safety, Flood Prevention, And Protection Assistance Fund.</unit>
   </structure>
   <section_number>10.1-603.22:3</section_number>
   <catch_line>Powers of the Authority</catch_line>
   <history>2006, cc. 648, 765.</history>
   <text>The Authority is authorized to do any act necessary or convenient to the exercise of the powers granted in this article or reasonably implied thereby.</text>
</law>