<?xml version="1.0" encoding="utf-8"?>
<law xmlns:xs="http://www.w3.org/2001/XMLSchema" xmlns:orig="http://StatRev.xsd"
     xmlns:fn="http://localhost/">
   <structure>
      <unit label="title" identifier="18.2" level="1">Crimes And Offenses Generally</unit>
      <unit label="chapter" identifier="7" level="2">Crimes Involving Health And Safety</unit>
      <unit label="article" identifier="4" level="3">Dangerous Use Of Firearms Or Other Weapons</unit>
   </structure>
   <section_number>18.2-280</section_number>
   <catch_line>Willfully discharging firearms in public places</catch_line>
   <history>Code 1950, § 18.1-69; 1960, c. 358; 1975, cc. 14, 15; 1992, c. 735; 1999, c. 996; 2001, c. 712; 2005, c. 928.</history>
   <text>
      <section prefix="A"> If any person willfully discharges or causes to be discharged any firearm in any street in a city or town, or in any place of public business or place of public gathering, and such conduct results in bodily injury to another person, he shall be guilty of a Class 6 felony. If such conduct does not result in bodily injury to another person, he shall be guilty of a Class 1 misdemeanor.</section>
      <section prefix="B"> If any person willfully discharges or causes to be discharged any firearm upon the buildings and grounds of any public, private or religious elementary, middle or high school, he shall be guilty of a Class 4 felony, unless he is engaged in a program or curriculum sponsored by or conducted with permission of a public, private or religious school.</section>
      <section prefix="C"> If any person willfully discharges or causes to be discharged any firearm upon any public property within 1,000 feet of the property line of any public, private or religious elementary, middle or high school property he shall be guilty of a Class 4 felony, unless he is engaged in lawful hunting.</section>
      <section prefix="D"> This section shall not apply to any law-enforcement officer in the performance of his official duties nor to any other person whose said willful act is otherwise justifiable or excusable at law in the protection of his life or property, or is otherwise specifically authorized by law.</section>
      <section prefix="E"> Nothing in this statute shall preclude the Commonwealth from electing to prosecute under any other applicable provision of law instead of this section.</section>
   </text>
</law>