<?xml version="1.0" encoding="utf-8"?>
<law xmlns:xs="http://www.w3.org/2001/XMLSchema" xmlns:orig="http://StatRev.xsd"
     xmlns:fn="http://localhost/">
   <structure>
      <unit label="title" identifier="32.1" level="1">Health</unit>
      <unit label="chapter" identifier="4" level="2">Health Care Planning</unit>
      <unit label="article" identifier="2.1" level="3">Statewide Emergency Medical Services System And Services</unit>
   </structure>
   <section_number>32.1-111.7</section_number>
   <catch_line>Inspections</catch_line>
   <history>1996, c. 899; 2015, cc. 502, 503.</history>
   <text>Each emergency medical services agency for which a license has been issued and emergency medical services vehicle for which a permit has been issued shall be inspected as often as the Commissioner deems necessary and a record thereof shall be maintained. Each such emergency medical services agency or emergency medical services vehicle, its medical supplies and equipment, and the records of its maintenance and operation shall be available at all reasonable times for inspection.</text>
</law>