<?xml version="1.0" encoding="utf-8"?>
<law xmlns:xs="http://www.w3.org/2001/XMLSchema" xmlns:orig="http://StatRev.xsd"
     xmlns:fn="http://localhost/">
   <structure>
      <unit label="title" identifier="59.1" level="1">Trade And Commerce</unit>
      <unit label="chapter" identifier="17.3" level="2">Motor Vehicle Warranty Enforcement Act</unit>
   </structure>
   <section_number>59.1-207.14</section_number>
   <catch_line>Action to enforce provisions of chapter</catch_line>
   <history>1984, c. 773; 1988, c. 603.</history>
   <text>Any consumer who suffers loss by reason of a violation of any provision of this chapter may bring a civil action to enforce such provision. Any consumer who is successful in such an action or any defendant in any frivolous action brought by a consumer shall recover reasonable attorney's fees, expert witness fees and court costs incurred by bringing such actions.</text>
</law>