<?xml version="1.0" encoding="utf-8"?>
<law xmlns:xs="http://www.w3.org/2001/XMLSchema" xmlns:orig="http://StatRev.xsd"
     xmlns:fn="http://localhost/">
   <structure>
      <unit label="title" identifier="53.1" level="1">Prisons And Other Methods Of Correction</unit>
      <unit label="chapter" identifier="3" level="2">Local Correctional Facilities</unit>
      <unit label="article" identifier="5" level="3">Regional Jails And Jail Farms</unit>
   </structure>
   <section_number>53.1-108</section_number>
   <catch_line>Expenses and allowance</catch_line>
   <history>Code 1950, § 53-206.3; 1956, c. 681; 1970, c. 648; 1982, c. 636; 1986, c. 191.</history>
   <text>Members of the regional jail or jail farm board shall be entitled to necessary expenses incurred in attending meetings of the board. They shall each receive an allowance for each day they are in attendance on the board. Such expenses and allowances shall not exceed in any one year the sum of $ 1,200 per member and shall be paid by the respective governing bodies.</text>
</law>