<?xml version="1.0" encoding="utf-8"?>
<law xmlns:xs="http://www.w3.org/2001/XMLSchema" xmlns:orig="http://StatRev.xsd"
     xmlns:fn="http://localhost/">
   <structure>
      <unit label="title" identifier="22.1" level="1">Education</unit>
      <unit label="chapter" identifier="13" level="2">Programs, Courses Of Instruction And Textbooks</unit>
      <unit label="article" identifier="1.2" level="3">Establishment Of Charter Schools</unit>
   </structure>
   <section_number>22.1-212.12</section_number>
   <catch_line>Public charter school term; renewals and revocations</catch_line>
   <history>1998, cc. 748, 890; 2000, cc. 631, 1028; 2002, c. 851; 2004, c. 530; 2012, cc. 702, 720.</history>
   <text>
      <section prefix="A"> A charter may be approved or renewed for a period not to exceed five school years. A public charter school renewal application submitted to the local school board or, in the case of a regional public charter school, to the relevant school boards shall contain:<section prefix="1"> A report on the progress of the public charter school in achieving the goals, objectives, program and performance standards for students, and such other conditions and terms as the school board or boards may require upon granting initial approval of the charter application.</section>
         <section prefix="2"> A financial statement, on forms prescribed by the Board, that discloses the costs of administration, instruction, and other spending categories for the public charter school and that has been concisely and clearly written to enable the school board or boards and the public to compare such costs to those of other schools or comparable organizations.</section>
      </section>
      <section prefix="B"> Local school boards may revoke a charter if the public charter school:<section prefix="1"> Violates the conditions, standards, or procedures established in the public charter school application;</section>
         <section prefix="2"> Fails to meet or make reasonable progress toward achievement of the content standards or student performance standards identified in the charter application;</section>
         <section prefix="3"> Fails to meet generally accepted standards of fiscal management; or</section>
         <section prefix="4"> Violates any provision of law from which the public charter school was not specifically exempted.</section>
      </section>
      <section prefix="C"> Nothing in this section shall be construed to restrict the authority of local school boards to decline to renew a charter agreement.</section>
   </text>
</law>