<?xml version="1.0" encoding="utf-8"?>
<law xmlns:xs="http://www.w3.org/2001/XMLSchema" xmlns:orig="http://StatRev.xsd"
     xmlns:fn="http://localhost/">
   <structure>
      <unit label="title" identifier="23" level="1">Educational Institutions</unit>
      <unit label="chapter" identifier="1" level="2">General Provisions</unit>
   </structure>
   <section_number>23-6</section_number>
   <catch_line>(Repealed effective October 1, 2016) Exchange and cancellation of consol coupon bonds of State</catch_line>
   <history>Code 1919, §§ 991, 992.</history>
   <text>
      <section prefix="">The following sections of the Code of Virginia of 1919 are continued in effect:<section prefix="(1"> Section 991, relating to the exchange of consol coupon bonds held by colleges, etc., for funded registered consol bonds; and</section>
         <section prefix="(2"> Section 992, relating to the cancellation of such bonds surrendered in exchange.</section>
      </section>
   </text>
</law>