<?xml version="1.0" encoding="utf-8"?>
<law xmlns:xs="http://www.w3.org/2001/XMLSchema" xmlns:orig="http://StatRev.xsd"
     xmlns:fn="http://localhost/">
   <structure>
      <unit label="title" identifier="12.1" level="1">State Corporation Commission</unit>
      <unit label="chapter" identifier="1" level="2">General Provisions</unit>
   </structure>
   <section_number>12.1-2</section_number>
   <catch_line>State Corporation Commission</catch_line>
   <history>1971, Ex. Sess., c. 157.</history>
   <text>There shall be a permanent commission known as the State Corporation Commission which shall have the powers and duties prescribed by law and by Article IX of the Constitution of Virginia.</text>
</law>