<?xml version="1.0" encoding="utf-8"?>
<law xmlns:xs="http://www.w3.org/2001/XMLSchema" xmlns:orig="http://StatRev.xsd"
     xmlns:fn="http://localhost/">
   <structure>
      <unit label="title" identifier="16.1" level="1">Courts Not Of Record</unit>
      <unit label="chapter" identifier="11" level="2">Juvenile And Domestic Relations District Courts</unit>
      <unit label="article" identifier="9" level="3">Disposition</unit>
   </structure>
   <section_number>16.1-278.10</section_number>
   <catch_line>Traffic infractions</catch_line>
   <history>1991, c. 534.</history>
   <text>In cases involving a child who is charged with a traffic infraction, the court may impose only those penalties which are authorized to be imposed on adults for such infractions.</text>
</law>