<?xml version="1.0" encoding="utf-8"?>
<law xmlns:xs="http://www.w3.org/2001/XMLSchema" xmlns:orig="http://StatRev.xsd"
     xmlns:fn="http://localhost/">
   <structure>
      <unit label="title" identifier="36" level="1">Housing</unit>
      <unit label="chapter" identifier="6" level="2">Uniform Statewide Building Code</unit>
      <unit label="article" identifier="1" level="3">General Provisions</unit>
   </structure>
   <section_number>36-99.11</section_number>
   <catch_line>Identification of disabled parking spaces by above grade signage</catch_line>
   <history>1992, cc. 753, 764; 1997, cc. 783, 904.</history>
   <text>
      <section prefix="A"> All parking spaces reserved for the use of persons with disabilities shall be identified by above grade signs, regardless of whether identification of such spaces by above grade signs was required when any particular space was reserved for the use of persons with disabilities. A sign or symbol painted or otherwise displayed on the pavement of a parking space shall not constitute an above grade sign. Any parking space not identified by an above grade sign shall not be a parking space reserved for the disabled within the meaning of this section.</section>
      <section prefix="B"> All above grade disabled parking space signs shall have the bottom edge of the sign no lower than four feet nor higher than seven feet above the parking surface. Such signs shall be designed and constructed in accordance with the provisions of the Uniform Statewide Building Code.</section>
      <section prefix="C"> Building owners shall install above grade signs identifying all parking spaces reserved for the use of persons with disabilities in accordance with this section and the applicable provisions of the Uniform Statewide Building Code by January 1, 1993.</section>
      <section prefix="D"> Effective July 1, 1998, all disabled parking signs shall include the following language: PENALTY, $ 100-500 Fine, TOW-AWAY ZONE. Such language may be placed on a separate sign and attached below existing above grade disabled parking signs, provided that the bottom edge of the attached sign is no lower than four feet above the parking surface.</section>
   </text>
</law>