<?xml version="1.0" encoding="utf-8"?>
<law xmlns:xs="http://www.w3.org/2001/XMLSchema" xmlns:orig="http://StatRev.xsd"
     xmlns:fn="http://localhost/">
   <structure>
      <unit label="title" identifier="53.1" level="1">Prisons And Other Methods Of Correction</unit>
      <unit label="chapter" identifier="3" level="2">Local Correctional Facilities</unit>
      <unit label="article" identifier="5" level="3">Regional Jails And Jail Farms</unit>
   </structure>
   <section_number>53.1-115</section_number>
   <catch_line>Payment of salaries of superintendents and medical and treatment personnel</catch_line>
   <history>Code 1950, § 53-206.12; 1970, c. 706; 1982, c. 636; 1983, c. 358.</history>
   <text>The Commonwealth shall pay two-thirds of the salaries of the superintendents and approved medical and treatment personnel of such jails. The other one-third shall be paid pro rata by the participating political subdivisions. Such salaries shall be paid in the manner provided in § 15.2-1609.2, and such section shall be applicable mutatis mutandis to superintendents of such jails.</text>
</law>