<?xml version="1.0" encoding="utf-8"?>
<law xmlns:xs="http://www.w3.org/2001/XMLSchema" xmlns:orig="http://StatRev.xsd"
     xmlns:fn="http://localhost/">
   <structure>
      <unit label="title" identifier="3.2" level="1">Agriculture, Animal Care, And Food</unit>
      <unit label="subtitle" identifier="V" level="2">Domestic Animals</unit>
      <unit label="chapter" identifier="65" level="3">Comprehensive Animal Care</unit>
      <unit label="article" identifier="10" level="4">Mandatory Sterilization Of Dogs And Cats Adopted From Releasing Agencies.</unit>
   </structure>
   <section_number>3.2-6576</section_number>
   <catch_line>Sterilization confirmation; civil penalty</catch_line>
   <history>1993, c. 959, § 3.1-796.126:3; 1999, cc. 627, 672; 2008, c. 860.</history>
   <text>Each new owner who signs a sterilization agreement shall, within seven days of the sterilization, cause to be delivered or mailed to the releasing agency written confirmation signed by the veterinarian who performed the sterilization. The confirmation shall briefly describe the dog or cat; include the new owner's name and address; certify that the sterilization was performed; and specify the date of the procedure. Any person who violates this section shall be subject to a civil penalty not to exceed $ 150.</text>
</law>