<?xml version="1.0" encoding="utf-8"?>
<law xmlns:xs="http://www.w3.org/2001/XMLSchema" xmlns:orig="http://StatRev.xsd"
     xmlns:fn="http://localhost/">
   <structure>
      <unit label="title" identifier="53.1" level="1">Prisons And Other Methods Of Correction</unit>
      <unit label="chapter" identifier="6" level="2">Commencement Of Terms; Credits And Allowances</unit>
      <unit label="article" identifier="2" level="3">Good Conduct Allowances For Persons Committed Prior To July 1, 1981</unit>
   </structure>
   <section_number>53.1-197.1</section_number>
   <catch_line>Limitation upon applicability of this article</catch_line>
   <history>1994, 2nd Sp. Sess., cc. 1, 2.</history>
   <text>The provisions of this article shall not apply to any sentence imposed upon a conviction of a felony offense committed on or after January 1, 1995.</text>
</law>