<?xml version="1.0" encoding="utf-8"?>
<law xmlns:xs="http://www.w3.org/2001/XMLSchema" xmlns:orig="http://StatRev.xsd"
     xmlns:fn="http://localhost/">
   <structure>
      <unit label="title" identifier="1" level="1">General Provisions</unit>
      <unit label="chapter" identifier="2.1" level="2">Common Law And Rules Of Construction</unit>
      <unit label="article" identifier="2" level="3">Rules Of Construction And Definitions</unit>
   </structure>
   <section_number>1-204</section_number>
   <catch_line>Age of majority</catch_line>
   <history>1972, cc. 824, 825, § 1-13.42; 2005, c. 839.</history>
   <text>For the purposes of all laws of the Commonwealth including common law, case law, and the acts of the General Assembly, unless an exception is specifically provided in this Code, a person shall be an adult, shall be of full age, and shall reach the age of majority when he becomes 18 years of age.</text>
</law>