<?xml version="1.0" encoding="utf-8"?>
<law xmlns:xs="http://www.w3.org/2001/XMLSchema" xmlns:orig="http://StatRev.xsd"
     xmlns:fn="http://localhost/">
   <structure>
      <unit label="title" identifier="58.1" level="1">Taxation</unit>
      <unit label="subtitle" identifier="III" level="2">Local Taxes</unit>
      <unit label="chapter" identifier="39" level="3">Enforcement, Collection, Refunds, Remedies And Review Of Local Taxes</unit>
      <unit label="article" identifier="2" level="4">Collection By Treasurers, Etc</unit>
   </structure>
   <section_number>58.1-3919.1</section_number>
   <catch_line>Use of private collectors by treasurers for the collection of delinquent local taxes</catch_line>
   <history>1987, c. 537; 1992, cc. 625, 683; 2006, c. 372; 2011, c. 383.</history>
   <text>Notwithstanding the provisions of § 58.1-3934, the treasurer in any county, city, or town, with the approval of the local governing body, may employ, upon such terms as may be agreed upon, the services of private collection agents to assist with the collection of any local taxes which remain delinquent for a period of three months or more and for which the appropriate statute of limitations has not yet run. Compensation for such services shall either be provided by the local governing body directly to such collection agents or by means of an expense in the treasurer's budget or shall be withheld by the agent from the amount collected. The treasurer shall be given credit for taxes collected for any compensation rightfully withheld by such collection agents.Prior to referring a delinquent account to a collection agent pursuant to this section, the treasurer shall have provided written notification of such delinquency by first-class mail to the taxpayer at such address as is contained in the tax records of the city or county or, if the treasurer has reason to believe the taxpayer's address as contained in such records is no longer current, at such other address, if any, as the treasurer may obtain from sources available to him pursuant to general law, including without limitation the Virginia Employment Commission, the Department of Motor Vehicles, or the Department of Taxation.</text>
</law>