<?xml version="1.0" encoding="utf-8"?>
<law xmlns:xs="http://www.w3.org/2001/XMLSchema" xmlns:orig="http://StatRev.xsd"
     xmlns:fn="http://localhost/">
   <structure>
      <unit label="title" identifier="15.2" level="1">Counties, Cities And Towns</unit>
      <unit label="subtitle" identifier="I" level="2">General Provisions; Charters; Other Forms And Organization Of Counties</unit>
      <unit label="chapter" identifier="7" level="3">County Manager Plan Of Government</unit>
      <unit label="article" identifier="2" level="4">General Powers; County Manager Plan</unit>
   </structure>
   <section_number>15.2-743</section_number>
   <catch_line>Fee for certain vacations, encroachments, and abandonments</catch_line>
   <history>1991, c. 143, § 15.1-687.21; 1997, c. 587; 2005, cc. 40, 84.</history>
   <text>A county may charge a fee for processing applications for vacations as provided for in § 15.2-2273, applications for encroachments as provided for in § 15.2-2012, and petitions for abandonments under § 33.2-917. The fee for processing such applications and petitions shall be, at the county's discretion, either the amount provided in § 15.2-2273, the amount provided in § 15.2-2012, or an amount not to exceed the county's demonstrable costs for such processing, which costs may include title examination and appraisal of the property that is the subject of the application or petition. In lieu of including such costs in the application fee, the county may require submission of a title examination and appraisal by the applicant or petitioner.</text>
</law>