<?xml version="1.0" encoding="utf-8"?>
<law xmlns:xs="http://www.w3.org/2001/XMLSchema" xmlns:orig="http://StatRev.xsd"
     xmlns:fn="http://localhost/">
   <structure>
      <unit label="title" identifier="8.2" level="1">Commercial Code -- Sales</unit>
      <unit label="part" identifier="5" level="2">Performance</unit>
   </structure>
   <section_number>8.2-506</section_number>
   <catch_line>Rights of financing agency</catch_line>
   <history>1964, c. 219; 2004, c. 200.</history>
   <text>
      <section prefix="(1"> A financing agency by paying or purchasing for value a draft which relates to a shipment of goods acquires to the extent of the payment or purchase and in addition to its own rights under the draft and any document of title securing it any rights of the shipper in the goods including the right to stop delivery and the shipper's right to have the draft honored by the buyer.</section>
      <section prefix="(2"> The right to reimbursement of a financing agency which has in good faith honored or purchased the draft under commitment to or authority from the buyer is not impaired by subsequent discovery of defects with reference to any relevant document which was apparently regular.</section>
   </text>
</law>