<?xml version="1.0" encoding="utf-8"?>
<law xmlns:xs="http://www.w3.org/2001/XMLSchema" xmlns:orig="http://StatRev.xsd"
     xmlns:fn="http://localhost/">
   <structure>
      <unit label="title" identifier="29.1" level="1">Game, Inland Fisheries And Boating</unit>
      <unit label="chapter" identifier="7" level="2">Boating Laws</unit>
      <unit label="article" identifier="3" level="3">Boating Safety</unit>
   </structure>
   <section_number>29.1-741</section_number>
   <catch_line>Furnishing information to agency of United States</catch_line>
   <history>1960, c. 500, § 62-174.12; 1968, c. 659, § 62.1-178; 1987, c. 488.</history>
   <text>In accordance with any request duly made by an authorized official or agency of the United States, any information compiled or otherwise available to the Department pursuant to subsection B of § 29.1-739 shall be transmitted to the official or agency of the United States.</text>
</law>