<?xml version="1.0" encoding="utf-8"?>
<law xmlns:xs="http://www.w3.org/2001/XMLSchema" xmlns:orig="http://StatRev.xsd"
     xmlns:fn="http://localhost/">
   <structure>
      <unit label="title" identifier="40.1" level="1">Labor And Employment</unit>
      <unit label="chapter" identifier="3" level="2">Protection Of Employees</unit>
      <unit label="article" identifier="5" level="3">Safety Provisions</unit>
   </structure>
   <section_number>40.1-51.4:1</section_number>
   <catch_line>Confidentiality of trade secrets</catch_line>
   <history>1976, c. 607; 1994, c. 28.</history>
   <text>All information reported to or otherwise obtained by the Commissioner or his authorized representative in connection with any inspection or proceeding under this title which contains or which might reveal a trade secret referred to in § 1905 of Title 18 of the United States Code shall be considered confidential for the purpose of that section, except that such information may be disclosed to the Commissioner or his authorized representatives concerned with carrying out any provisions of this title or any proceeding under the aforementioned title. In any such proceeding, the court, the Safety and Health Codes Board or the Commissioner shall issue such orders as may be appropriate to protect the confidentiality of trade secrets.</text>
</law>