<?xml version="1.0" encoding="utf-8"?>
<law xmlns:xs="http://www.w3.org/2001/XMLSchema" xmlns:orig="http://StatRev.xsd"
     xmlns:fn="http://localhost/">
   <structure>
      <unit label="title" identifier="13.1" level="1">Corporations</unit>
      <unit label="chapter" identifier="10" level="2">Virginia Nonstock Corporation Act</unit>
      <unit label="article" identifier="13" level="3">Dissolution</unit>
   </structure>
   <section_number>13.1-908.2</section_number>
   <catch_line>Court proceedings</catch_line>
   <history>2007, c. 925.</history>
   <text>
      <section prefix="A"> A dissolved corporation that has published a notice under § 13.1-908.1 may file an application with the circuit court of the city or county where the dissolved corporation's principal office, or, if none in the Commonwealth, its registered office, is or was last located for a determination of the amount and form of security to be provided for payment of claims that are contingent or have not been made known to the dissolved corporation or that are based on an event occurring after the effective date of dissolution but that, based on the facts known to the dissolved corporation, are reasonably estimated to arise after the effective date of dissolution. Provision need not be made for any claim that is or is reasonably anticipated to be barred under subsection C of § 13.1-908.1.</section>
      <section prefix="B"> Within 10 days after the filing of the application, notice of the proceeding shall be given by the dissolved corporation to each claimant holding a contingent claim whose contingent claim is shown on the records of the dissolved corporation.</section>
      <section prefix="C"> The court may appoint a guardian ad litem to represent all claimants whose identities are unknown in any proceeding brought under this section. The reasonable fees and expenses of such guardian, including all reasonable expert witness fees, shall be paid by the dissolved corporation.</section>
      <section prefix="D"> Provision by the dissolved corporation for security in the amount and the form ordered by the court under subsection A shall satisfy the dissolved corporation's obligations with respect to claims that do not meet the definition of a claim in subsection D of § 13.1-908, and such claims may not be enforced against a member who received assets in liquidation.</section>
   </text>
</law>