<?xml version="1.0" encoding="utf-8"?>
<law xmlns:xs="http://www.w3.org/2001/XMLSchema" xmlns:orig="http://StatRev.xsd"
     xmlns:fn="http://localhost/">
   <structure>
      <unit label="title" identifier="29.1" level="1">Game, Inland Fisheries And Boating</unit>
      <unit label="chapter" identifier="3" level="2">Licenses</unit>
      <unit label="article" identifier="1" level="3">Hunting, Trapping And Fishing Licenses</unit>
   </structure>
   <section_number>29.1-305.2</section_number>
   <catch_line>Special fox hunting licenses</catch_line>
   <history>2014, c. 798.</history>
   <text>There shall be a special license for hunting foxes on horseback with hounds but without firearms. The special license shall exempt the licensee from the hunter education requirement of § 29.1-300.1. The fee for the special license shall be the same as any license required by § 29.1-303 and shall be subject to subsequent revision by the Board pursuant to § 29.1-103. This special license shall not be required of any person holding a hunting license required by § 29.1-303.</text>
</law>