<?xml version="1.0" encoding="utf-8"?>
<law xmlns:xs="http://www.w3.org/2001/XMLSchema" xmlns:orig="http://StatRev.xsd"
     xmlns:fn="http://localhost/">
   <structure>
      <unit label="title" identifier="58.1" level="1">Taxation</unit>
      <unit label="subtitle" identifier="III" level="2">Local Taxes</unit>
      <unit label="chapter" identifier="32" level="3">Real Property Tax</unit>
      <unit label="article" identifier="14" level="4">Boards Of Equalization</unit>
   </structure>
   <section_number>58.1-3386</section_number>
   <catch_line>Power of boards to send for persons and papers</catch_line>
   <history>Code 1950, § 58-911; 1984, c. 675.</history>
   <text>Such board shall have authority to summon taxpayers or their agents, or any person: (1) to furnish information relating to the real estate of any and all taxpayers, (2) to answer, under oath, all questions touching the ownership and value of real estate of any and all taxpayers, and (3) to bring before it their books of account or other papers and records containing information with respect to the valuation of real estate of the taxpayer or any other real estate subject to taxation within the county or city under review by the board. Such summons may be served in person or by registered mail.</text>
</law>