<?xml version="1.0" encoding="utf-8"?>
<law xmlns:xs="http://www.w3.org/2001/XMLSchema" xmlns:orig="http://StatRev.xsd"
     xmlns:fn="http://localhost/">
   <structure>
      <unit label="title" identifier="50" level="1">Partnerships</unit>
      <unit label="chapter" identifier="2.1" level="2">Virginia Revised Uniform Limited Partnership Act</unit>
      <unit label="article" identifier="9" level="3">Foreign Limited Partnerships</unit>
   </structure>
   <section_number>50-73.57</section_number>
   <catch_line>Amendments; amended applications for registration</catch_line>
   <history>1985, c. 607; 1993, c. 292; 2003, c. 370; 2008, c. 586.</history>
   <text>
      <section prefix="A"> Whenever the certificate of limited partnership or, if there is no such certificate, partnership agreement or other constituent document of a foreign limited partnership that is registered to transact business in the Commonwealth is amended or corrected, the foreign limited partnership shall promptly file with the Commission a copy of the amendment or correction duly authenticated by the Secretary of State or other official having custody of the limited partnership records in the state or other jurisdiction of its formation.</section>
      <section prefix="B"> If any statement in the application for registration of a foreign limited partnership was false when made or any arrangements or other facts described have changed, making the application inaccurate in any respect, the foreign limited partnership shall promptly file with the Commission an amended application for registration, executed by a general partner, amending such statement or information. The amended application for registration shall be made on a form prescribed and furnished by the Commission.</section>
   </text>
</law>