<?xml version="1.0" encoding="utf-8"?>
<law xmlns:xs="http://www.w3.org/2001/XMLSchema" xmlns:orig="http://StatRev.xsd"
     xmlns:fn="http://localhost/">
   <structure>
      <unit label="title" identifier="3.2" level="1">Agriculture, Animal Care, And Food</unit>
      <unit label="subtitle" identifier="II" level="2">Boards, Councils, Foundations, And Commissions</unit>
      <unit label="part" identifier="B" level="3">Commodity Boards</unit>
      <unit label="chapter" identifier="20" level="4">Pork Industry Board</unit>
   </structure>
   <section_number>3.2-2009</section_number>
   <catch_line>Falsification of records; misdemeanor</catch_line>
   <history>Code 1950, § 3-598.18; 1966, c. 658, § 3.1-763.12; 2008, c. 860.</history>
   <text>
      <section prefix="">It is a Class 1 misdemeanor:<section prefix="1"> For any person knowingly to report falsely the number of slaughter hogs and feeder pigs subject to tax bought or handled by him during any period.</section>
         <section prefix="2"> For any person to falsify the records of the slaughter hogs and feeder pigs subject to tax bought or handled by him.</section>
         <section prefix="3"> For any person to fail to file the report, or to fail to keep the records as required by this chapter.</section>
      </section>
   </text>
</law>