<?xml version="1.0" encoding="utf-8"?>
<law xmlns:xs="http://www.w3.org/2001/XMLSchema" xmlns:orig="http://StatRev.xsd"
     xmlns:fn="http://localhost/">
   <structure>
      <unit label="title" identifier="33.2" level="1">Highways And Other Surface Transportation Systems</unit>
      <unit label="subtitle" identifier="II" level="2">Modes Of Transportation: Highways, Bridges, Ferries, Rail, And Public Transportation</unit>
      <unit label="chapter" identifier="9" level="3">Abandonment And Discontinuance Of Highways And Roads</unit>
      <unit label="article" identifier="4" level="4">Abandonment Of Highways For Flooding Secondary Highways In Connection With Municipal Water Supply Projects</unit>
   </structure>
   <section_number>33.2-930</section_number>
   <catch_line>Acquisition of lands for relocation</catch_line>
   <history>Code 1950, § 33-85; 1970, c. 322, § 33.1-171; 2014, c. 805.</history>
   <text>Upon the approval of plans and specifications by the Commissioner of Highways, the city or town shall, solely at its own expense and in the name of the Commonwealth, acquire either by purchase or condemnation the right-of-way necessary to construct the highway on the new location as shown by the plans approved by the Commissioner of Highways. In the event of condemnation, the proceedings shall be instituted in the name of the city or town and shall conform to the proceedings that would be applicable if they had been instituted by the Commissioner of Highways. However, when the award has been paid, the title to the lands acquired in the proceedings shall vest in the Commonwealth in the same manner as if the Commissioner of Highways had instituted and conducted the proceedings and had paid the award.</text>
</law>