<?xml version="1.0" encoding="utf-8"?>
<law xmlns:xs="http://www.w3.org/2001/XMLSchema" xmlns:orig="http://StatRev.xsd"
     xmlns:fn="http://localhost/">
   <structure>
      <unit label="title" identifier="36" level="1">Housing</unit>
      <unit label="chapter" identifier="4" level="2">Industrialized Building Safety Law</unit>
   </structure>
   <section_number>36-75</section_number>
   <catch_line>Amendment, etc., and annual review of rules and regulations</catch_line>
   <history>Code 1950, § 12-73; 1970, c. 305; 1971, Ex. Sess., c. 103; 1975, c. 250; 1977, c. 613; 1979, c. 489; 1986, c. 37.</history>
   <text>The Board may modify, amend or repeal any rules or regulations as the public interest requires.The Administrator shall make an annual review of the rules and regulations, considering the housing needs and supply in the Commonwealth and factors that tend to impede or might improve the availability of housing for all citizens of the Commonwealth and shall recommend to the Board such modifications, amendments or repeal as deemed necessary.</text>
</law>