<?xml version="1.0" encoding="utf-8"?>
<law xmlns:xs="http://www.w3.org/2001/XMLSchema" xmlns:orig="http://StatRev.xsd"
     xmlns:fn="http://localhost/">
   <structure>
      <unit label="title" identifier="58.1" level="1">Taxation</unit>
      <unit label="subtitle" identifier="I" level="2">Taxes Administered By The Department Of Taxation</unit>
      <unit label="chapter" identifier="17" level="3">Miscellaneous Taxes</unit>
      <unit label="article" identifier="3" level="4">Tax On Wills And Administrations</unit>
   </structure>
   <section_number>58.1-1712</section_number>
   <catch_line>Levy; rate of tax</catch_line>
   <history>Code 1950, § 58-66; 1973, c. 282; 1984, c. 675; 1985, c. 474; 1988, c. 292; 1989, c. 387; 1998, c. 117; 2003, c. 195.</history>
   <text>A tax is hereby imposed on the probate of every will or grant of administration not exempt by law. The tax shall be based on the value of the estate as determined in § 58.1-1713. For every $ 100 of value, or fraction of $ 100, a tax of 10 cent(s) is imposed. However, the tax imposed by this section shall not apply to decedents' estates of $ 15,000 or less in value.</text>
</law>