<?xml version="1.0" encoding="utf-8"?>
<law xmlns:xs="http://www.w3.org/2001/XMLSchema" xmlns:orig="http://StatRev.xsd"
     xmlns:fn="http://localhost/">
   <structure>
      <unit label="title" identifier="46.2" level="1">Motor Vehicles</unit>
      <unit label="subtitle" identifier="II" level="2">Titling, Registration And Licensure</unit>
      <unit label="chapter" identifier="6" level="3">Titling And Registration Of Motor Vehicles</unit>
      <unit label="article" identifier="2" level="4">Titling Vehicles</unit>
   </structure>
   <section_number>46.2-636.1</section_number>
   <catch_line>Security interests in farm tractors and special construction and forestry equipment</catch_line>
   <history>2010, c. 135.</history>
   <text>A financing statement, as defined in § 8.9A-102, must be filed to perfect all security interests in farm tractors and special construction and forestry equipment, as defined in § 46.2-100. No other provisions of this chapter pertaining to security interests shall apply to these motor vehicles.</text>
</law>