<?xml version="1.0" encoding="utf-8"?>
<law xmlns:xs="http://www.w3.org/2001/XMLSchema" xmlns:orig="http://StatRev.xsd"
     xmlns:fn="http://localhost/">
   <structure>
      <unit label="title" identifier="52" level="1">Police (state)</unit>
      <unit label="chapter" identifier="6" level="2">Uniform Crime Reporting Program</unit>
   </structure>
   <section_number>52-28.1</section_number>
   <catch_line>Reporting of gang-related criminal information; inclusion in annual Crime in Virginia report</catch_line>
   <history>2008, c. 746.</history>
   <text>The Department of State Police shall include arrest statistics for violations of §§ 18.2-46.2, 18.2-46.3, 18.2-46.3:1, 18.2-46.3:3, and 18.2-55.1 in the annual Crime in Virginia report.</text>
</law>