<?xml version="1.0" encoding="utf-8"?>
<law xmlns:xs="http://www.w3.org/2001/XMLSchema" xmlns:orig="http://StatRev.xsd"
     xmlns:fn="http://localhost/">
   <structure>
      <unit label="title" identifier="18.2" level="1">Crimes And Offenses Generally</unit>
      <unit label="chapter" identifier="6" level="2">Crimes Involving Fraud</unit>
      <unit label="article" identifier="7" level="3">Miscellaneous False And Fraudulent Acts</unit>
   </structure>
   <section_number>18.2-207</section_number>
   <catch_line>Making false entry, etc., in marriage register, etc</catch_line>
   <history>Code 1950, § 18.1-98; 1960, c. 358; 1975, cc. 14, 15.</history>
   <text>If any clerk of a court, commissioner of the revenue, physician, surgeon, medical examiner or minister celebrating a marriage, or clerk or keeper of the records of any religious society, shall, in any book, register, record, certificate or copy which such person is by Title 20 (§ 20-13 et seq.) required to keep, make, or give, knowingly make any false, erroneous, or fraudulent entry, record, registration, or written statement, he shall, for every such offense, be guilty of a Class 3 misdemeanor.</text>
</law>