<?xml version="1.0" encoding="utf-8"?>
<law xmlns:xs="http://www.w3.org/2001/XMLSchema" xmlns:orig="http://StatRev.xsd"
     xmlns:fn="http://localhost/">
   <structure>
      <unit label="title" identifier="24.2" level="1">Elections</unit>
      <unit label="chapter" identifier="6" level="2">The Election</unit>
      <unit label="article" identifier="4" level="3">Conduct Of Election; Election Results</unit>
   </structure>
   <section_number>24.2-645</section_number>
   <catch_line>Defaced printed ballots</catch_line>
   <history>Code 1950, § 24-238; 1970, c. 462, § 24.1-130; 1987, c. 349; 1993, c. 641; 2014, cc. 540, 576.</history>
   <text>If any printed ballot is unintentionally or accidentally defaced and rendered unfit for voting, the voter may deliver the defaced ballot to the officer of election and receive another. The returned ballot shall be marked spoiled by the officer of election and placed in the spoiled ballot envelope.</text>
</law>