<?xml version="1.0" encoding="utf-8"?>
<law xmlns:xs="http://www.w3.org/2001/XMLSchema" xmlns:orig="http://StatRev.xsd"
     xmlns:fn="http://localhost/">
   <structure>
      <unit label="title" identifier="46.2" level="1">Motor Vehicles</unit>
      <unit label="subtitle" identifier="II" level="2">Titling, Registration And Licensure</unit>
      <unit label="chapter" identifier="6" level="3">Titling And Registration Of Motor Vehicles</unit>
      <unit label="article" identifier="10" level="4">Special License Plates</unit>
   </structure>
   <section_number>46.2-747.1</section_number>
   <catch_line>Repealed</catch_line>
   <history/>
   <text>Repealed by Acts 2002, c. 90, cl. 2.</text>
</law>