<?xml version="1.0" encoding="utf-8"?>
<law xmlns:xs="http://www.w3.org/2001/XMLSchema" xmlns:orig="http://StatRev.xsd"
     xmlns:fn="http://localhost/">
   <structure>
      <unit label="title" identifier="2.2" level="1">Administration Of Government</unit>
      <unit label="subtitle" identifier="I" level="2">Organization Of State Government</unit>
      <unit label="part" identifier="D" level="3">State Authorities, Boards, Commissions, Councils, Foundations And Other Collegial Bodies</unit>
      <unit label="chapter" identifier="22" level="4">Authorities</unit>
      <unit label="article" identifier="8" level="5">Virginia Tourism Authority</unit>
   </structure>
   <section_number>2.2-2319</section_number>
   <catch_line>Cooperative Marketing Fund</catch_line>
   <history>1999, cc. 852, 881, § 2.1-548.60; 2001, c. 844; 2002, c. 442; 2013, c. 547.</history>
   <text>
      <section prefix="A"> There is established the Cooperative Marketing Fund (Marketing Fund) for the purpose of encouraging, stimulating, and supporting the tourism segment of the economy of the Commonwealth and the direct and indirect benefits that flow from the success of such industry. To create the public-private partnership envisioned by such Marketing Fund, the Marketing Fund shall be established out of the sums appropriated by the General Assembly for the purpose of matching private funds to be used for the promotion, marketing, and advertising of the Commonwealth's many tourist attractions and locations. Proposals shall be eligible for matching grant funds under this section only if they promote, benefit, market and advertise locations or destinations that are (i) solely within the territorial limits of the Commonwealth or (ii) in both the Commonwealth and any adjoining state, in which instance the matching grant funds should be used to promote locations and destinations located within the territorial limits of the Commonwealth. The funds made available in the appropriations act for the Marketing Fund shall be administered and managed by the Authority.</section>
      <section prefix="B"> In the event more than one person seeks to take advantage of the benefits conferred by this section and the Marketing Fund is insufficient to accommodate all such requests, the matching formula shall be adjusted, to the extent practicable, to afford each request for which there is a valid public purpose an equitable share.</section>
      <section prefix="C"> All persons seeking to receive or qualify for such matching funds shall apply to the Authority in January of the year preceding the fiscal year for which funds are sought, and to the extent the Governor concurs in such funding request, it shall be reflected in the Governor's Budget Bill filed pursuant to § 2.2-1509. The application shall set forth the applicant's proposals in detail. The Authority shall develop guidelines setting forth the criteria it will weigh in considering such applications; such guidelines may indicate a preference for proposals submitted by nonprofit organizations. The guidelines may require that as a condition of receiving any grant or other incentive that is based on employment goals, a recipient company must provide copies of employer quarterly payroll reports provided to the Virginia Employment Commission to verify the employment status of any position included in the employment goal.</section>
   </text>
</law>