<?xml version="1.0" encoding="utf-8"?>
<law xmlns:xs="http://www.w3.org/2001/XMLSchema" xmlns:orig="http://StatRev.xsd"
     xmlns:fn="http://localhost/">
   <structure>
      <unit label="title" identifier="46.2" level="1">Motor Vehicles</unit>
      <unit label="subtitle" identifier="III" level="2">Operation</unit>
      <unit label="chapter" identifier="10" level="3">Motor Vehicle And Equipment Safety</unit>
      <unit label="article" identifier="3" level="4">Lights And Turn Signals</unit>
   </structure>
   <section_number>46.2-1029.2</section_number>
   <catch_line>Certain vehicles may be equipped with secondary warning lights</catch_line>
   <history>2003, c. 115; 2015, cc. 502, 503.</history>
   <text>In addition to other lights authorized by this article, any (i) fire apparatus, (ii) government-owned vehicle operated on official business by a local fire chief or other local fire official, and (iii) emergency medical services vehicle may be equipped with alternating, blinking, or flashing red or red and white secondary warning lights mounted inside the vehicle's taillights or marker lights of a type approved by the Superintendent of State Police.</text>
</law>