<?xml version="1.0" encoding="utf-8"?>
<law xmlns:xs="http://www.w3.org/2001/XMLSchema" xmlns:orig="http://StatRev.xsd"
     xmlns:fn="http://localhost/">
   <structure>
      <unit label="title" identifier="18.2" level="1">Crimes And Offenses Generally</unit>
      <unit label="chapter" identifier="7" level="2">Crimes Involving Health And Safety</unit>
      <unit label="article" identifier="8" level="3">Miscellaneous Dangerous Conduct</unit>
   </structure>
   <section_number>18.2-312</section_number>
   <catch_line>Illegal use of tear gas, phosgene and other gases</catch_line>
   <history>Code 1950, § 18.1-70; 1960, c. 358; 1975, cc. 14, 15.</history>
   <text>If any person maliciously release or cause or procure to be released in any private home, place of business or place of public gathering any tear gas, mustard gas, phosgene gas or other noxious or nauseating gases or mixtures of chemicals designed to, and capable of, producing vile or injurious or nauseating odors or gases, and bodily injury results to any person from such gas or odor, the offending person shall be guilty of a Class 3 felony.If such act be done unlawfully, but not maliciously, the offending person shall be guilty of a Class 6 felony.Nothing herein contained shall prevent the use of tear gas or other gases by police officers or other peace officers in the proper performance of their duties, or by any person or persons in the protection of person, life or property.</text>
</law>