<?xml version="1.0" encoding="utf-8"?>
<law xmlns:xs="http://www.w3.org/2001/XMLSchema" xmlns:orig="http://StatRev.xsd"
     xmlns:fn="http://localhost/">
   <structure>
      <unit label="title" identifier="58.1" level="1">Taxation</unit>
      <unit label="subtitle" identifier="I" level="2">Taxes Administered By The Department Of Taxation</unit>
      <unit label="chapter" identifier="3" level="3">Income Tax</unit>
      <unit label="article" identifier="3" level="4">Tax Credits For Individuals</unit>
   </structure>
   <section_number>58.1-335</section_number>
   <catch_line>Repealed</catch_line>
   <history/>
   <text>Repealed by Acts 1990, c. 875, effective for taxable years beginning on and after January 1, 1990.</text>
</law>