<?xml version="1.0" encoding="utf-8"?>
<law xmlns:xs="http://www.w3.org/2001/XMLSchema" xmlns:orig="http://StatRev.xsd"
     xmlns:fn="http://localhost/">
   <structure>
      <unit label="title" identifier="51.1" level="1">Pensions, Benefits, And Retirement</unit>
      <unit label="chapter" identifier="11.1" level="2">Disability Program For Hybrid Retirement Program Participants</unit>
      <unit label="article" identifier="3" level="3">Work-related Disability Benefits.</unit>
   </structure>
   <section_number>51.1-1164</section_number>
   <catch_line>Successive periods of short-term disability</catch_line>
   <history>2012, cc. 701, 823; 2013, c. 463.</history>
   <text>
      <section prefix="A"> A participating employee's disability, which is related or due to the same cause or causes as a prior disability for which supplemental short-term disability benefits were paid, shall be deemed to be a continuation of the prior disability if the employee (i) is eligible for benefits payable under the Act, whether or not he is receiving such benefits, and (ii) returns to his position on an active employment basis for less than 45 consecutive calendar days. If a participating employee, after receiving short-term disability benefits, immediately returns to work for less than 45 consecutive calendar days and cannot continue to work, the days worked shall be deemed to have interrupted the short-term disability benefits period, and such days worked shall not be counted for purposes of determining the maximum period for which the participating employee is eligible to receive short-term disability benefits. Days of work arranged pursuant to vocational, rehabilitation, or return-to-work programs shall not be counted in determining the duration of the period of the employee's return to work.</section>
      <section prefix="B"> If a participating employee returns to his position on an active employment basis for 45 consecutive calendar days or longer, any succeeding period of disability shall constitute a new period of short-term disability.</section>
      <section prefix="C"> The period of 45 days referred to in subsections A and B shall be consecutive calendar days that the participating employee is (i) actively at work and (ii) fully released to return to work full time, full duty. The Retirement System shall develop policies and procedures to administer the effects of the 45-day period in connection with participants who are deemed to have a major chronic condition.</section>
   </text>
</law>