<?xml version="1.0" encoding="utf-8"?>
<law xmlns:xs="http://www.w3.org/2001/XMLSchema" xmlns:orig="http://StatRev.xsd"
     xmlns:fn="http://localhost/">
   <structure>
      <unit label="title" identifier="55" level="1">Property And Conveyances</unit>
      <unit label="chapter" identifier="13.3" level="2">Manufactured Home Lot Rental Act</unit>
   </structure>
   <section_number>55-248.44</section_number>
   <catch_line>Tenant's obligations</catch_line>
   <history>1975, c. 535; 1992, c. 709.</history>
   <text>
      <section prefix="">In addition to the provisions of the rental agreement, the tenant shall:<section prefix="1"> Comply with applicable laws affecting manufactured home owners and lessors;</section>
         <section prefix="2"> Keep and maintain the exterior of his manufactured home and his manufactured home lot as clean and safe as conditions permit;</section>
         <section prefix="3"> Place all garbage and other waste in the appropriate receptacles, which shall be provided by the tenant when door to door garbage and waste pickup is provided;</section>
         <section prefix="4"> Use in a reasonable and orderly manner all facilities and appliances in the manufactured home park, and require other persons on the premises with his consent to do so;</section>
         <section prefix="5"> Conduct himself and require other persons on the premises with his consent to conduct themselves in a manner that will not disturb his neighbors' peaceful enjoyment of the premises;</section>
         <section prefix="6"> Abide by all reasonable rules and regulations imposed by the landlord; and</section>
         <section prefix="7"> In the absence of express written agreement to the contrary, occupy his manufactured home only as a dwelling unit.</section>
      </section>
   </text>
</law>