<?xml version="1.0" encoding="utf-8"?>
<law xmlns:xs="http://www.w3.org/2001/XMLSchema" xmlns:orig="http://StatRev.xsd"
     xmlns:fn="http://localhost/">
   <structure>
      <unit label="title" identifier="33.2" level="1">Highways And Other Surface Transportation Systems</unit>
      <unit label="subtitle" identifier="II" level="2">Modes Of Transportation: Highways, Bridges, Ferries, Rail, And Public Transportation</unit>
      <unit label="chapter" identifier="10" level="3">Eminent Domain</unit>
      <unit label="article" identifier="1" level="4">Eminent Domain And Damages</unit>
   </structure>
   <section_number>33.2-1024</section_number>
   <catch_line>Reformation, alteration, revision, amendment, or invalidation of certificate</catch_line>
   <history>Code 1950, § 33-70.7; 1958, c. 581; 1968, c. 313; 1970, c. 322, § 33.1-125; 1993, c. 35; 2014, c. 805; 2015, c. 256.</history>
   <text>Upon the recordation of such certificate, no reformation, alteration, revision, amendment, or invalidation shall be made for any purpose without the prior consent of the court wherein such certificate is recorded. The court shall have jurisdiction to reform, alter, revise, amend, or invalidate in whole or in part any certificate; to correct mistakes in the description of the property affected by such certificate; to correct the name of the owner in the certificate; to correct any other error that may exist with respect to such certificate; or for any other purpose. A petition filed by the Commissioner of Highways with the court setting forth any error made in such certificate, or the necessity of any change therein, shall be deemed sufficient basis for the reformation, alteration, revision, amendment, or invalidation in whole or in part of such certificate. The court may enter an order permitting the reformation, alteration, revision, amendment, or invalidation in whole or in part, and such order, together with any revised certificate that may be necessary, shall be recorded in the current deed book. The filing of any certificate pursuant to the provisions of this section shall not alter the date of taking as established by the filing of the original certificate pursuant to § 33.2-1021 as to any land that is included in the amended certificate, and no such amended certificate shall include any land not in the original certificate. Nothing in this section shall be construed to prohibit or preclude any person damaged thereby from showing in the proper proceeding the damage suffered by reason of such mistake or the invalidation of a certificate of deposit as provided in this section.</text>
</law>