<?xml version="1.0" encoding="utf-8"?>
<law xmlns:xs="http://www.w3.org/2001/XMLSchema" xmlns:orig="http://StatRev.xsd"
     xmlns:fn="http://localhost/">
   <structure>
      <unit label="title" identifier="64.2" level="1">Wills, Trusts, And Fiduciaries</unit>
      <unit label="subtitle" identifier="V" level="2">Provisions Applicable To Probate And Nonprobate Transfers.</unit>
      <unit label="chapter" identifier="22" level="3">Uniform Simultaneous Death Act</unit>
   </structure>
   <section_number>64.2-2208</section_number>
   <catch_line>Effective date</catch_line>
   <history>1994, c. 475, § 64.1-104.9; 2012, c. 614.</history>
   <text>An act done before July 1, 1994, in any proceeding and any accrued right is not impaired by this chapter. If a right is acquired, extinguished, or barred upon the expiration of a prescribed period of time that has commenced to run by the provisions of any statute before July 1, 1994, the provisions remain in force with respect to that right.Any rule of construction or presumption provided in this chapter applies to instruments executed and multiple-party accounts opened before July 1, 1994, unless there is a clear indication of a contrary intent.</text>
</law>