<?xml version="1.0" encoding="utf-8"?>
<law xmlns:xs="http://www.w3.org/2001/XMLSchema" xmlns:orig="http://StatRev.xsd"
     xmlns:fn="http://localhost/">
   <structure>
      <unit label="title" identifier="50" level="1">Partnerships</unit>
      <unit label="chapter" identifier="2.1" level="2">Virginia Revised Uniform Limited Partnership Act</unit>
      <unit label="article" identifier="2" level="3">Formation: Certificate Of Limited Partnership</unit>
   </structure>
   <section_number>50-73.20</section_number>
   <catch_line>Delivery of certificates to limited partners</catch_line>
   <history>1985, c. 607; 1987, c. 702; 1991, c. 434.</history>
   <text>Upon the filing with the clerk of the Commission, pursuant to § 50-73.17, of a certificate, the general partners shall promptly deliver or mail a true copy of the certificate of limited partnership to each limited partner unless the partnership agreement provides otherwise.</text>
</law>