<?xml version="1.0" encoding="utf-8"?>
<law xmlns:xs="http://www.w3.org/2001/XMLSchema" xmlns:orig="http://StatRev.xsd"
     xmlns:fn="http://localhost/">
   <structure>
      <unit label="title" identifier="22.1" level="1">Education</unit>
      <unit label="chapter" identifier="13" level="2">Programs, Courses Of Instruction And Textbooks</unit>
      <unit label="article" identifier="1" level="3">Programs And Courses Of Instruction Generally</unit>
   </structure>
   <section_number>22.1-207</section_number>
   <catch_line>Physical and health education</catch_line>
   <history>Code 1950, §§ 22-237, 22-243; 1980, c. 559; 1991, c. 178.</history>
   <text>Physical and health education shall be emphasized throughout the public school curriculum by lessons, drills and physical exercises, and all pupils in the public elementary, middle, and high schools shall receive as part of the educational program such health instruction and physical training as shall be prescribed by the Board of Education and approved by the State Board of Health.</text>
</law>