<?xml version="1.0" encoding="utf-8"?>
<law xmlns:xs="http://www.w3.org/2001/XMLSchema" xmlns:orig="http://StatRev.xsd"
     xmlns:fn="http://localhost/">
   <structure>
      <unit label="title" identifier="10.1" level="1">Conservation</unit>
      <unit label="subtitle" identifier="I" level="2">Activities Administered By The Department Of Conservation And Recreation</unit>
      <unit label="chapter" identifier="1" level="3">General Provisions</unit>
      <unit label="article" identifier="3" level="4">Disposition Of Department Lands</unit>
   </structure>
   <section_number>10.1-114</section_number>
   <catch_line>Commemorative facilities and historic sites management; duties of Director</catch_line>
   <history>1989, c. 656; 2003, c. 940.</history>
   <text>
      <section prefix="">In order to further public understanding and appreciation of the persons, places and events that contributed substantially to the development and enhancement of our Commonwealth's and nation's democratic and social values and ideals and in order to encourage, stimulate and support the identification, protection, preservation and rehabilitation of the Department's significant historic, architectural and archaeological sites, the Director has the following duties:<section prefix="1"> To ensure that Departmental historical and cultural facilities are suitable for public, patriotic, educational and recreational assemblies and events;</section>
         <section prefix="2"> To plan, establish, construct, operate, maintain and manage historic museums, commemorative memorials and other facilities as directed by acts of the General Assembly;</section>
         <section prefix="3"> To acquire lands, property and structures deemed necessary to the purposes of this chapter by purchase, lease, gift, devise or condemnation proceedings. The title to land and property acquired shall be in the name of the Commonwealth. In the exercise of the power of eminent domain granted under this section, the Director may proceed in the manner provided in Chapter 3 (§ 25.1-300 et seq.) of Title 25.1; and</section>
         <section prefix="4"> To lease acquired property to any person, association, firm or corporation for terms and conditions determined by the Director with the Governor's consent.</section>
      </section>
   </text>
</law>