<?xml version="1.0" encoding="utf-8"?>
<law xmlns:xs="http://www.w3.org/2001/XMLSchema" xmlns:orig="http://StatRev.xsd"
     xmlns:fn="http://localhost/">
   <structure>
      <unit label="title" identifier="45.1" level="1">Mines And Mining</unit>
      <unit label="chapter" identifier="19" level="2">Virginia Coal Surface Mining Control And Reclamation Act Of 1979</unit>
      <unit label="article" identifier="4" level="3">Abandoned Mine Reclamation</unit>
   </structure>
   <section_number>45.1-261</section_number>
   <catch_line>Abandoned Mine Reclamation Fund</catch_line>
   <history>1979, c. 290.</history>
   <text>
      <section prefix="A"> There is hereby created in the State Treasurer's office a special fund to be known as the Abandoned Mine Reclamation Fund, referred to in this article as the fund, which shall be administered by the Director.</section>
      <section prefix="B"> The fund shall consist of deposits, made from time to time, of:<section prefix="1"> Amounts granted by the Secretary for purposes of conducting the approved State Reclamation Plan and annual reclamation projects;</section>
         <section prefix="2"> Use fees charged for uses of lands acquired or reclaimed pursuant to this article, after expenditures for maintenance have been deducted;</section>
         <section prefix="3"> Moneys recovered through the satisfaction of liens filed against privately owned land pursuant to this article;</section>
         <section prefix="4"> Moneys recovered from sale of lands acquired by the Director pursuant to this article;</section>
         <section prefix="5"> Donations made for the purposes of this article and other moneys made available or appropriated to the Director for such purposes.</section>
      </section>
      <section prefix="C"> Moneys deposited in the fund shall be used to carry out the State Reclamation Program as approved by the Secretary.</section>
   </text>
</law>