<?xml version="1.0" encoding="utf-8"?>
<law xmlns:xs="http://www.w3.org/2001/XMLSchema" xmlns:orig="http://StatRev.xsd"
     xmlns:fn="http://localhost/">
   <structure>
      <unit label="title" identifier="65.2" level="1">Workers' Compensation</unit>
      <unit label="chapter" identifier="10" level="2">Administrative Fund And Tax Therefor</unit>
   </structure>
   <section_number>65.2-1004</section_number>
   <catch_line>Withdrawal from business or failure to pay tax</catch_line>
   <history>Code 1950, § 65-124; 1968, c. 660, § 65.1-133; 1991, c. 355.</history>
   <text>If any such insurance carrier shall withdraw from business in this Commonwealth before the tax shall fall due, as herein provided, or shall fail or neglect to pay such tax, the Comptroller shall at once proceed to collect the same and may employ such legal process as may be necessary for that purpose, and when so collected he shall pay the same into the state treasury. The suit may be brought by the Comptroller, in his official capacity, in any court of this Commonwealth having jurisdiction.  A reasonable attorney's fee may be taxed as costs therein and process may issue to any county of the Commonwealth and may be served as in civil actions, or in the case of an unincorporated association, partnership, interindemnity contract or other plan or scheme, upon any agent of the parties thereto upon whom process may be served under the laws of this Commonwealth.</text>
</law>