<?xml version="1.0" encoding="utf-8"?>
<law xmlns:xs="http://www.w3.org/2001/XMLSchema" xmlns:orig="http://StatRev.xsd"
     xmlns:fn="http://localhost/">
   <structure>
      <unit label="title" identifier="23" level="1">Educational Institutions</unit>
      <unit label="chapter" identifier="3.2" level="2">Virginia College Building Authority</unit>
   </structure>
   <section_number>23-30.26</section_number>
   <catch_line>(Repealed effective October 1, 2016) Administration of assets, moneys or obligations</catch_line>
   <history>1966, c. 685; 1996, cc. 672, 689.</history>
   <text>The Authority shall manage and administer as hereinafter provided all assets, moneys or obligations that may be set aside and transferred to it by the General Assembly or educational institutions.</text>
</law>