<?xml version="1.0" encoding="utf-8"?>
<law xmlns:xs="http://www.w3.org/2001/XMLSchema" xmlns:orig="http://StatRev.xsd"
     xmlns:fn="http://localhost/">
   <structure>
      <unit label="title" identifier="59.1" level="1">Trade And Commerce</unit>
      <unit label="chapter" identifier="17" level="2">Virginia Consumer Protection Act</unit>
   </structure>
   <section_number>59.1-197</section_number>
   <catch_line>Intent</catch_line>
   <history>1977, c. 635.</history>
   <text>It is the intent of the General Assembly that this chapter shall be applied as remedial legislation to promote fair and ethical standards of dealings between suppliers and the consuming public.</text>
</law>