<?xml version="1.0" encoding="utf-8"?>
<law xmlns:xs="http://www.w3.org/2001/XMLSchema" xmlns:orig="http://StatRev.xsd"
     xmlns:fn="http://localhost/">
   <structure>
      <unit label="title" identifier="8.01" level="1">Civil Remedies And Procedure</unit>
      <unit label="chapter" identifier="2" level="2">Parties</unit>
      <unit label="article" identifier="2" level="3">Special Provisions</unit>
   </structure>
   <section_number>8.01-15.2</section_number>
   <catch_line>Servicemembers Civil Relief Act; default judgment; appointment of counsel</catch_line>
   <history>2004, c. 381; 2005, c. 909; 2016, c. 643.</history>
   <text>
      <section prefix="A"> Notwithstanding the provisions of § 8.01-428, in any civil action or proceeding in which the defendant does not make an appearance, the court shall not enter a judgment by default until the plaintiff files with the court an affidavit (i) stating whether or not the defendant is in military service and showing necessary facts to support the affidavit; or (ii) if the plaintiff is unable to determine whether or not the defendant is in military service, stating that the plaintiff is unable to determine whether or not the defendant is in military service. Subject to the provisions of § 8.01-3, the Supreme Court shall prescribe the form of such affidavit, or the requirement for an affidavit may be satisfied by a written statement, declaration, verification or certificate, subscribed and certified or declared to be true under penalty of perjury. Any judgment by default entered by any court in any civil action or proceeding in violation of subchapter II of the Servicemembers Civil Relief Act (50 U.S.C. § 3901 et seq.) may be set aside as provided by the Act. Failure to file an affidavit shall not constitute grounds to set aside an otherwise valid default judgment against a defendant who was not, at the time of service of process or entry of default judgment, a servicemember as defined in 50 U.S.C. § 3911.</section>
      <section prefix="B"> Where appointment of counsel is required pursuant to 50 U.S.C. § 3931 or 3932 or another section of the Servicemembers Civil Relief Act, the court may assess reasonable attorney fees and costs against any party as the court deems appropriate, including a party aggrieved by a violation of the Act, and shall direct in its order which of the parties to the case shall pay such fees and costs. Such fees and costs shall not be assessed against the Commonwealth unless it is the party that obtains the judgment.</section>
      <section prefix="C"> The appointed counsel may issue a subpoena duces tecum for all discoverable electronic and print files, records, documents, and memoranda regarding the transactional basis for the suit. If requested in the subpoena, the plaintiff shall also deliver all documents or information concerning the location of the servicemember.</section>
      <section prefix="D"> Counsel appointed pursuant to the Servicemembers Civil Relief Act shall not be selected by the plaintiff or have any affiliation with the plaintiff. However, counsel for the plaintiff may provide a list of attorneys familiar with the provisions of the Servicemembers Civil Relief Act upon the request of the court.</section>
   </text>
</law>