<?xml version="1.0" encoding="utf-8"?>
<law xmlns:xs="http://www.w3.org/2001/XMLSchema" xmlns:orig="http://StatRev.xsd"
     xmlns:fn="http://localhost/">
   <structure>
      <unit label="title" identifier="4.1" level="1">Alcoholic Beverage Control Act</unit>
      <unit label="chapter" identifier="1" level="2">Definitions And General Provisions</unit>
   </structure>
   <section_number>4.1-113.1</section_number>
   <catch_line>Outdoor advertising; compliance with Title 33.2</catch_line>
   <history>2012, cc. 326, 618.</history>
   <text>All lawfully erected outdoor alcoholic beverage signs shall comply with the provisions of this title, Board regulations, and Chapter 12 (§ 33.2-1200 et seq.) of Title 33.2 and regulations adopted pursuant thereto by the Commonwealth Transportation Board. Further, any outdoor alcoholic beverage directional sign located or to be located on highway rights-of-way shall also be governed by and comply with the Integrated Directional Sign Program administered by the Virginia Department of Transportation or its agents.</text>
</law>