<?xml version="1.0" encoding="utf-8"?>
<law xmlns:xs="http://www.w3.org/2001/XMLSchema" xmlns:orig="http://StatRev.xsd"
     xmlns:fn="http://localhost/">
   <structure>
      <unit label="title" identifier="21" level="1">Drainage, Soil Conservation, Sanitation And Public Facilities Districts</unit>
      <unit label="chapter" identifier="6" level="2">Drainage Projects</unit>
   </structure>
   <section_number>21-377</section_number>
   <catch_line>Notice of sale of delinquent land</catch_line>
   <history>Code 1919, § 1771; 1924, p. 712; 1926, p. 620; 1936, p. 1035.</history>
   <text>If any assessment is delinquent for more than a year, the treasurer of the county within which the land assessed lies shall, after the expiration of such year, proceed to sell the land by having notice of such intended sale served on the record owner of the land, if he is a resident of this Commonwealth and his whereabouts herein is known, as process is served in actions at law, by publishing the notice of such sale in a newspaper published or having general circulation in his county, and by posting the notice at the courthouse door; such service, publication and posting shall be not less than thirty days in advance of the date set for the sale. Such publication and posting shall be sufficient notice of the sale to all parties in interest except the owner resident in this Commonwealth. Such notice with the return thereon, if it is served, and the certificate of the treasurer setting forth the date and medium of publication shall be filed by the treasurer in his office.</text>
</law>