<?xml version="1.0" encoding="utf-8"?>
<law xmlns:xs="http://www.w3.org/2001/XMLSchema" xmlns:orig="http://StatRev.xsd"
     xmlns:fn="http://localhost/">
   <structure>
      <unit label="title" identifier="8.01" level="1">Civil Remedies And Procedure</unit>
      <unit label="chapter" identifier="3" level="2">Actions</unit>
      <unit label="article" identifier="21" level="3">Miscellaneous Provisions</unit>
   </structure>
   <section_number>8.01-223.1</section_number>
   <catch_line>Use of constitutional rights</catch_line>
   <history>1985, c. 192.</history>
   <text>In any civil action the exercise by a party of any constitutional protection shall not be used against him.</text>
</law>