<?xml version="1.0" encoding="utf-8"?>
<law xmlns:xs="http://www.w3.org/2001/XMLSchema" xmlns:orig="http://StatRev.xsd"
     xmlns:fn="http://localhost/">
   <structure>
      <unit label="title" identifier="5.1" level="1">Aviation</unit>
      <unit label="chapter" identifier="9" level="2">Air Carriers</unit>
      <unit label="article" identifier="8" level="3">Through Routes, Service, Rates, Etc</unit>
   </structure>
   <section_number>5.1-137</section_number>
   <catch_line>Payment of rates and charges before delivery of freight</catch_line>
   <history>Code 1950, § 56-192; 1970, c. 708.</history>
   <text>No common carrier or restricted common carrier by aircraft shall deliver or relinquish possession at destination of any freight transported by it until all tariff rates and charges thereon have been paid, except under such rules and regulations as the Commission may from time to time prescribe to govern the settlement of all such rates and charges, including rules and regulations for weekly or monthly settlement, and to prevent unjust discrimination or undue preference or prejudice; provided, that the provisions of this section shall not be construed to prohibit any such carrier from extending credit in connection with rates and charges on freight transported for the United States, for any department, bureau, or agency thereof, or for any state or territory or political subdivision thereof, or for the District of Columbia.</text>
</law>