<?xml version="1.0" encoding="utf-8"?>
<law xmlns:xs="http://www.w3.org/2001/XMLSchema" xmlns:orig="http://StatRev.xsd"
     xmlns:fn="http://localhost/">
   <structure>
      <unit label="title" identifier="18.2" level="1">Crimes And Offenses Generally</unit>
      <unit label="chapter" identifier="11" level="2">Offenses Against The Sovereignty Of The Commonwealth</unit>
      <unit label="article" identifier="1" level="3">Treason And Related Offenses</unit>
   </structure>
   <section_number>18.2-483</section_number>
   <catch_line>Attempting, or instigating others, to establish usurped government</catch_line>
   <history>Code 1950, § 18.1-420; 1960, c. 358; 1975, cc. 14, 15.</history>
   <text>If any person attempt to establish any such usurped government and commit any overt act therefor or by writing or speaking endeavor to instigate others to establish such government, he shall be guilty of a Class 1 misdemeanor.</text>
</law>