<?xml version="1.0" encoding="utf-8"?>
<law xmlns:xs="http://www.w3.org/2001/XMLSchema" xmlns:orig="http://StatRev.xsd"
     xmlns:fn="http://localhost/">
   <structure>
      <unit label="title" identifier="55" level="1">Property And Conveyances</unit>
      <unit label="chapter" identifier="10" level="2">Escheats Generally</unit>
   </structure>
   <section_number>55-198</section_number>
   <catch_line>Publication of suit; what to state and require</catch_line>
   <history>Code 1919, § 519; 1942, p. 517.</history>
   <text>When any such suit is instituted, the court shall cause a publication to be made once each week for four consecutive weeks in some newspaper of general circulation in the county or corporation in which the proceedings are had, setting forth the nature of the claim, the name and nativity, when known, of the deceased person, or of the former owner of the property, if known, as the case may be, and describing the property or estate claimed, and requiring all persons claiming an interest therein to appear and make themselves defendants by a given day of an ensuing term.</text>
</law>