<?xml version="1.0" encoding="utf-8"?>
<law xmlns:xs="http://www.w3.org/2001/XMLSchema" xmlns:orig="http://StatRev.xsd"
     xmlns:fn="http://localhost/">
   <structure>
      <unit label="title" identifier="13.1" level="1">Corporations</unit>
      <unit label="chapter" identifier="10" level="2">Virginia Nonstock Corporation Act</unit>
      <unit label="article" identifier="4" level="3">Purposes And Powers</unit>
   </structure>
   <section_number>13.1-828</section_number>
   <catch_line>Ultra vires</catch_line>
   <history>Code 1950, § 13.1-206; 1956, c. 428; 1975, c. 500; 1985, c. 522; 2007, c. 925.</history>
   <text>
      <section prefix="A"> Except as provided in subsection B, corporate action may not be challenged on the ground that the corporation lacks or lacked power to act.</section>
      <section prefix="B"> A corporation's power to act may be challenged:<section prefix="1"> In a proceeding by a member or a director against the corporation to enjoin the act;</section>
         <section prefix="2"> In a proceeding by the corporation, directly, derivatively, or through a receiver, trustee, or other legal representative, against an incumbent or former officer, director, employee, or agent of the corporation; or</section>
         <section prefix="3"> In a proceeding against a corporation before the Commission.</section>
      </section>
      <section prefix="C"> In a proceeding by a member or a director under subdivision B 1 to enjoin an unauthorized corporate act, the court may enjoin or set aside the act and may award damages for loss, except anticipated profits, suffered by the corporation or another party because of enjoining the unauthorized act.</section>
   </text>
</law>