<?xml version="1.0" encoding="utf-8"?>
<law xmlns:xs="http://www.w3.org/2001/XMLSchema" xmlns:orig="http://StatRev.xsd"
     xmlns:fn="http://localhost/">
   <structure>
      <unit label="title" identifier="16.1" level="1">Courts Not Of Record</unit>
      <unit label="chapter" identifier="6" level="2">Venue, Jurisdiction And Procedure In Civil Matters</unit>
      <unit label="article" identifier="3" level="3">Procedure In Civil Cases</unit>
   </structure>
   <section_number>16.1-88.03</section_number>
   <catch_line>Pleadings and other papers by certain parties not represented by attorneys</catch_line>
   <history>1990, c. 645; 1992, c. 814; 1993, cc. 473, 478; 2003, cc. 665, 667; 2004, cc. 338, 365; 2005, c. 136; 2006, c. 374.</history>
   <text>
      <section prefix="A"> Any corporation, partnership, limited liability company, limited partnership, professional corporation, professional limited liability company, registered limited liability partnership, registered limited liability limited partnership or business trust, when the amount claimed in any civil action pursuant to subdivision (1) or (3) of § 16.1-77 does not exceed the jurisdictional amounts authorized in such subsections, exclusive of interest, may prepare, execute, file, and have served on other parties in any proceeding in a general district court a warrant in debt, motion for judgment, warrant in detinue, distress warrant, summons for unlawful detainer, counterclaim, crossclaim, suggestion for summons in garnishment, garnishment summons, writ of possession, writ of fieri facias, interpleader and civil appeal notice without the intervention of an attorney. Such papers may be signed by a corporate officer, a manager of a limited liability company, a general partner of any form of partnership or a trustee of any business trust, or such corporate officer, with the approval of the board of directors, or manager, general partner or trustee may authorize in writing an employee, a person licensed under the provisions of § 54.1-2106.1, a property manager, or a managing agent of a landlord as defined in § 55-248.4 to sign such papers as the agent of the business entity. However, this section shall not apply to an action under subdivision (1) or (3) of § 16.1-77 which was assigned to a corporation, partnership, limited liability company, limited partnership, professional corporation, professional limited liability company, registered limited liability partnership, registered limited liability limited partnership or business trust, or individual solely for the purpose of enforcing an obligation owed or right inuring to another.</section>
      <section prefix="B"> Nothing in this section shall allow a nonlawyer to file a bill of particulars or grounds of defense or to argue motions, issue a subpoena, rule to show cause, or capias; file or interrogate at debtor interrogatories; or to file, issue or argue any other paper, pleading or proceeding not set forth in subsection A.</section>
      <section prefix="C"> The provisions of § 8.01-271.1 shall apply to any pleading, motion or other paper filed or made pursuant to this section.</section>
      <section prefix="D"> Parties not represented by counsel, and who have made an appearance in the case, shall promptly notify in writing the clerk of court wherein the litigation is pending, and any adverse party, of any change in the party's address necessary for accurate mailing or service of any pleadings or notices. In the absence of such notification, a mailing to or service upon a party at the most recent address contained in the court file of the case shall be deemed effective service or other notice.</section>
   </text>
</law>