<?xml version="1.0" encoding="utf-8"?>
<law xmlns:xs="http://www.w3.org/2001/XMLSchema" xmlns:orig="http://StatRev.xsd"
     xmlns:fn="http://localhost/">
   <structure>
      <unit label="title" identifier="36" level="1">Housing</unit>
      <unit label="chapter" identifier="4" level="2">Industrialized Building Safety Law</unit>
   </structure>
   <section_number>36-79</section_number>
   <catch_line>Effect of label of compliance assurance agency</catch_line>
   <history>Code 1950, § 12-77; 1970, c. 305; 1971, Ex. Sess., c. 103; 1977, c. 613; 1986, c. 37.</history>
   <text>Any industrialized building shall be deemed to comply with the standards of the Board when bearing the label of a compliance assurance agency.</text>
</law>