<?xml version="1.0" encoding="utf-8"?>
<law xmlns:xs="http://www.w3.org/2001/XMLSchema" xmlns:orig="http://StatRev.xsd"
     xmlns:fn="http://localhost/">
   <structure>
      <unit label="title" identifier="46.2" level="1">Motor Vehicles</unit>
      <unit label="subtitle" identifier="IV" level="2">Dealers And Driver Training Schools</unit>
      <unit label="chapter" identifier="15" level="3">Motor Vehicle Dealers</unit>
      <unit label="article" identifier="8" level="4">Denial, Suspension, And Revocation Of Dealer Licenses</unit>
   </structure>
   <section_number>46.2-1578</section_number>
   <catch_line>Appeals to Court of Appeals; bond</catch_line>
   <history>1988, c. 865, § 46.1-550.5:37; 1989, c. 727; 1990, c. 197; 1996, c. 573.</history>
   <text>Either party may appeal from the decision of the court under § 46.2-1577 to the Court of Appeals. These appeals shall be taken and prosecuted in the same manner and with like effect as is provided by law in other cases appealed as a matter of right to the Court of Appeals.</text>
</law>