<?xml version="1.0" encoding="utf-8"?>
<law xmlns:xs="http://www.w3.org/2001/XMLSchema" xmlns:orig="http://StatRev.xsd"
     xmlns:fn="http://localhost/">
   <structure>
      <unit label="title" identifier="63.2" level="1">Welfare (social Services)</unit>
      <unit label="subtitle" identifier="III" level="2">Social Services Programs</unit>
      <unit label="chapter" identifier="12" level="3">Adoption</unit>
      <unit label="article" identifier="1.1" level="4">Post-adoption Contact And Communication Agreements.</unit>
   </structure>
   <section_number>63.2-1220.4</section_number>
   <catch_line>Jurisdiction to approve post-adoption contact and communication agreements</catch_line>
   <history>2010, c. 331.</history>
   <text>
      <section prefix="A"> Unless otherwise stated in the final order of adoption, the circuit court of the jurisdiction in which the final order of adoption was entered shall retain jurisdiction to modify or enforce the terms of a post-adoption contact and communication agreement entered into pursuant to this article.</section>
      <section prefix="B"> A birth parent or parents or adoptive parent or parents who have executed a post-adoption contact and communication agreement as described in this article may file a petition with the circuit court of the jurisdiction in which the final order of adoption was entered:<section prefix="1"> To modify the post-adoption contact and communication agreement; and</section>
         <section prefix="2"> To compel a birth or adoptive parent to comply with the post-adoption contact and communication agreement. The court may not award monetary damages as a result of the filing of a petition for modification of or compliance with the agreement. The court may modify the agreement at any time before or after the adoption if the court, after notice and opportunity to be heard by the birth parent or parents and the adoptive parent or parents, determines that the child's best interest requires the modification of the agreement. Before the court modifies an agreement or hears a motion to compel compliance, the court may appoint a guardian ad litem to represent the child's best interest.</section>
      </section>
      <section prefix="C"> The circuit court shall not grant a request to modify the terms of a post-adoption contact and communication agreement unless the moving party establishes that there has been a change of circumstances and the agreement is no longer in the child's best interest; provided, however, that no modification shall affect the irrevocability of the adoption.</section>
   </text>
</law>