<?xml version="1.0" encoding="utf-8"?>
<law xmlns:xs="http://www.w3.org/2001/XMLSchema" xmlns:orig="http://StatRev.xsd"
     xmlns:fn="http://localhost/">
   <structure>
      <unit label="title" identifier="4.1" level="1">Alcoholic Beverage Control Act</unit>
      <unit label="chapter" identifier="1" level="2">Definitions And General Provisions</unit>
   </structure>
   <section_number>4.1-113</section_number>
   <catch_line>Board not to regulate certain advertising in the interiors of retail establishments</catch_line>
   <history>1981, c. 574, § 4-69.2; 1993, c. 866.</history>
   <text>
      <section prefix="A"> The Board shall not regulate the use of advertising materials or decorations within the premises of a retail on-premises licensee (i) where such advertising materials or decorations cannot be seen from the street or roadway outside of the licensed establishment and (ii) if the retail establishment is located within an enclosed area with no street or roadway, where such advertising or decorations cannot be seen more than fifteen feet from the nearest window.</section>
      <section prefix="B"> This section shall not restrict the regulation of advertising materials or decorations containing references to an alcoholic beverage brand or manufacturer, except the Board shall not regulate such references contained in works of art.</section>
      <section prefix="C"> This section shall not restrict or deny the Board its authority pursuant to §§ 4.1-216, 4.1-317, and subdivisions 11, 12, 13, 16, and 21 of § 4.1-325, nor shall this section authorize any manufacturer, bottler, wholesaler or importer of any alcoholic beverages to sell, rent, lend, buy for, or give to any retailer any advertising materials or decorations under any circumstances otherwise prohibited by law.</section>
   </text>
</law>