<?xml version="1.0" encoding="utf-8"?>
<law xmlns:xs="http://www.w3.org/2001/XMLSchema" xmlns:orig="http://StatRev.xsd"
     xmlns:fn="http://localhost/">
   <structure>
      <unit label="title" identifier="46.2" level="1">Motor Vehicles</unit>
      <unit label="subtitle" identifier="V" level="2">Motor Carriers</unit>
      <unit label="chapter" identifier="21" level="3">Regulation Of Property Carriers</unit>
      <unit label="article" identifier="1" level="4">Motor Carriers Of Property -- Generally</unit>
   </structure>
   <section_number>46.2-2100</section_number>
   <catch_line>Definitions</catch_line>
   <history>Code 1950, § 56-338.1; 1995, cc. 744, 803; 1997, c. 283; 2001, c. 596; 2003, c. 832; 2006, cc. 874, 891; 2011, cc. 881, 889.</history>
   <text>Whenever used in this chapter, unless expressly stated otherwise:"Authorized insurer" means, in the case of an interstate motor carrier whose operations may or may not include intrastate activity, an insurer authorized to transact business in any one state, or, in the case of a solely intrastate motor carrier, an insurer authorized to transact business in the Commonwealth."Broker" means any person not included in the term "motor carrier" and not a bona fide employee or agent of any such carrier, who, as principal or agent, sells or offers for sale any transportation subject to this chapter, or negotiates for, or holds himself out by solicitation, advertisement, or otherwise as one who sells, provides, furnishes, contracts, or arranges for such transportation."Bulk commodity" means any non-liquid, non-gaseous commodity shipped loose or in mass/aggregate and which in the loading and unloading thereof is ordinarily shoveled, scooped, forked, or mechanically conveyed or which is not in containers or in units of such size to permit piece by piece loading and unloading."Bulk property carrier" means any person, not herein exempted, who undertakes either directly or by lease, to transport exclusively bulk commodities, as defined, for compensation including for purposes of this section for-hire tow truck operations."Certificate of fitness" means a certificate issued by the Department to certain "household goods carriers" under this chapter."Constructive weight" means a measurement of seven pounds per cubic foot of properly loaded van space."Courier service" means a motor carrier that engages, directly or by lease, exclusively in the transportation of letters, envelopes, negotiable or nonnegotiable instruments, or other documents or papers for compensation."Department" means the Department of Motor Vehicles."Financial responsibility" means the ability to respond in damages for liability thereafter incurred arising out of the ownership, maintenance, use, or operation of a motor vehicle, in the amounts provided for in this chapter."Gross weight" means the weight of a truck after a shipment has been loaded."Highway" means every public highway or place of whatever nature open to the use of the public for purposes of vehicle travel in this Commonwealth, excluding the streets and alleys in towns and cities."Household goods" means personal effects and property used or to be used in a dwelling, when a part of the equipment or supplies of such dwelling, and similar property if the transportation of such effects or property is (i) arranged and paid for by the householder, including transportation of the property from a factory or store when the property is purchased by the householder with intent to use it in his dwelling or (ii) arranged and paid for by another party."Household goods carrier" means a restricted common carrier who undertakes, whether directly or by a lease or other arrangement, to transport "household goods," as herein defined, by motor vehicle for compensation, on any highway in this Commonwealth, between two or more points in this Commonwealth, whether over regular or irregular routes."Identification marker" means a decal or other visible identification issued by the Department to show (i) that the operator of the vehicle has registered with the Department for the payment of the road tax imposed under Chapter 27 (§ 58.1-2700 et seq.) of Title 58.1, (ii) proof of the possession of a certificate or permit issued pursuant to Chapter 21 (§ 46.2-2100 et seq.) of this title, and/or (iii) proof of compliance with the insurance requirements of this chapter."Interstate" means the transportation of property between states."Intrastate" means the transportation of property solely within a state."License" means a license issued by the Department to a broker."Motor carrier" means any person who undertakes whether directly or by a lease, to transport property, including household goods, as defined by this chapter, for compensation over the highways of the Commonwealth."Motor vehicle" means any vehicle, machine, tractor, trailer, or semitrailer propelled or drawn by mechanical power and used upon the highways in the transportation of property, but does not include any vehicle, locomotive or car operated exclusively on a rail or rails."Net weight" means the tare weight subtracted from the gross weight."Permit" means a permit issued by the Department authorizing the transportation of property, excluding household goods transported for a distance greater than 30 road miles."Person" means any individual, firm, copartnership, corporation, company, association or joint-stock association, and includes any trustee, receiver, assignee, or personal representative thereof."Property carrier" means any person, not herein exempted, who undertakes either directly or by a lease, to transport property for compensation."Restricted common carrier" means any person who undertakes, whether directly or by a lease or other arrangement, to transport household goods by motor vehicle for compensation whether over regular or irregular routes."Services" and "transportation" includes the services of, and all transportation by, all vehicles operated by, for, or in the interest of any motor carrier, irrespective of ownership or contract, express or implied, together with all facilities and property operated or controlled by any such carrier or carriers and used in the transportation of property or in the performance of any service in connection therewith."Single state insurance receipt" means any receipt issued pursuant to 49 C.F.R. Part 367 evidencing that the carrier has the required insurance and paid the requisite fees to the Commonwealth and other qualified jurisdictions."Tare weight" means the weight of a truck before being loaded at a shipper's residence or place of business, including the pads, dollies, hand-trucks, ramps and other equipment normally used in the transportation of household goods shipments.</text>
</law>