<?xml version="1.0" encoding="utf-8"?>
<law xmlns:xs="http://www.w3.org/2001/XMLSchema" xmlns:orig="http://StatRev.xsd"
     xmlns:fn="http://localhost/">
   <structure>
      <unit label="title" identifier="59.1" level="1">Trade And Commerce</unit>
      <unit label="chapter" identifier="12" level="2">Motor Fuels And Lubricating Oils</unit>
   </structure>
   <section_number>59.1-151</section_number>
   <catch_line>Statements to be filed by manufacturers, wholesalers and jobbers</catch_line>
   <history>Code 1950, § 59-43; 1968, c. 439; 1992, c. 885; 2009, c. 650.</history>
   <text>All manufacturers, wholesalers, and jobbers, before selling or offering for sale in this Commonwealth any motor fuel for the purposes above defined, shall file with the Commissioner a statement that they desire to do business in this Commonwealth, and furnish the brand name, trade name, or trademark of the motor fuel which they desire to sell.</text>
</law>