<?xml version="1.0" encoding="utf-8"?>
<law xmlns:xs="http://www.w3.org/2001/XMLSchema" xmlns:orig="http://StatRev.xsd"
     xmlns:fn="http://localhost/">
   <structure>
      <unit label="title" identifier="55" level="1">Property And Conveyances</unit>
      <unit label="chapter" identifier="11.1" level="2">Disposition Of Unclaimed Property</unit>
      <unit label="article" identifier="2" level="3">Property Abandoned Or Assumed Abandoned</unit>
   </structure>
   <section_number>55-210.3</section_number>
   <catch_line>Repealed</catch_line>
   <history/>
   <text>Repealed by Acts 1984, c. 121.</text>
</law>