<?xml version="1.0" encoding="utf-8"?>
<law xmlns:xs="http://www.w3.org/2001/XMLSchema" xmlns:orig="http://StatRev.xsd"
     xmlns:fn="http://localhost/">
   <structure>
      <unit label="title" identifier="32.1" level="1">Health</unit>
      <unit label="chapter" identifier="9" level="2">Regulation Of Medical Assistance</unit>
      <unit label="article" identifier="1" level="3">In General</unit>
   </structure>
   <section_number>32.1-321.01</section_number>
   <catch_line>Exemptions from disclosure</catch_line>
   <history>2011, cc. 110, 175, 535.</history>
   <text>Records or information provided to the Office of the Attorney General pursuant to this article shall be exempt from disclosure pursuant to § 2.2-3705.5.</text>
</law>