<?xml version="1.0" encoding="utf-8"?>
<law xmlns:xs="http://www.w3.org/2001/XMLSchema" xmlns:orig="http://StatRev.xsd"
     xmlns:fn="http://localhost/">
   <structure>
      <unit label="title" identifier="23" level="1">Educational Institutions</unit>
      <unit label="chapter" identifier="1" level="2">General Provisions</unit>
   </structure>
   <section_number>23-2.05</section_number>
   <catch_line>(Repealed effective October 1, 2016) Boards of Visitors; annual executive summaries</catch_line>
   <history>2013, c. 577.</history>
   <text>The board of visitors of each public institution of higher education and the State Board for Community Colleges shall submit to the General Assembly and the Governor an annual executive summary of its interim activity and work no later than the first day of each regular session of the General Assembly. The executive summary shall be submitted as provided in the procedures of the Division of Legislative Automated Systems for the processing of legislative documents and reports and shall be posted on the General Assembly's website.</text>
</law>