<?xml version="1.0" encoding="utf-8"?>
<law xmlns:xs="http://www.w3.org/2001/XMLSchema" xmlns:orig="http://StatRev.xsd"
     xmlns:fn="http://localhost/">
   <structure>
      <unit label="title" identifier="19.2" level="1">Criminal Procedure</unit>
      <unit label="chapter" identifier="18" level="2">Sentence; Judgment; Execution Of Sentence</unit>
      <unit label="article" identifier="5" level="3">Diversion Center Incarceration Program</unit>
   </structure>
   <section_number>19.2-316.3</section_number>
   <catch_line>Eligibility for participation in diversion center incarceration program; evaluation; sentencing; withdrawal or removal from program; payment for costs</catch_line>
   <history>1994, 2nd Sp. Sess., cc. 1, 2; 1995, cc. 502, 574; 2000, c. 338; 2002, c. 604; 2005, c. 604; 2008, cc. 384, 757.</history>
   <text>
      <section prefix="A"> A defendant (i) who otherwise would have been sentenced to incarceration for a nonviolent felony as defined in § 19.2-316.1 and who the court determines requires more security or supervision than provided by intensive probation supervision or (ii) whose suspension of sentence would otherwise be revoked after a finding that the defendant has violated the terms and conditions of probation for a nonviolent felony as defined in § 19.2-316.1, may be considered for commitment to a diversion center established under § 53.1-67.7 as follows:<section prefix="1"> Following conviction and prior to imposition of sentence or following a finding that the defendant's probation should be revoked, upon motion of the defendant or the attorney for the Commonwealth or upon the court's own motion, the court may order such defendant committed to the Department of Corrections for a period not to exceed 45 days from the date of commitment for evaluation and diagnosis by the Department to determine suitability for participation in the Diversion Center Incarceration Program. The evaluation and diagnosis may be conducted by the Department at any state or local correctional facility, probation and parole office, or other location deemed appropriate by the Department. When a defendant who has not been charged with a new criminal offense and who may be subject to a revocation of probation, scores incarceration on the probation violation guidelines and agrees to participate, the probation and parole officer, with the approval of the court, may commit the defendant to the Department for such evaluation, for a period not to exceed 45 days.</section>
         <section prefix="2"> Upon determination that (i) such commitment is in the best interest of the Commonwealth and the defendant and (ii) facilities are available for the confinement of the defendant, the Department shall recommend to the court in writing that the defendant be committed to the Diversion Center Incarceration Program.</section>
         <section prefix="3"> Upon receipt of such a recommendation and a determination by the court that the defendant will benefit from the program and is capable of returning to society as a productive citizen following successful completion of the program, and if the defendant would otherwise be committed to the Department, the court (i) shall impose sentence, suspend the sentence, and place the defendant on probation pursuant to this section or (ii) following a finding that the defendant has violated the terms and conditions of his probation previously ordered, shall place the defendant on probation pursuant to this section. Such probation shall be conditioned upon the defendant's entry into and successful completion of the Diversion Center Incarceration Program. The court shall order that, upon successful completion of the program, the defendant shall be released from confinement and be under intensive probation supervision for a period to be specified by the court followed by an additional period of regular probation of not less than one year. The court shall further order that the defendant, prior to release from confinement, shall (a) make reasonable efforts to secure and maintain employment, (b) comply with a plan of restitution or community service, (c) comply with a plan for payment of fines, if any, and costs of court, and (d) undergo substance abuse treatment, if necessary. The court may impose such other terms and conditions of probation as it deems appropriate. A sentence to the Diversion Center Incarceration Program shall not be imposed in addition to an active sentence to a state correctional facility.</section>
         <section prefix="4"> Upon the defendant's (i) voluntary withdrawal from the program, (ii) removal from the program by the Department for intractable behavior as defined in § 19.2-316.1, or (iii) failure to comply with the terms and conditions of probation, the court shall cause the defendant to show cause why his probation and suspension of sentence should not be revoked. Upon a finding that the defendant voluntarily withdrew from the program, was removed from the program by the Department for intractable behavior, or failed to comply with the terms and conditions of probation, the court may revoke all or part of the probation and suspended sentence, and commit the defendant as otherwise provided in this chapter.</section>
      </section>
      <section prefix="B"> Any offender as described in § 19.2-316.1 paroled under § 53.1-155 or mandatorily released under § 53.1-159 and for whom probable cause that a violation of parole or of the terms and conditions of mandatory release, other than the occurrence of a new felony or Class 1 or Class 2 misdemeanor, has been determined under § 53.1-165, may be considered by the Parole Board for commitment to a diversion center as established under § 53.1-67.7 as follows:<section prefix="1"> The Parole Board or its authorized hearing officer, with the violator's consent or upon receipt of a defendant's written voluntary agreement to participate form from the probation and parole officer, may order the violator to be evaluated and diagnosed by the Department of Corrections to determine suitability for participation in the Diversion Center Incarceration Program. The evaluation and diagnosis may be conducted by the Department at any state or local correctional facility, probation or parole office, or other location deemed appropriate by the Department.</section>
         <section prefix="2"> Upon determination that (i) such commitment is in the best interest of the Commonwealth and the violator and (ii) facilities are available for the confinement of the violator, the Department shall recommend to the Parole Board in writing that the violator be committed to the Diversion Center Incarceration Program. The Department shall have the final authority to determine an individual's suitability for the program.</section>
         <section prefix="3"> Upon receipt of such a recommendation and a determination by the Parole Board that the violator will benefit from the program and is capable of returning to society as a productive citizen following successful completion of the program and if the violator would otherwise be committed to the Department, the Parole Board shall restore the violator to parole supervision conditioned upon entry into and successful completion of the Diversion Center Incarceration Program. The Parole Board shall order that, upon successful completion of the program, the violator shall be placed under parole supervision for a period of not less than one year. The Parole Board may impose such other terms and conditions of parole or mandatory release as it deems appropriate. The time spent in the program shall not be counted as service of any part of a term of imprisonment for which he was sentenced upon his conviction.</section>
         <section prefix="4"> Upon the violator's (i) voluntary withdrawal from the program, (ii) removal from the program by the Department for intractable behavior as defined in § 19.2-316.1, or (iii) failure to comply with the terms and conditions of parole or mandatory release, the Parole Board may revoke parole or mandatory release and recommit the violator as provided in § 53.1-165.</section>
      </section>
      <section prefix="C"> A person sentenced pursuant to this article shall be required to pay an amount to be determined by the Board of Corrections pursuant to regulation to defray the cost of his keep.</section>
   </text>
</law>