<?xml version="1.0" encoding="utf-8"?>
<law xmlns:xs="http://www.w3.org/2001/XMLSchema" xmlns:orig="http://StatRev.xsd"
     xmlns:fn="http://localhost/">
   <structure>
      <unit label="title" identifier="1" level="1">General Provisions</unit>
      <unit label="chapter" identifier="2.1" level="2">Common Law And Rules Of Construction</unit>
      <unit label="article" identifier="2" level="3">Rules Of Construction And Definitions</unit>
   </structure>
   <section_number>1-218</section_number>
   <catch_line>Includes</catch_line>
   <history>2005, c. 839.</history>
   <text>"Includes" means includes, but not limited to.</text>
</law>