<?xml version="1.0" encoding="utf-8"?>
<law xmlns:xs="http://www.w3.org/2001/XMLSchema" xmlns:orig="http://StatRev.xsd"
     xmlns:fn="http://localhost/">
   <structure>
      <unit label="title" identifier="51.1" level="1">Pensions, Benefits, And Retirement</unit>
      <unit label="chapter" identifier="1" level="2">Virginia Retirement System</unit>
      <unit label="article" identifier="4" level="3">Membership In Retirement System</unit>
   </structure>
   <section_number>51.1-126.2</section_number>
   <catch_line>Repealed</catch_line>
   <history/>
   <text>Repealed by Acts 1998, c. 449.</text>
</law>