<?xml version="1.0" encoding="utf-8"?>
<law xmlns:xs="http://www.w3.org/2001/XMLSchema" xmlns:orig="http://StatRev.xsd"
     xmlns:fn="http://localhost/">
   <structure>
      <unit label="title" identifier="29.1" level="1">Game, Inland Fisheries And Boating</unit>
      <unit label="chapter" identifier="5" level="2">Wildlife And Fish Laws</unit>
      <unit label="article" identifier="2" level="3">Hunting And Trapping</unit>
   </structure>
   <section_number>29.1-516.1</section_number>
   <catch_line>Using tracking dogs to retrieve bears or deer</catch_line>
   <history>2011, c. 459.</history>
   <text>Tracking dogs maintained and controlled on a lead may be used to find a wounded or dead bear or deer statewide during any archery, muzzleloader, or firearm bear or deer hunting season, or within 24 hours of the end of such season, provided that those who are involved in the retrieval effort have permission to hunt on or to access the land being searched and do not have any weapons in their possession.</text>
</law>