<?xml version="1.0" encoding="utf-8"?>
<law xmlns:xs="http://www.w3.org/2001/XMLSchema" xmlns:orig="http://StatRev.xsd"
     xmlns:fn="http://localhost/">
   <structure>
      <unit label="title" identifier="6.2" level="1">Financial Institutions And Services</unit>
      <unit label="subtitle" identifier="III" level="2">Other Regulated Providers Of Financial Services</unit>
      <unit label="chapter" identifier="22" level="3">Motor Vehicle Title Loans</unit>
   </structure>
   <section_number>6.2-2200</section_number>
   <catch_line>Definitions</catch_line>
   <history>2010, c. 477, § 6.1-480.</history>
   <text>As used in this chapter, unless the context requires a different meaning:"Bond" includes any form of financial instrument that provides security equivalent to that provided by a bond, such as an irrevocable letter of credit, if its use in lieu of a bond is authorized pursuant to regulations adopted by the Commission."Licensee" means a person to whom a license has been issued under this chapter."Motor vehicle" means an automobile, motorcycle, mobile home, truck, van, or other vehicle operated on public highways and streets."Motor vehicle title loan" or "title loan" means a loan secured by a non-purchase money security interest in a motor vehicle."Motor vehicle title loan agreement" or "loan agreement" means a written document that sets out the terms and conditions under which a licensee agrees to make a motor vehicle title loan to a borrower, and the borrower agrees to give to the licensee a security interest in a motor vehicle owned by the borrower to secure repayment of the motor vehicle title loan and performance of the other obligations under the loan agreement."Person" means any individual, corporation, partnership, association, cooperative, limited liability company, trust, joint venture, or other legal or commercial entity."Principal" means any person who, directly or indirectly, owns or controls (i) 10 percent or more of the outstanding stock of a stock corporation or (ii) a 10 percent or greater interest in any other type of entity.</text>
</law>