<?xml version="1.0" encoding="utf-8"?>
<law xmlns:xs="http://www.w3.org/2001/XMLSchema" xmlns:orig="http://StatRev.xsd"
     xmlns:fn="http://localhost/">
   <structure>
      <unit label="title" identifier="55" level="1">Property And Conveyances</unit>
      <unit label="chapter" identifier="11.1" level="2">Disposition Of Unclaimed Property</unit>
      <unit label="article" identifier="4" level="3">Procedural And Administrative Matters</unit>
   </structure>
   <section_number>55-210.18:1</section_number>
   <catch_line>When securities received in name of owner</catch_line>
   <history>1981, c. 47.</history>
   <text>Whenever the State Treasurer shall receive securities under this chapter in the name of the owner, he shall forthwith take appropriate action to transfer the record of ownership of said securities into the title of the State Treasurer of the Commonwealth of Virginia.</text>
</law>