<?xml version="1.0" encoding="utf-8"?>
<law xmlns:xs="http://www.w3.org/2001/XMLSchema" xmlns:orig="http://StatRev.xsd"
     xmlns:fn="http://localhost/">
   <structure>
      <unit label="title" identifier="13.1" level="1">Corporations</unit>
      <unit label="chapter" identifier="12" level="2">Virginia Limited Liability Company Act</unit>
      <unit label="article" identifier="3" level="3">Registered Office And Agent; Principal Office</unit>
   </structure>
   <section_number>13.1-1018</section_number>
   <catch_line>Service on limited liability company</catch_line>
   <history>1991, c. 168; 2001, cc. 517, 541.</history>
   <text>
      <section prefix="A"> A domestic or foreign limited liability company's registered agent is the limited liability company's agent for service of process, notice, or demand required or permitted by law to be served on the limited liability company. The registered agent may by instrument in writing, acknowledged before a notary public, designate a natural person or persons in the office of the registered agent upon whom any such process, notice or demand may be served. Whenever any such person accepts service of process, a photographic copy of such instrument shall be attached to the return.</section>
      <section prefix="B"> Whenever a domestic or foreign limited liability company fails to appoint or maintain a registered agent in this Commonwealth, or whenever its registered agent cannot with reasonable diligence be found at the registered office, then the clerk of the Commission shall be an agent of the limited liability company upon whom service may be made in accordance with § 12.1-19.1.</section>
      <section prefix="C"> This section does not prescribe the only means, or necessarily the required means, of serving a domestic or foreign limited liability company.</section>
   </text>
</law>