<?xml version="1.0" encoding="utf-8"?>
<law xmlns:xs="http://www.w3.org/2001/XMLSchema" xmlns:orig="http://StatRev.xsd"
     xmlns:fn="http://localhost/">
   <structure>
      <unit label="title" identifier="17.1" level="1">Courts Of Record</unit>
      <unit label="chapter" identifier="3" level="2">Supreme Court</unit>
      <unit label="article" identifier="1" level="3">Composition, Jurisdiction, Etc</unit>
   </structure>
   <section_number>17.1-320</section_number>
   <catch_line>Furnishing reports to law libraries destroyed by fire</catch_line>
   <history>1980, c. 615, § 17-111.7; 1998, c. 872.</history>
   <text>The Executive Secretary of the Supreme Court of Virginia is authorized and directed to furnish to the law school of any university or incorporated college in the Commonwealth whose law library has been destroyed by fire, out of any surplus copies on hand and available for such distribution, eight copies of each volume of the Virginia Reports, or so many thereof as may be necessary to replace copies of such volumes which have been destroyed by such fire.Nothing in this section shall be construed to require the Executive Secretary of the Supreme Court of Virginia to purchase any such copies for distribution hereunder.</text>
</law>