<?xml version="1.0" encoding="utf-8"?>
<law xmlns:xs="http://www.w3.org/2001/XMLSchema" xmlns:orig="http://StatRev.xsd"
     xmlns:fn="http://localhost/">
   <structure>
      <unit label="title" identifier="24.2" level="1">Elections</unit>
      <unit label="chapter" identifier="2" level="2">Federal, Commonwealth, And Local Officers</unit>
      <unit label="article" identifier="3" level="3">Statewide Offices: Governor, Lieutenant Governor, And Attorney General</unit>
   </structure>
   <section_number>24.2-213</section_number>
   <catch_line>Filling vacancy in office of Attorney General</catch_line>
   <history>Code 1950, § 24-153; 1970, c. 462, § 24.1-85; 1993, c. 641.</history>
   <text>If a vacancy occurs in the office of Attorney General during the session of the General Assembly, the General Assembly shall fill the vacancy by a majority vote of the total membership. If a vacancy occurs during a recess of the General Assembly, the Governor shall appoint a successor to serve for the remainder of the unexpired term or until the end of thirty days after the commencement of the next session of the General Assembly, whichever happens first. At that next session, the General Assembly shall fill the vacancy by election by a majority vote of the total membership for the unexpired portion of the term.</text>
</law>