<?xml version="1.0" encoding="utf-8"?>
<law xmlns:xs="http://www.w3.org/2001/XMLSchema" xmlns:orig="http://StatRev.xsd"
     xmlns:fn="http://localhost/">
   <structure>
      <unit label="title" identifier="19.2" level="1">Criminal Procedure</unit>
      <unit label="chapter" identifier="3" level="2">Magistrates</unit>
      <unit label="article" identifier="2" level="3">Abolition Of Justice Of The Peace System</unit>
   </structure>
   <section_number>19.2-31</section_number>
   <catch_line>Abolition of office of issuing justice</catch_line>
   <history>Code 1950, § 19.1-379; 1973, c. 545; 1975, c. 495.</history>
   <text>Effective January 1, 1974, the office of issuing justice as provided for in Chapter 2 (§ 39.1-20 et seq.) of Title 39.1 having been abolished, nevertheless, any such special justice of the peace in office December 31, 1973, and elected by the town council for a specific term to expire after that date, may continue in office for the remainder of that term. If he continues in office as provided herein, such justice shall exercise the same powers, perform the same duties, and receive such compensation as he was receiving as of December 31, 1973.</text>
</law>