<?xml version="1.0" encoding="utf-8"?>
<law xmlns:xs="http://www.w3.org/2001/XMLSchema" xmlns:orig="http://StatRev.xsd"
     xmlns:fn="http://localhost/">
   <structure>
      <unit label="title" identifier="46.2" level="1">Motor Vehicles</unit>
      <unit label="subtitle" identifier="III" level="2">Operation</unit>
      <unit label="chapter" identifier="8" level="3">Regulation Of Traffic</unit>
      <unit label="article" identifier="2" level="4">Right-of-way</unit>
   </structure>
   <section_number>46.2-825</section_number>
   <catch_line>Left turn traffic to yield right-of-way</catch_line>
   <history>Code 1950, § 46-239; 1958, c. 541, § 46.1-222; 1974, c. 347; 1989, c. 727.</history>
   <text>The driver of a vehicle, intending to turn left within an intersection or into an alley, private road, or driveway shall yield the right-of-way to any vehicle approaching from the opposite direction if it is so close as to constitute a hazard.  At intersections controlled by traffic lights with separate left-turn signals, any vehicle making a left turn when so indicated by the signal shall have the right-of-way over all other vehicles approaching the intersection.</text>
</law>