<?xml version="1.0" encoding="utf-8"?>
<law xmlns:xs="http://www.w3.org/2001/XMLSchema" xmlns:orig="http://StatRev.xsd"
     xmlns:fn="http://localhost/">
   <structure>
      <unit label="title" identifier="46.2" level="1">Motor Vehicles</unit>
      <unit label="subtitle" identifier="III" level="2">Operation</unit>
      <unit label="chapter" identifier="10" level="3">Motor Vehicle And Equipment Safety</unit>
      <unit label="article" identifier="23" level="4">Motorcycle Rider Safety</unit>
   </structure>
   <section_number>46.2-1190.1</section_number>
   <catch_line>Curricula requirements</catch_line>
   <history>2004, c. 734.</history>
   <text>
      <section prefix="A"> The curriculum used in a novice rider-training course to train novice riders shall be approved by the Department. Each participant enrolled in a novice rider-training course shall receive no less than the minimum number of hours of classroom and on-cycle instruction as specified in the current approved curriculum.All novice rider courses shall include a module on the effects of alcohol and other drugs on motorcycle operation, and a thorough review of Virginia laws and rules of the road applicable to motorcycles. All novice rider course participants shall be provided one copy of the course textbook and one copy of the Virginia Motorcycle Operator Manual. During the on-cycle instruction no more than six students may be under the supervision of any one instructor at any one time. No more than 12 students may operate motorcycles on the same range at the same time.</section>
      <section prefix="B"> The curriculum used to train experienced riders shall be approved by the Department. Each participant enrolled in an experienced rider course shall receive no less than the minimum number of hours of classroom and on-cycle instruction as specified in the current approved curriculum.All experienced rider courses shall include a module on the effects of alcohol and other drugs on motorcycle operation, and a review of Virginia laws and rules of the road applicable to motorcycles. During on-cycle instruction no more than six students may be under the supervision of any one instructor at any one time, and no more than 12 students may operate motorcycles on the same range at the same time.</section>
      <section prefix="C"> The curriculum used to train sidecar and three-wheeled motorcycle riders shall be approved by the Department. Each participant enrolled in a sidecar and three-wheeled motorcycle course shall receive no less than the minimum number of hours of classroom and on-cycle instruction as specified in the current curriculum.All sidecar and three-wheeled motorcycle course participants shall include a module on the effects of alcohol and other drugs on motorcycle operation, and a thorough review of Virginia laws and rules of the road applicable to motorcycles. During on-cycle instruction no more than six students may be under the supervision of any one instructor at any one time, and no more than six students may operate sidecars or three-wheeled motorcycles on the same range at the same time.</section>
      <section prefix="D"> All course participants shall be required to wear the following protective gear during on-cycle instruction:<section prefix="1"> A minimum three-quarter shell motorcycle helmet that meets U.S. Department of Transportation Safety standards;</section>
         <section prefix="2"> Eye protection;</section>
         <section prefix="3"> A pair of boots or shoes that cover and protect the ankles and feet;</section>
         <section prefix="4"> A long sleeved jacket or long sleeved shirt and long pants of denim or other material of equivalent durability; and</section>
         <section prefix="5"> A pair of full-fingered gloves of leather or other material with resistance to abrasion.</section>
      </section>
   </text>
</law>