<?xml version="1.0" encoding="utf-8"?>
<law xmlns:xs="http://www.w3.org/2001/XMLSchema" xmlns:orig="http://StatRev.xsd"
     xmlns:fn="http://localhost/">
   <structure>
      <unit label="title" identifier="16.1" level="1">Courts Not Of Record</unit>
      <unit label="chapter" identifier="4.1" level="2">District Courts</unit>
      <unit label="article" identifier="2" level="3">Districts; District Courts And Judges</unit>
   </structure>
   <section_number>16.1-69.9:1</section_number>
   <catch_line>Appointment, terms, etc., of substitute judges</catch_line>
   <history>1973, c. 546; 1975, c. 334; 2004, c. 452.</history>
   <text>
      <section prefix="(a"> Substitute judges shall be appointed by the chief judge of the circuit court having jurisdiction within the district for a term of six years.</section>
      <section prefix="(b"> [Repealed.]</section>
      <section prefix="(c"> Each substitute judge shall be appointed to serve every general district court and every juvenile and domestic relations district court within the judicial district for which the appointment is made.</section>
      <section prefix="(d"> No person shall be appointed under this section until he has submitted his fingerprints to be used for the conduct of a national criminal records search and a Virginia criminal history records search. No person with a criminal conviction for a felony shall be appointed as a substitute judge.</section>
   </text>
</law>