<?xml version="1.0" encoding="utf-8"?>
<law xmlns:xs="http://www.w3.org/2001/XMLSchema" xmlns:orig="http://StatRev.xsd"
     xmlns:fn="http://localhost/">
   <structure>
      <unit label="title" identifier="10.1" level="1">Conservation</unit>
      <unit label="subtitle" identifier="II" level="2">Activities Administered By Other Entities</unit>
      <unit label="chapter" identifier="11" level="3">Forest Resources And The Department Of Forestry</unit>
      <unit label="article" identifier="6" level="4">Forest Wardens And Fires</unit>
   </structure>
   <section_number>10.1-1145</section_number>
   <catch_line>Failure to properly maintain logging equipment and railroad locomotives</catch_line>
   <history>Code 1950, § 10-65; 1986, c. 188; 1988, c. 891.</history>
   <text>Logging equipment and railroad locomotives operated in, through, or near forestland, brushland or fields containing dry grass or other inflammable material shall be equipped with appliances and maintained to prevent, as far as may be possible, the escape of fire and sparks from the smokestacks. Any person failing to comply with these requirements shall be guilty of a Class 4 misdemeanor for each offense committed.</text>
</law>