<?xml version="1.0" encoding="utf-8"?>
<law xmlns:xs="http://www.w3.org/2001/XMLSchema" xmlns:orig="http://StatRev.xsd"
     xmlns:fn="http://localhost/">
   <structure>
      <unit label="title" identifier="8.01" level="1">Civil Remedies And Procedure</unit>
      <unit label="chapter" identifier="17.3" level="2">Uniform Foreign-money Claims Act</unit>
   </structure>
   <section_number>8.01-465.23</section_number>
   <catch_line>Enforcement of foreign judgments</catch_line>
   <history>1991, c. 24; 2014, c. 462.</history>
   <text>If an action is brought to enforce a judgment of another jurisdiction expressed in a foreign money and the judgment is enforceable in the Commonwealth, the enforcing judgment must be entered as provided in § 8.01-465.20, whether or not the foreign judgment confers an option to pay in an equivalent amount of United States dollars.A foreign judgment may be filed in accordance with Chapter 17.1 (§ 8.01-465.1 et seq.) or Chapter 17.2 (§ 8.01-465.13:1 et seq.).A satisfaction or partial payment made upon the foreign judgment, on proof thereof, must be credited against the amount of foreign money specified in the judgment, notwithstanding the entry of judgment in the Commonwealth.A judgment entered on a foreign-money claim only in United States dollars in another state shall be enforced in United States dollars only.</text>
</law>