<?xml version="1.0" encoding="utf-8"?>
<law xmlns:xs="http://www.w3.org/2001/XMLSchema" xmlns:orig="http://StatRev.xsd"
     xmlns:fn="http://localhost/">
   <structure>
      <unit label="title" identifier="62.1" level="1">Waters Of The State, Ports And Harbors</unit>
      <unit label="chapter" identifier="3.1" level="2">State Water Control Law</unit>
      <unit label="article" identifier="5" level="3">Enforcement And Appeal Procedure</unit>
   </structure>
   <section_number>62.1-44.28</section_number>
   <catch_line>Decisions of the Board in hearings pursuant to §§ 62.1-44.15 and 62.1-44.25</catch_line>
   <history>1970, c. 638.</history>
   <text>To be valid and operative, the decision by the Board rendered pursuant to hearings under subdivisions (8a), (8b), and (8c) of §§ 62.1-44.15 and 62.1-44.25 must be reduced to writing and contain the explicit findings of fact and conclusions of law upon which the decision of the Board is based and certified copies thereof must be mailed by certified mail to the parties affected by it.</text>
</law>