<?xml version="1.0" encoding="utf-8"?>
<law xmlns:xs="http://www.w3.org/2001/XMLSchema" xmlns:orig="http://StatRev.xsd"
     xmlns:fn="http://localhost/">
   <structure>
      <unit label="title" identifier="55" level="1">Property And Conveyances</unit>
      <unit label="chapter" identifier="3" level="2">Property Rights Of Married Women</unit>
   </structure>
   <section_number>55-42.1</section_number>
   <catch_line>How infant spouse may release interests in spouse's property</catch_line>
   <history>1992, cc. 617, 647.</history>
   <text>Notwithstanding the disability of infancy, on or after January 1, 1991, an infant spouse, whether married before or after January 1, 1991, may release his or her marital rights in the other spouse's real or personal property by uniting in any contract, deed, or other instrument executed by the other spouse or by a commissioner of a court pursuant to a decree entered under §§ 8.01-67 through 8.01-77 or any other law with respect to the infant's property.</text>
</law>