<?xml version="1.0" encoding="utf-8"?>
<law xmlns:xs="http://www.w3.org/2001/XMLSchema" xmlns:orig="http://StatRev.xsd"
     xmlns:fn="http://localhost/">
   <structure>
      <unit label="title" identifier="54.1" level="1">Professions And Occupations</unit>
      <unit label="subtitle" identifier="II" level="2">Professions And Occupations Regulated By The Department Of Professional And Occupational Regulation And Boards Within The Department</unit>
      <unit label="chapter" identifier="20.1" level="3">Real Estate Appraisers</unit>
   </structure>
   <section_number>54.1-2016</section_number>
   <catch_line>Additional licenses</catch_line>
   <history>1990, c. 459.</history>
   <text>
      <section prefix="A"> The Board may establish in regulations other categories of licensure, as well as the conditions required for such licensure, in order to safeguard the public interest or as may be required to satisfy any additional qualification criteria adopted by any federal agency or instrumentality.</section>
      <section prefix="B"> Unless expressly prohibited by federal law or regulation, an individual who is certified or licensed as a real estate appraiser in another jurisdiction may obtain a Virginia real estate appraiser's license if (i) the Board determines that the requirements for certification or licensure, as the case may be, in such jurisdiction are substantially equivalent to the requirements for licensure under this chapter, and (ii) the applicant meets such other requirements as may be established by the Board.</section>
      <section prefix="C"> In accordance with Title 11, § 1122 (a) of the Financial Institutions Reform, Recovery and Enforcement Act of 1989 (12 U.S.C. § 3351(a)), the Board shall adopt regulations that provide for temporary practice in Virginia by appraisers licensed or certified by another state.</section>
   </text>
</law>