<?xml version="1.0" encoding="utf-8"?>
<law xmlns:xs="http://www.w3.org/2001/XMLSchema" xmlns:orig="http://StatRev.xsd"
     xmlns:fn="http://localhost/">
   <structure>
      <unit label="title" identifier="59.1" level="1">Trade And Commerce</unit>
      <unit label="chapter" identifier="9" level="2">Secondhand Articles</unit>
      <unit label="article" identifier="2" level="3">Equipment Of Railroads And Other Companies</unit>
   </structure>
   <section_number>59.1-128</section_number>
   <catch_line>When unlawful to buy, exchange, etc., secondhand copper or aluminum wire</catch_line>
   <history>Code 1950, § 59-155.1; 1958, c. 614; 1968, c. 439.</history>
   <text>It shall be unlawful for any person, firm or corporation to barter, purchase, exchange, buy or accept from any person whomsoever, except the manufacturer thereof or his authorized agent, railroad, coal mining, industrial, manufacturing and public utility companies, or the authorized agents of such companies, governmental agencies, and licensed junk dealers, licensed scrap metal dealers, licensed electrical contractors and licensed merchants, any secondhand grooved or figure-eight copper trolley wire, bare or insulated heavy stranded copper or aluminum feeder wire, high voltage copper or aluminum transmission wire, or bare or insulated mining machine copper cables.</text>
</law>