<?xml version="1.0" encoding="utf-8"?>
<law xmlns:xs="http://www.w3.org/2001/XMLSchema" xmlns:orig="http://StatRev.xsd"
     xmlns:fn="http://localhost/">
   <structure>
      <unit label="title" identifier="22.1" level="1">Education</unit>
      <unit label="chapter" identifier="7" level="2">General Powers And Duties Of School Boards</unit>
   </structure>
   <section_number>22.1-77</section_number>
   <catch_line>Duties of clerk</catch_line>
   <history>Code 1950, § 22-53; 1980, c. 559; 2015, cc. 330, 388.</history>
   <text>The clerk of the school board shall keep in a separate volume the minutes of the meetings of the school board, including all bids submitted on any building, material, supplies, work, or project to be let to contract by such school board, and in another volume a receipt and disbursement record as prescribed by the Board of Education and shall keep on file vouchers, contracts, and other official papers. They shall be subject to such periodic examinations as shall be prescribed or approved by the Board of Education. The clerk may keep such volumes, vouchers, contracts, and other official papers electronically. The clerk shall discharge, under the general direction of the division superintendent, such other duties in connection with the business of the school division as may be required of him by the school board or the Board of Education.</text>
</law>