<?xml version="1.0" encoding="utf-8"?>
<law xmlns:xs="http://www.w3.org/2001/XMLSchema" xmlns:orig="http://StatRev.xsd"
     xmlns:fn="http://localhost/">
   <structure>
      <unit label="title" identifier="64.2" level="1">Wills, Trusts, And Fiduciaries</unit>
      <unit label="subtitle" identifier="V" level="2">Provisions Applicable To Probate And Nonprobate Transfers.</unit>
      <unit label="chapter" identifier="27" level="3">Uniform Powers Of Appointment Act</unit>
      <unit label="article" identifier="5" level="4">Right Of Powerholder's Creditors In Appointive Property.</unit>
   </structure>
   <section_number>64.2-2736</section_number>
   <catch_line>Creditor claim; general power not created by powerholder</catch_line>
   <history>2016, c. 266.</history>
   <text>
      <section prefix="A"> Except as otherwise provided in subsection C, appointive property subject to a presently exercisable general power of appointment created by a person other than the powerholder is subject to a claim of a creditor of the powerholder to the extent that the powerholder's property is insufficient.</section>
      <section prefix="B"> Appointive property subject to a general power of appointment exercisable at the powerholder's death is not subject to a claim of a creditor of the powerholder or the powerholder's estate except to the extent that the power is exercised in favor of the powerholder's estate.</section>
      <section prefix="C"> Subject to subsection C of § 64.2-2738, a power of appointment created by a person other than the powerholder, which is subject to an ascertainable standard relating to an individual's health, education, support, or maintenance within the meaning of 26 U.S.C. § 2041(b)(1)(A) or 26 U.S.C. § 2514(c)(1), as amended, is treated for purposes of this article as a nongeneral power.</section>
   </text>
</law>