<?xml version="1.0" encoding="utf-8"?>
<law xmlns:xs="http://www.w3.org/2001/XMLSchema" xmlns:orig="http://StatRev.xsd"
     xmlns:fn="http://localhost/">
   <structure>
      <unit label="title" identifier="63.2" level="1">Welfare (social Services)</unit>
      <unit label="subtitle" identifier="II" level="2">Public Assistance</unit>
      <unit label="chapter" identifier="5" level="3">General Provisions</unit>
   </structure>
   <section_number>63.2-515</section_number>
   <catch_line>Notice to applicant or recipient of decision</catch_line>
   <history>Code 1950, §§ 63-121, 63-140.5, 63-147, 63-149, 63-185, 63-187, 63-214; 1962, c. 621; 1968, c. 578, § 63.1-114; 2002, c. 747.</history>
   <text>As soon as the local board makes any decision granting, denying, changing or discontinuing any grant of public assistance, it shall give written notice thereof to the applicant or recipient.</text>
</law>