<?xml version="1.0" encoding="utf-8"?>
<law xmlns:xs="http://www.w3.org/2001/XMLSchema" xmlns:orig="http://StatRev.xsd"
     xmlns:fn="http://localhost/">
   <structure>
      <unit label="title" identifier="8.11" level="1">1973 Amendatory Act--effective Date And Transition Provisions</unit>
   </structure>
   <section_number>8.11-104</section_number>
   <catch_line>Transition provision on change of requirement of filing</catch_line>
   <history>1973, c. 509.</history>
   <text>A security interest for the perfection of which filing or the taking of possession was required under Titles 8.1 through 8.10 as amended through 1972 and which attached prior to the effective date of this act of 1973, but was not perfected shall be deemed perfected on the effective date of this act of 1973, if this act of 1973 permits perfection without filing or authorizes filing in the office or offices where a prior ineffective filing was made.</text>
</law>