<?xml version="1.0" encoding="utf-8"?>
<law xmlns:xs="http://www.w3.org/2001/XMLSchema" xmlns:orig="http://StatRev.xsd"
     xmlns:fn="http://localhost/">
   <structure>
      <unit label="title" identifier="63.2" level="1">Welfare (social Services)</unit>
      <unit label="subtitle" identifier="I" level="2">General Provisions Relating To Social Services</unit>
      <unit label="chapter" identifier="3" level="3">Local Social Services</unit>
      <unit label="article" identifier="1" level="4">Local Boards Of Social Services</unit>
   </structure>
   <section_number>63.2-303</section_number>
   <catch_line>Local boards in counties having special forms of county government</catch_line>
   <history>Code 1950, § 63-60; 1968, c. 578, § 63.1-41; 1970, cc. 465, 467; 1981, c. 90; 2002, c. 747.</history>
   <text>Where the statutes dealing with special forms of county government provide for the appointment of local boards, the provisions of such statutes shall control.</text>
</law>