<?xml version="1.0" encoding="utf-8"?>
<law xmlns:xs="http://www.w3.org/2001/XMLSchema" xmlns:orig="http://StatRev.xsd"
     xmlns:fn="http://localhost/">
   <structure>
      <unit label="title" identifier="18.2" level="1">Crimes And Offenses Generally</unit>
      <unit label="chapter" identifier="12" level="2">Miscellaneous</unit>
      <unit label="article" identifier="3" level="3">Miscellaneous Offenses In General</unit>
   </structure>
   <section_number>18.2-504.1</section_number>
   <catch_line>Unlawful change of name; punishment</catch_line>
   <history>Code 1950, § 8-577.1; 1956, c. 402; 1973, c. 401; 1976, c. 115; 1977, c. 624.</history>
   <text>If any person residing in this Commonwealth changes his name or assumes another name, unlawfully, he shall be guilty of a Class 3 misdemeanor.</text>
</law>