<?xml version="1.0" encoding="utf-8"?>
<law xmlns:xs="http://www.w3.org/2001/XMLSchema" xmlns:orig="http://StatRev.xsd"
     xmlns:fn="http://localhost/">
   <structure>
      <unit label="title" identifier="19.2" level="1">Criminal Procedure</unit>
      <unit label="chapter" identifier="9" level="2">Bail And Recognizances</unit>
      <unit label="article" identifier="2" level="3">Recognizances</unit>
   </structure>
   <section_number>19.2-137</section_number>
   <catch_line>Order of court on recognizance</catch_line>
   <history>Code 1950, § 19.1-129; 1960, c. 366; 1975, c. 495; 1991, c. 581.</history>
   <text>When such recognizance is taken by a court of a person to answer a charge or of a witness to give evidence it shall be sufficient for the order of the court taking the recognizance to state that the party or parties recognized were duly recognized upon a bond in such sum as the court may have directed with such surety as the court may have accepted for his or their appearance before such court at such time as may have been prescribed by the court to answer for the offense with which such person is charged or to give evidence, as the case may be.</text>
</law>