<?xml version="1.0" encoding="utf-8"?>
<law xmlns:xs="http://www.w3.org/2001/XMLSchema" xmlns:orig="http://StatRev.xsd"
     xmlns:fn="http://localhost/">
   <structure>
      <unit label="title" identifier="13.1" level="1">Corporations</unit>
      <unit label="chapter" identifier="9" level="2">Virginia Stock Corporation Act</unit>
      <unit label="article" identifier="17" level="3">Foreign Corporations</unit>
   </structure>
   <section_number>13.1-761</section_number>
   <catch_line>Effect of certificate of authority</catch_line>
   <history>Code 1950, §§ 13.1-102, 13.1-103, 13.1-108; 1956, c. 428; 1985, c. 522.</history>
   <text>
      <section prefix="A"> A certificate of authority authorizes the foreign corporation to which it is issued to transact business in this Commonwealth subject, however, to the right of the Commonwealth to revoke the certificate as provided in this Act.</section>
      <section prefix="B"> A foreign corporation holding a valid certificate of authority shall have no greater rights and privileges than a domestic corporation. The certificate of authority shall not be deemed to authorize it to exercise any of its corporate powers or purposes that a foreign corporation is forbidden by law to exercise in this Commonwealth.</section>
      <section prefix="C"> This chapter does not authorize this Commonwealth to regulate the organization or internal affairs of a foreign corporation authorized to transact business in this Commonwealth.</section>
   </text>
</law>