<?xml version="1.0" encoding="utf-8"?>
<law xmlns:xs="http://www.w3.org/2001/XMLSchema" xmlns:orig="http://StatRev.xsd"
     xmlns:fn="http://localhost/">
   <structure>
      <unit label="title" identifier="18.2" level="1">Crimes And Offenses Generally</unit>
      <unit label="chapter" identifier="4" level="2">Crimes Against The Person</unit>
      <unit label="article" identifier="6" level="3">Extortion And Other Threats</unit>
   </structure>
   <section_number>18.2-60.4</section_number>
   <catch_line>Violation of protective orders; penalty</catch_line>
   <history>1998, c. 569; 2003, c. 219; 2011, cc. 445, 480; 2013, cc. 761, 774; 2016, cc. 583, 585, 638.</history>
   <text>
      <section prefix="A"> Any person who violates any provision of a protective order issued pursuant to § 19.2-152.8, 19.2-152.9, or 19.2-152.10 is guilty of a Class 1 misdemeanor. Conviction hereunder shall bar a finding of contempt for the same act. The punishment for any person convicted of a second offense of violating a protective order, when the offense is committed within five years of the prior conviction and when either the instant or prior offense was based on an act or threat of violence, shall include a mandatory minimum term of confinement of 60 days. Any person convicted of a third or subsequent offense of violating a protective order, when the offense is committed within 20 years of the first conviction and when either the instant or one of the prior offenses was based on an act or threat of violence, is guilty of a Class 6 felony and the punishment shall include a mandatory minimum term of confinement of six months. The mandatory minimum terms of confinement prescribed for violations of this section shall be served consecutively with any other sentence.</section>
      <section prefix="B"> In addition to any other penalty provided by law, any person who, while knowingly armed with a firearm or other deadly weapon, violates any provision of a protective order with which he has been served issued pursuant to § 19.2-152.8, 19.2-152.9, or 19.2-152.10 is guilty of a Class 6 felony.</section>
      <section prefix="C"> If the respondent commits an assault and battery upon any party protected by the protective order resulting in bodily injury to the party or stalks any party protected by the protective order in violation of § 18.2-60.3, he is guilty of a Class 6 felony. Any person who violates such a protective order by furtively entering the home of any protected party while the party is present, or by entering and remaining in the home of the protected party until the party arrives, is guilty of a Class 6 felony, in addition to any other penalty provided by law.</section>
      <section prefix="D"> Upon conviction of any offense hereunder for which a mandatory minimum term of confinement is not specified, the person shall be sentenced to a term of confinement and in no case shall the entire term imposed be suspended.</section>
      <section prefix="E"> Upon conviction, the court shall, in addition to the sentence imposed, enter a protective order pursuant to § 19.2-152.10 for a specified period not exceeding two years from the date of conviction.</section>
   </text>
</law>