<?xml version="1.0" encoding="utf-8"?>
<law xmlns:xs="http://www.w3.org/2001/XMLSchema" xmlns:orig="http://StatRev.xsd"
     xmlns:fn="http://localhost/">
   <structure>
      <unit label="title" identifier="64.2" level="1">Wills, Trusts, And Fiduciaries</unit>
      <unit label="subtitle" identifier="V" level="2">Provisions Applicable To Probate And Nonprobate Transfers.</unit>
      <unit label="chapter" identifier="27" level="3">Uniform Powers Of Appointment Act</unit>
      <unit label="article" identifier="4" level="4">Disclaimer Or Release; Contract To Appoint Or Not To Appoint.</unit>
   </structure>
   <section_number>64.2-2732</section_number>
   <catch_line>Power to contract; presently exercisable power of appointment</catch_line>
   <history>2016, c. 266.</history>
   <text>
      <section prefix="">A powerholder of a presently exercisable power of appointment may contract:<section prefix="1"> Not to exercise the power; or</section>
         <section prefix="2"> To exercise the power if the contract when made does not confer a benefit on an impermissible appointee.</section>
      </section>
   </text>
</law>