<?xml version="1.0" encoding="utf-8"?>
<law xmlns:xs="http://www.w3.org/2001/XMLSchema" xmlns:orig="http://StatRev.xsd"
     xmlns:fn="http://localhost/">
   <structure>
      <unit label="title" identifier="15.2" level="1">Counties, Cities And Towns</unit>
      <unit label="subtitle" identifier="IV" level="2">Other Governmental Entities</unit>
      <unit label="chapter" identifier="53.1" level="3">Southwest Virginia Health Authority</unit>
   </structure>
   <section_number>15.2-5371</section_number>
   <catch_line>Decisions of Authority</catch_line>
   <history>2007, c. 676; 2010, c. 575.</history>
   <text>A majority of the Authority shall constitute a quorum for the purposes of conducting its business and exercising its powers and for all other purposes. Actions of the Authority shall receive the affirmative vote of a majority of the quorum to be effective. No vacancy on the Authority shall impair the right of a quorum to exercise all rights and perform all the duties of the Authority. The Authority shall determine the times and places of its regular meetings. Special meetings of the Authority shall be held when requested by two or more members of the Authority. Any such request for a special meeting shall be in writing, and the request shall specify the time and place of the meeting and the matters to be considered at the meeting. A reasonable effort shall be made to provide each member with notice of any special meeting. No matter not specified in the notice shall be considered at such special meeting unless all the members of the Authority are present.</text>
</law>