<?xml version="1.0" encoding="utf-8"?>
<law xmlns:xs="http://www.w3.org/2001/XMLSchema" xmlns:orig="http://StatRev.xsd"
     xmlns:fn="http://localhost/">
   <structure>
      <unit label="title" identifier="9.1" level="1">Commonwealth Public Safety</unit>
      <unit label="chapter" identifier="4" level="2">Line Of Duty Act</unit>
   </structure>
   <section_number>9.1-406</section_number>
   <catch_line>(Repealed effective July 1, 2017) Appeals</catch_line>
   <history>1995, c. 156, § 2.1-133.11; 2001, c. 844; 2005, c. 681.</history>
   <text>Appeals from judgments entered pursuant to this chapter shall be allowed as in civil actions generally.</text>
</law>