<?xml version="1.0" encoding="utf-8"?>
<law xmlns:xs="http://www.w3.org/2001/XMLSchema" xmlns:orig="http://StatRev.xsd"
     xmlns:fn="http://localhost/">
   <structure>
      <unit label="title" identifier="3.2" level="1">Agriculture, Animal Care, And Food</unit>
      <unit label="subtitle" identifier="III" level="2">Production And Sale Of Agricultural Products.</unit>
      <unit label="chapter" identifier="32" level="3">Milk Commission</unit>
   </structure>
   <section_number>3.2-3213</section_number>
   <catch_line>Report of licensees</catch_line>
   <history>Code 1950, § 3-364; 1966, c. 702, § 3.1-443; 2008, c. 860.</history>
   <text>Each licensee shall furnish to the Commission verified reports containing information as required by the Commission.</text>
</law>