<?xml version="1.0" encoding="utf-8"?>
<law xmlns:xs="http://www.w3.org/2001/XMLSchema" xmlns:orig="http://StatRev.xsd"
     xmlns:fn="http://localhost/">
   <structure>
      <unit label="title" identifier="13.1" level="1">Corporations</unit>
      <unit label="chapter" identifier="3" level="2">Cooperative Associations</unit>
      <unit label="article" identifier="2" level="3">Agricultural Cooperative Associations</unit>
   </structure>
   <section_number>13.1-333.1</section_number>
   <catch_line>Annual reports</catch_line>
   <history>1989, c. 465.</history>
   <text>Each association subject to this chapter within six months after the close of its fiscal year shall transmit to each of its members an annual report containing the name of the association, its place of business, a general statement of its business operations during the fiscal year, showing the amount of capital stock paid up and the number of stockholders, if a stock corporation, or the number of members and the amount of the membership fees received, if a nonstock association; an income and expense statement; and its balance sheet.  Any association audited by a certified public accountant may comply with this section by transmitting a copy of such audit to its members.The term "transmit," as used in this section, may be satisfied by printing the annual report or audit in an official publication of the association.</text>
</law>