<?xml version="1.0" encoding="utf-8"?>
<law xmlns:xs="http://www.w3.org/2001/XMLSchema" xmlns:orig="http://StatRev.xsd"
     xmlns:fn="http://localhost/">
   <structure>
      <unit label="title" identifier="2.2" level="1">Administration Of Government</unit>
      <unit label="subtitle" identifier="I" level="2">Organization Of State Government</unit>
      <unit label="part" identifier="D" level="3">State Authorities, Boards, Commissions, Councils, Foundations And Other Collegial Bodies</unit>
      <unit label="chapter" identifier="22" level="4">Authorities</unit>
      <unit label="article" identifier="7" level="5">Virginia Small Business Financing Authority</unit>
   </structure>
   <section_number>2.2-2286</section_number>
   <catch_line>Power to condemn</catch_line>
   <history>1984, c. 749, § 9-206; 2001, c. 844; 2003, c. 940.</history>
   <text>The Authority may condemn property in furtherance of its purposes; provided, that any such condemnation shall be approved by the governing body of the municipality having jurisdiction over the property so condemned. Any property condemned by the Authority shall not be sold or leased by the Authority unless the Authority, preceding the consummation of any such sale or lease, finds and determines that such sale or lease is in furtherance of, or incidental to, the main purposes of the Authority under this article or that such property is no longer needed in furtherance of, or incidental to, such purposes. Any exercise of the power to condemn as authorized by this section shall be in accordance with the provisions of Chapter 2 (§ 25.1-200 et seq.) of Title 25.1.</text>
</law>