<?xml version="1.0" encoding="utf-8"?>
<law xmlns:xs="http://www.w3.org/2001/XMLSchema" xmlns:orig="http://StatRev.xsd"
     xmlns:fn="http://localhost/">
   <structure>
      <unit label="title" identifier="13.1" level="1">Corporations</unit>
      <unit label="chapter" identifier="12" level="2">Virginia Limited Liability Company Act</unit>
      <unit label="article" identifier="2" level="3">Formation</unit>
   </structure>
   <section_number>13.1-1008</section_number>
   <catch_line>Purposes</catch_line>
   <history>1991, c. 168; 1992, c. 574; 2002, c. 288; 2004, c. 601.</history>
   <text>Every limited liability company formed under this chapter has the purpose of engaging in any lawful business, purpose, or activity, whether or not such business, purpose, or activity is carried on for profit, except as otherwise provided by the law of this Commonwealth, unless a more limited purpose is set forth in the articles of organization.</text>
</law>