<?xml version="1.0" encoding="utf-8"?>
<law xmlns:xs="http://www.w3.org/2001/XMLSchema" xmlns:orig="http://StatRev.xsd"
     xmlns:fn="http://localhost/">
   <structure>
      <unit label="title" identifier="46.2" level="1">Motor Vehicles</unit>
      <unit label="subtitle" identifier="II" level="2">Titling, Registration And Licensure</unit>
      <unit label="chapter" identifier="6" level="3">Titling And Registration Of Motor Vehicles</unit>
      <unit label="article" identifier="10" level="4">Special License Plates</unit>
   </structure>
   <section_number>46.2-743</section_number>
   <catch_line>Special license plates for active duty members of the armed forces of the United States and certain veterans; fees</catch_line>
   <history>1985, c. 162, § 46.1-105.11; 1987, c. 696; 1989, c. 727; 1995, c. 747; 1996, c. 1026; 1997, cc. 774, 816; 1999, cc. 883, 907; 2000, cc. 75, 190; 2002, cc. 90, 864; 2005, cc. 264, 273, 929; 2006, c. 437; 2008, Sp. Sess. II, c. 4; 2009, c. 679; 2011, cc. 572, 586; 2012, c. 379; 2013, c. 478; 2014, cc. 270, 483.</history>
   <text>
      <section prefix="A"> On receipt of an application and written evidence that the applicant is an honorably discharged former member of one of the armed forces of the United States, the Commissioner shall issue to the applicant special license plates.</section>
      <section prefix="B"> On receipt of an application and written evidence that the applicant is on active duty with, has been honorably discharged after at least six months of active duty service in, or has retired from the United States Marine Corps, the Commissioner shall issue to the applicant special license plates whose design incorporates an emblem of the United States Marine Corps. Unremarried surviving spouses of persons eligible to receive special license plates under this subsection may also be issued special license plates under this subsection.</section>
      <section prefix="C"> On receipt of an application and written evidence that the applicant is on active duty with, has been honorably discharged after at least six months of active duty service in, or has retired from the United States Army, the Commissioner shall issue to the applicant special license plates whose design incorporates an emblem of the United States Army.</section>
      <section prefix="D"> On receipt of an application and written evidence that the applicant is on active duty with, has been honorably discharged after at least six months of active duty service in, or has retired from the United States Coast Guard, the Commissioner shall issue to the applicant special license plates whose design incorporates an emblem of the United States Coast Guard. Unremarried surviving spouses of persons eligible to receive special license plates under this subsection may also be issued special license plates under this subsection.</section>
      <section prefix="E"> All special license plates that have been developed and issued pursuant to subsection B, C, or D shall also be issued to applicants who can provide documentation from the U.S. Department of Veterans Affairs indicating that the applicant has been designated disabled, and that his disability is service-connected, and that he has been honorably discharged from a branch of the armed forces of the United States.</section>
      <section prefix="F"> On receipt of an application and written evidence that the applicant is a veteran of World War II, the Commissioner shall issue special license plates to veterans of World War II. For each set of license plates issued under this subsection, the Commissioner shall charge, in addition to the prescribed cost of state license plates, a one-time fee of $ 10 at the time the plates are issued.</section>
      <section prefix="G"> On receipt of an application and written evidence that the applicant is a veteran of the Korean War, the Commissioner shall issue special license plates to veterans of the Korean War.</section>
      <section prefix="H"> On receipt of an application and written evidence that the applicant is a veteran of the Vietnam War, the Commissioner shall issue special license plates to veterans of the Vietnam War.</section>
      <section prefix="I"> On receipt of an application and written evidence that the applicant is a veteran of the Asiatic-Pacific Campaign, the Commissioner shall issue special license plates to veterans of that campaign. For each set of license plates issued under this subsection, the Commissioner shall charge, in addition to the prescribed cost of state license plates, a one-time fee of $ 10 at the time the plates are issued.</section>
      <section prefix="J"> On receipt of an application and written evidence that the applicant is a veteran of Operation Iraqi Freedom, the Commissioner shall issue special license plates to veterans of Operation Iraqi Freedom.</section>
      <section prefix="K"> On receipt of an application and written evidence that the applicant is a veteran of Operation Enduring Freedom, the Commissioner shall issue special license plates to veterans of Operation Enduring Freedom.</section>
      <section prefix="L"> On receipt of an application and written evidence that the applicant is a member of the Virginia Defense Force, the Commissioner shall issue special license plates to members of the Virginia Defense Force.</section>
      <section prefix="M"> On receipt of an application and written evidence that the applicant is a veteran of Operation Desert Shield or Operation Desert Storm, the Commissioner shall issue special license plates to veterans of those military operations.</section>
      <section prefix="N"> The provisions of subdivisions B 1 and B 2 of § 46.2-725 shall not apply to license plates issued under subsections F, G, H, J, K, L, and M.</section>
   </text>
</law>