<?xml version="1.0" encoding="utf-8"?>
<law xmlns:xs="http://www.w3.org/2001/XMLSchema" xmlns:orig="http://StatRev.xsd"
     xmlns:fn="http://localhost/">
   <structure>
      <unit label="title" identifier="24.2" level="1">Elections</unit>
      <unit label="chapter" identifier="6" level="2">The Election</unit>
      <unit label="article" identifier="1" level="3">General Provisions; Polling Places</unit>
   </structure>
   <section_number>24.2-603</section_number>
   <catch_line>Hours polls to be open; closing the polls</catch_line>
   <history>Code 1950, §§ 24-182, 24-184; 1950, p. 462; 1958, c. 160; 1962, c. 536; 1966, c. 116; 1970, c. 462, §§ 24.1-98, 24.1-99; 1981, c. 425; 1993, c. 641; 2008, c. 423.</history>
   <text>At all elections, the polls shall be open at each polling place at 6:00 a.m. on the day of the election and closed at 7:00 p.m. on the same day except as provided for central absentee voter precincts pursuant to subsection F of § 24.2-712.At 6:45 p.m. an officer of election shall announce that the polls will close in fifteen minutes. The officers of election shall list the names of all qualified voters in line before the polling place at 7:00 p.m. and permit those voters and no others to vote after 7:00 p.m.</text>
</law>