<?xml version="1.0" encoding="utf-8"?>
<law xmlns:xs="http://www.w3.org/2001/XMLSchema" xmlns:orig="http://StatRev.xsd"
     xmlns:fn="http://localhost/">
   <structure>
      <unit label="title" identifier="2.2" level="1">Administration Of Government</unit>
      <unit label="subtitle" identifier="I" level="2">Organization Of State Government</unit>
      <unit label="part" identifier="E" level="3">State Officers And Employees</unit>
      <unit label="chapter" identifier="30.1" level="4">The Fraud And Abuse Whistle Blower Protection Act</unit>
   </structure>
   <section_number>2.2-3010.1</section_number>
   <catch_line>Discrimination and retaliatory actions against citizen whistle blowers prohibited; good faith required; other remedies</catch_line>
   <history>2014, c. 403; 2016, c. 292.</history>
   <text>
      <section prefix="A"> No governmental agency may threaten or otherwise discriminate or retaliate against a citizen whistle blower because the whistle blower is requested or subpoenaed by an appropriate authority to participate in an investigation, hearing, or inquiry by an appropriate authority or in a court action.</section>
      <section prefix="B"> To be protected by the provisions of this chapter, a citizen of the Commonwealth who discloses information about suspected wrongdoing or abuse shall do so in good faith and upon a reasonable belief that the information is accurate. Disclosures that are reckless or that the citizen knew or should have known were false, confidential by law, or malicious shall not be deemed good faith reports and shall not be protected.</section>
      <section prefix="C"> Any citizen whistle blower disclosing information of wrongdoing or abuse under this chapter where the disclosure results in a recovery of at least $ 5,000 may file a claim for reward under the Fraud and Abuse Whistle Blower Reward Fund established in § 2.2-3014.</section>
      <section prefix="D"> Except for the provisions of subsection F of § 2.2-3011, nothing in this chapter shall be construed to limit the remedies provided by the Virginia Fraud Against Taxpayers Act (§ 8.01-216.1 et seq.).</section>
   </text>
</law>