<?xml version="1.0" encoding="utf-8"?>
<law xmlns:xs="http://www.w3.org/2001/XMLSchema" xmlns:orig="http://StatRev.xsd"
     xmlns:fn="http://localhost/">
   <structure>
      <unit label="title" identifier="64.2" level="1">Wills, Trusts, And Fiduciaries</unit>
      <unit label="subtitle" identifier="IV" level="2">Fiduciaries And Guardians</unit>
      <unit label="part" identifier="B" level="3">Powers Of Attorney.</unit>
      <unit label="chapter" identifier="16" level="4">Uniform Power Of Attorney Act</unit>
      <unit label="article" identifier="1" level="5">General Provisions.</unit>
   </structure>
   <section_number>64.2-1621</section_number>
   <catch_line>Remedies under other law</catch_line>
   <history>2010, cc. 455, 632, § 26-94; 2012, c. 614.</history>
   <text>The remedies under this chapter are not exclusive and do not abrogate any right or remedy, including a court-supervised accounting, under the laws of the Commonwealth other than this chapter.</text>
</law>