<?xml version="1.0" encoding="utf-8"?>
<law xmlns:xs="http://www.w3.org/2001/XMLSchema" xmlns:orig="http://StatRev.xsd"
     xmlns:fn="http://localhost/">
   <structure>
      <unit label="title" identifier="38.2" level="1">Insurance</unit>
      <unit label="chapter" identifier="36" level="2">Medicare Supplement Policies</unit>
   </structure>
   <section_number>38.2-3603</section_number>
   <catch_line>Same; minimum return for individual policies</catch_line>
   <history>1981, c. 575, § 38.1-362.8:3; 1986, c. 562; 1991, c. 120.</history>
   <text>Medicare supplement policies sold on an individual basis shall be expected to return to policyowners in the form of aggregate benefits at least sixty-five percent of the aggregate amount of premiums collected.</text>
</law>