<?xml version="1.0" encoding="utf-8"?>
<law xmlns:xs="http://www.w3.org/2001/XMLSchema" xmlns:orig="http://StatRev.xsd"
     xmlns:fn="http://localhost/">
   <structure>
      <unit label="title" identifier="22.1" level="1">Education</unit>
      <unit label="chapter" identifier="14" level="2">Pupils</unit>
      <unit label="article" identifier="3" level="3">Discipline</unit>
   </structure>
   <section_number>22.1-276.1</section_number>
   <catch_line>Repealed</catch_line>
   <history/>
   <text>Expired.</text>
</law>