<?xml version="1.0" encoding="utf-8"?>
<law xmlns:xs="http://www.w3.org/2001/XMLSchema" xmlns:orig="http://StatRev.xsd"
     xmlns:fn="http://localhost/">
   <structure>
      <unit label="title" identifier="27" level="1">Fire Protection</unit>
      <unit label="chapter" identifier="3" level="2">Local Fire Marshals</unit>
   </structure>
   <section_number>27-34.3</section_number>
   <catch_line>Power to order immediate compliance with law, etc., or prohibit use of building or equipment</catch_line>
   <history>1975, c. 216; 1988, c. 199.</history>
   <text>The local fire marshal shall, if authorized by the governing body of the county, city or town appointing him, have the authority to exercise the powers authorized by the Fire Prevention Code. However, an order prohibiting the use of a building or equipment issued pursuant to this section shall not be effective beyond the date of a determination made by the authorities identified in and pursuant to § 27-97, regardless of whether or not said determination overrules, modifies or affirms the order of the local fire marshal. If an order of the local fire marshal issued pursuant to this section conflicts to any degree with an order previously issued by an authority identified in and pursuant to § 27-97, the latter order shall prevail. The local fire marshal shall immediately report to the authorities identified in § 27-97 on the issuance and content of any order issued pursuant to this section.</text>
</law>