<?xml version="1.0" encoding="utf-8"?>
<law xmlns:xs="http://www.w3.org/2001/XMLSchema" xmlns:orig="http://StatRev.xsd"
     xmlns:fn="http://localhost/">
   <structure>
      <unit label="title" identifier="10.1" level="1">Conservation</unit>
      <unit label="subtitle" identifier="II" level="2">Activities Administered By Other Entities</unit>
      <unit label="chapter" identifier="18" level="3">Virginia Outdoors Foundation</unit>
   </structure>
   <section_number>10.1-1803</section_number>
   <catch_line>Gifts, devises and bequests</catch_line>
   <history>1966, c. 525, § 10-165; 1988, c. 891.</history>
   <text>Gifts, devises or bequests, whether personal or real property, and the income therefrom, accepted by the Foundation, shall be deemed to be gifts to the Commonwealth, which shall be exempt from all state and local taxes, and shall be regarded as the property of the Commonwealth for the purposes of all tax laws.</text>
</law>