<?xml version="1.0" encoding="utf-8"?>
<law xmlns:xs="http://www.w3.org/2001/XMLSchema" xmlns:orig="http://StatRev.xsd"
     xmlns:fn="http://localhost/">
   <structure>
      <unit label="title" identifier="8.01" level="1">Civil Remedies And Procedure</unit>
      <unit label="chapter" identifier="26" level="2">Appeals To The Supreme Court</unit>
      <unit label="article" identifier="4" level="3">The Petition</unit>
   </structure>
   <section_number>8.01-674</section_number>
   <catch_line>With whom filed; endorsement thereon; reference to justice or justices; when deemed to be filed</catch_line>
   <history>Code 1950, § 8-475; 1976, c. 615; 1977, c. 617; 1984, c. 703.</history>
   <text>The petition for appeal to the Supreme Court shall be filed with the Clerk of the Supreme Court. The Clerk shall endorse thereon the day and year he received it and shall refer it to one or more justices of the Supreme Court as the Court shall direct. A petition shall, for the purposes of § 8.01-671, be deemed to be timely filed if it is mailed postage prepaid to the Clerk by registered or certified mail and if the official postal receipt therefor is exhibited upon the demand of the Clerk or any party and it shows mailing within the prescribed time limits.</text>
</law>