<?xml version="1.0" encoding="utf-8"?>
<law xmlns:xs="http://www.w3.org/2001/XMLSchema" xmlns:orig="http://StatRev.xsd"
     xmlns:fn="http://localhost/">
   <structure>
      <unit label="title" identifier="19.2" level="1">Criminal Procedure</unit>
      <unit label="chapter" identifier="11.1" level="2">Disposition Of Persons Acquitted By Reason Of Insanity</unit>
   </structure>
   <section_number>19.2-182.3</section_number>
   <catch_line>Commitment; civil proceedings</catch_line>
   <history>1991, c. 427; 1993, c. 295; 2005, c. 716; 2012, cc. 476, 507.</history>
   <text>
      <section prefix="">Upon receipt of the evaluation report and, if applicable, a conditional release or discharge plan, the court shall schedule the matter for hearing on an expedited basis, giving the matter priority over other civil matters before the court, to determine the appropriate disposition of the acquittee. Except as otherwise ordered by the court, the attorney who represented the defendant at the criminal proceedings shall represent the acquittee through the proceedings pursuant to this section. The matter may be continued on motion of either party for good cause shown. The acquittee shall be provided with adequate notice of the hearing, of the right to be present at the hearing, the right to the assistance of counsel in preparation for and during the hearing, and the right to introduce evidence and cross-examine witnesses at the hearing. The hearing is a civil proceeding.At the conclusion of the hearing, the court shall commit the acquittee if it finds that he has mental illness or intellectual disability and is in need of inpatient hospitalization. For the purposes of this chapter, mental illness includes any mental illness, as defined in § 37.2-100, in a state of remission when the illness may, with reasonable probability, become active. The decision of the court shall be based upon consideration of the following factors:<section prefix="1"> To what extent the acquittee has mental illness or intellectual disability, as those terms are defined in § 37.2-100;</section>
         <section prefix="2"> The likelihood that the acquittee will engage in conduct presenting a substantial risk of bodily harm to other persons or to himself in the foreseeable future;</section>
         <section prefix="3"> The likelihood that the acquittee can be adequately controlled with supervision and treatment on an outpatient basis; and</section>
         <section prefix="4"> Such other factors as the court deems relevant.</section>
      </section>
      <section prefix="">If the court determines that an acquittee does not need inpatient hospitalization solely because of treatment or habilitation he is currently receiving, but the court is not persuaded that the acquittee will continue to receive such treatment or habilitation, it may commit him for inpatient hospitalization. The court shall order the acquittee released with conditions pursuant to §§ 19.2-182.7, 19.2-182.8, and 19.2-182.9 if it finds that he is not in need of inpatient hospitalization but that he meets the criteria for conditional release set forth in § 19.2-182.7. If the court finds that the acquittee does not need inpatient hospitalization nor does he meet the criteria for conditional release, it shall release him without conditions, provided the court has approved a discharge plan prepared by the appropriate community services board or behavioral health authority in consultation with the appropriate hospital staff.</section>
   </text>
</law>