<?xml version="1.0" encoding="utf-8"?>
<law xmlns:xs="http://www.w3.org/2001/XMLSchema" xmlns:orig="http://StatRev.xsd"
     xmlns:fn="http://localhost/">
   <structure>
      <unit label="title" identifier="67" level="1">Virginia Energy Plan</unit>
      <unit label="chapter" identifier="8" level="2">Motor Vehicle Fuel Efficiency Standards.</unit>
   </structure>
   <section_number>67-801</section_number>
   <catch_line>Efforts to increase CAFE standards</catch_line>
   <history>2006, c. 939.</history>
   <text>
      <section prefix="">It is the policy of the Commonwealth to support federal action that provides for:<section prefix="1"> An increase the CAFE standards from the current standard by promoting performance-based tax credits for advanced technology, fuel-efficient vehicles to facilitate the introduction and purchase of such vehicles; and</section>
         <section prefix="2"> Market incentives and education programs to build demand for high-efficiency, cleaner vehicles, including tax incentives for highly efficient vehicles.</section>
      </section>
   </text>
</law>