<?xml version="1.0" encoding="utf-8"?>
<law xmlns:xs="http://www.w3.org/2001/XMLSchema" xmlns:orig="http://StatRev.xsd"
     xmlns:fn="http://localhost/">
   <structure>
      <unit label="title" identifier="44" level="1">Military And Emergency Laws</unit>
      <unit label="chapter" identifier="1" level="2">Military Laws Of Virginia</unit>
      <unit label="article" identifier="2" level="3">General Administrative Officers</unit>
   </structure>
   <section_number>44-21</section_number>
   <catch_line>Bonds of Adjutant General and fiscal clerks</catch_line>
   <history>1930, p. 952; Michie Code 1942, § 2673(13); R. P. 1948,§ 44-21; 1964, c. 227; 2011, cc. 572, 586.</history>
   <text>The Adjutant General and his fiscal clerks shall each give bond, with sufficient sureties, to be approved by the Governor, as provided by law for other state officers.</text>
</law>