<?xml version="1.0" encoding="utf-8"?>
<law xmlns:xs="http://www.w3.org/2001/XMLSchema" xmlns:orig="http://StatRev.xsd"
     xmlns:fn="http://localhost/">
   <structure>
      <unit label="title" identifier="1" level="1">General Provisions</unit>
      <unit label="chapter" identifier="5" level="2">Emblems</unit>
      <unit label="article" identifier="1" level="3">Symbols Of Sovereignty</unit>
   </structure>
   <section_number>1-502</section_number>
   <catch_line>Custody; impressions displayed in The Library of Virginia</catch_line>
   <history>Code 1950, § 7-28; 1966, c. 102, § 7.1-28; 1994, c. 64; 1998, c. 427; 2005, c. 839.</history>
   <text>The seals of the Commonwealth described in §§ 1-500 and 1-501 shall be kept by the Secretary of the Commonwealth and used as provided by law, and at least three clear impressions of the seals shall be kept and displayed by the Librarian of Virginia in some suitable place in The Library of Virginia, for public inspection.</text>
</law>