<?xml version="1.0" encoding="utf-8"?>
<law xmlns:xs="http://www.w3.org/2001/XMLSchema" xmlns:orig="http://StatRev.xsd"
     xmlns:fn="http://localhost/">
   <structure>
      <unit label="title" identifier="53.1" level="1">Prisons And Other Methods Of Correction</unit>
      <unit label="chapter" identifier="1" level="2">Administration Generally</unit>
      <unit label="article" identifier="3" level="3">Department Of Corrections And Director Of Corrections</unit>
   </structure>
   <section_number>53.1-13</section_number>
   <catch_line>Bonds of agents and employees</catch_line>
   <history>Code 1950, § 53-19.16; 1974, cc. 44, 45; 1982, c. 636.</history>
   <text>Proper bonds shall be required of all agents and employees who handle any funds which come into custody of the Department. The premiums on the bonds shall be paid from funds appropriated to the Department.</text>
</law>