<?xml version="1.0" encoding="utf-8"?>
<law xmlns:xs="http://www.w3.org/2001/XMLSchema" xmlns:orig="http://StatRev.xsd"
     xmlns:fn="http://localhost/">
   <structure>
      <unit label="title" identifier="56" level="1">Public Service Companies</unit>
      <unit label="chapter" identifier="4" level="2">Regulation Of Relations With Affiliated Interests</unit>
   </structure>
   <section_number>56-87</section_number>
   <catch_line>Rules of Commission to carry out chapter</catch_line>
   <history>1934, p. 746; 1938, p. 23; Michie Code 1942, § 3774k.</history>
   <text>The Commission is empowered to promulgate such rules and regulations as it may deem necessary or proper to carry out the provisions of this chapter.</text>
</law>