<?xml version="1.0" encoding="utf-8"?>
<law xmlns:xs="http://www.w3.org/2001/XMLSchema" xmlns:orig="http://StatRev.xsd"
     xmlns:fn="http://localhost/">
   <structure>
      <unit label="title" identifier="54.1" level="1">Professions And Occupations</unit>
      <unit label="subtitle" identifier="III" level="2">Professions And Occupations Regulated By Boards Within The Department Of Health Professions</unit>
      <unit label="chapter" identifier="35" level="3">Professional Counseling</unit>
      <unit label="article" identifier="2" level="4">Rehabilitation Providers</unit>
   </structure>
   <section_number>54.1-3514</section_number>
   <catch_line>Certification of existing providers</catch_line>
   <history>1994, c. 558; 2000, c. 473.</history>
   <text>The Board of Counseling upon receipt of a completed application and payment of the prescribed fee on or before June 30, 1995, shall issue a certificate to any person who was actively engaged in providing rehabilitation services on January 1, 1994.</text>
</law>